{"type":"FeatureCollection","crs":{"type":"name","properties":{"name":"urn:ogc:def:crs:OGC:1.3:CRS84"}},"features":[{"type":"Feature","id":1,"properties":{"zone_id":1,"zone":"Newark Airport","borough":"EWR","service_zone":"EWR"},"geometry":{"type":"Polygon","coordinates":[[[-74.18563199999994,40.69164800000007],[-74.18284199999994,40.703465000000065],[-74.17699199999998,40.7061380000001],[-74.17565999999994,40.70738000000007],[-74.17133999999999,40.70796500000009],[-74.16081899999995,40.70764100000009],[-74.15306999999996,40.70528300000009],[-74.16290699999996,40.68987500000005],[-74.16479699999996,40.689758000000076],[-74.16604799999999,40.68655400000007],[-74.17283399999997,40.676564000000084],[-74.17709099999996,40.671785000000085],[-74.17888199999999,40.67100200000008],[-74.18503799999996,40.67336000000008],[-74.18991599999998,40.681541000000074],[-74.18922299999997,40.6886240000001],[-74.18563199999994,40.69164800000007]]]}},{"type":"Feature","id":2,"properties":{"zone_id":2,"zone":"Jamaica Bay","borough":"Queens","service_zone":"Boro Zone"},"geometry":{"type":"MultiPolygon","coordinates":[[[[-73.86896292210412,40.58169379478886],[-73.87115922675414,40.5868738879675],[-73.86981356482104,40.589460926788384],[-73.86635052164085,40.59189267656487],[-73.86430826692539,40.59141474432658],[-73.86125299377363,40.58798808592143],[-73.86192220398715,40.58566854822574],[-73.86327471071941,40.58387684853203],[-73.86651827430362,40.58230053828581],[-73.86896292210412,40.58169379478886]]],[[[-73.83624456552002,40.594496397755236],[-73.83527199389948,40.594473517514686],[-73.8325749810638,40.59211820911415],[-73.83314190531755,40.59158177393077],[-73.83422638358282,40.59193256281563],[-73.8341504267253,40.591301171794285],[-73.83256110970056,40.59132572977685],[-73.83253569485043,40.590218935798546],[-73.83495422767699,40.5897281556182],[-73.8333280477052,40.589836595828885],[-73.83359681259313,40.58932862547911],[-73.83719541135855,40.58969911736312],[-73.83946303818477,40.59225656848928],[-73.83996340087272,40.5918735390121],[-73.8398907019092,40.59280021149405],[-73.84081016081028,40.59291968620388],[-73.84135823835017,40.59213335791981],[-73.84220507443722,40.59315800469301],[-73.84385894083933,40.59342531196078],[-73.84331153839406,40.5944230329772],[-73.83902964248091,40.596253484748864],[-73.83743435500348,40.595800443014056],[-73.83624456552002,40.594496397755236]]],[[[-73.87020899836229,40.596954232789564],[-73.86952707548932,40.5987137503546],[-73.86967070711478,40.59668856362231],[-73.87020899836229,40.596954232789564]]],[[[-73.85436974704125,40.5966921104025],[-73.85716132350703,40.596043697864836],[-73.86044420534076,40.59647190559648],[-73.86328663134141,40.599810042163426],[-73.86187189847233,40.60216432581612],[-73.86078169166855,40.60260840025645],[-73.85482595782968,40.601867195353826],[-73.85276838155842,40.60094885402612],[-73.85076748001559,40.59883944383761],[-73.85436974704125,40.5966921104025]]],[[[-73.87108141811476,40.5989011474703],[-73.87049411914771,40.602604446204786],[-73.87019491489939,40.59899640590209],[-73.87108141811476,40.5989011474703]]],[[[-73.86702905185577,40.603743388854134],[-73.8676819415421,40.60307076667754],[-73.8683080846461,40.60313916114634],[-73.86793505372694,40.60396113545315],[-73.86702905185577,40.603743388854134]]],[[[-73.82629763015808,40.607817072229906],[-73.82590092720766,40.60646593064963],[-73.82861671457653,40.605838484137806],[-73.82815085191196,40.60795028983312],[-73.82629763015808,40.607817072229906]]],[[[-73.87300122724774,40.61055545846007],[-73.8710387011171,40.60972358252673],[-73.86966442958492,40.606540123413104],[-73.87109330768071,40.60469417399488],[-73.87300122724774,40.61055545846007]]],[[[-73.86874317559169,40.6070351792795],[-73.86868468826752,40.60824115818412],[-73.86777501561137,40.60853948877849],[-73.86702399475149,40.60806817876962],[-73.86874317559169,40.6070351792795]]],[[[-73.83610156628845,40.607362793823484],[-73.83252192275347,40.610384993604015],[-73.83032947905777,40.608487879916694],[-73.83045815392721,40.60666920140341],[-73.83587601623029,40.605636907545765],[-73.83610156628845,40.607362793823484]]],[[[-73.82607472604538,40.60843779954632],[-73.82771104235977,40.60839866813091],[-73.82805077260065,40.610046296865484],[-73.82688326414805,40.60959667806961],[-73.82607472604538,40.60843779954632]]],[[[-73.83825667290532,40.61384721621661],[-73.8407944240835,40.60564326638284],[-73.8471480968766,40.60361424219217],[-73.85179402215192,40.60689716858387],[-73.84779013405834,40.609235385263],[-73.84816769367677,40.61253422829766],[-73.84614804513843,40.61772842036652],[-73.84304421296773,40.61773769639063],[-73.84283573528793,40.616609436163806],[-73.84400850201834,40.61704136615374],[-73.84454193473682,40.614867921675334],[-73.8409994253963,40.613029126216325],[-73.83825667290532,40.61384721621661]]],[[[-73.84973986306498,40.615156058143505],[-73.85010857555366,40.610212193346186],[-73.8551559228834,40.60612051300169],[-73.85708638173246,40.606468242933744],[-73.85704052727723,40.60829948887618],[-73.85901755318278,40.60947575392528],[-73.85924855452187,40.61125483087444],[-73.85648360749232,40.613190694863995],[-73.85858056782772,40.61691708722204],[-73.85523067631884,40.61613145335817],[-73.85530325465119,40.61314541357298],[-73.85236704384849,40.6131559890769],[-73.85376845962072,40.61408759651698],[-73.85263195046835,40.61509408190914],[-73.84973986306498,40.615156058143505]]],[[[-73.86498193495926,40.62566070604122],[-73.86626127665735,40.618456348024154],[-73.8782477932424,40.61544460833173],[-73.87481386865049,40.623587189183844],[-73.86684384142526,40.62782924286044],[-73.86498193495926,40.62566070604122]]],[[[-73.8461475400832,40.622223609607964],[-73.84847781581286,40.62241878479074],[-73.85665510191748,40.619993649188544],[-73.86107132214268,40.61771207937076],[-73.86364988794934,40.61787877364259],[-73.86404106276487,40.61920759671422],[-73.86151825485233,40.619049218399425],[-73.86102883383384,40.624138986994275],[-73.86347880947005,40.62338860931602],[-73.86334955670225,40.62592490877795],[-73.86137632465496,40.62597915399327],[-73.86041082270874,40.62516691297774],[-73.85861338934723,40.62796202232824],[-73.8565055097758,40.62909735372677],[-73.8561347984124,40.62828091127307],[-73.8539654419115,40.62761094389807],[-73.85436931062769,40.628817676544074],[-73.85071696108572,40.628002992109636],[-73.84846868196166,40.629643330753396],[-73.84734350666976,40.62909473971645],[-73.84984630167418,40.62622449074612],[-73.8472783772798,40.62662166979214],[-73.84504991718353,40.62541106188381],[-73.84358010755503,40.623178164184594],[-73.8461475400832,40.622223609607964]]],[[[-73.83623731597828,40.631110861231925],[-73.84110205447425,40.62455643651535],[-73.84445711462237,40.62984779444017],[-73.842423745765,40.63153254924444],[-73.83765174362401,40.63283973295618],[-73.83623731597828,40.631110861231925]]],[[[-73.84352007697278,40.63650368532811],[-73.84504859278633,40.63317483899985],[-73.84721834832125,40.63196568670625],[-73.84858996643929,40.63013198680673],[-73.8585583634798,40.63045828819578],[-73.8561374187591,40.63508154601489],[-73.84667914840234,40.638731711757345],[-73.84352007697278,40.63650368532811]]],[[[-73.82439004315057,40.59909811302663],[-73.82395871079126,40.59887689683872],[-73.82477088992478,40.59839184387439],[-73.82452624858544,40.59912902722345],[-73.82439004315057,40.59909811302663]]],[[[-73.82303195183424,40.59993051694233],[-73.82292757811202,40.60006142816328],[-73.8230043654241,40.59992561919826],[-73.82303195183424,40.59993051694233]]],[[[-73.8231174097477,40.600079492525545],[-73.82317356168161,40.599978005155975],[-73.82318015964296,40.600083849028316],[-73.8231174097477,40.600079492525545]]],[[[-73.80992146111767,40.60178709534246],[-73.81029011586071,40.59899167007254],[-73.81157550345522,40.598141199259736],[-73.81444738136224,40.600543168853854],[-73.81501471568424,40.60205629156373],[-73.8142869369858,40.604455666221874],[-73.81085365186647,40.60322371301453],[-73.80992146111767,40.60178709534246]]],[[[-73.81546066483351,40.60642813700761],[-73.81552536723665,40.606407380282135],[-73.81574174081904,40.6064652451179],[-73.81546066483351,40.60642813700761]]],[[[-73.79696327795033,40.60411784876799],[-73.8012001966788,40.603912200652275],[-73.80428530678597,40.60451927953078],[-73.80520676583323,40.60673953810037],[-73.80419695590167,40.60874419903578],[-73.80159206744115,40.61023096250147],[-73.79878198680099,40.6103332756893],[-73.79630654215427,40.60933803253837],[-73.79352152715475,40.60632759139612],[-73.79399754952593,40.60608015346283],[-73.79509002319158,40.6072710601058],[-73.79424799033224,40.605900380031834],[-73.79696327795033,40.60411784876799]]],[[[-73.81450261566708,40.61105847350562],[-73.81520720849484,40.609816733796876],[-73.81559858789666,40.610672516164904],[-73.81450261566708,40.61105847350562]]],[[[-73.81420926754464,40.61470344327018],[-73.81549526637583,40.61403981513336],[-73.81503638494628,40.6129762137496],[-73.81615626666235,40.61294211575516],[-73.81643150389779,40.61428233496514],[-73.81420926754464,40.61470344327018]]],[[[-73.79030507811355,40.62258256310251],[-73.78419483298926,40.620892669955296],[-73.78521543076681,40.6200634937446],[-73.78446087067887,40.61702783512991],[-73.78070887195283,40.61402680900607],[-73.78355221437404,40.611924451981075],[-73.78497523353337,40.61192957008834],[-73.78577809315796,40.6109934770709],[-73.78865910627547,40.610090594226996],[-73.79139721011911,40.60761085525013],[-73.79117287672476,40.608474599109016],[-73.79365104095642,40.60898581496934],[-73.79480633875043,40.6103783604814],[-73.79898529394339,40.611482457719354],[-73.79917318059519,40.612026246932004],[-73.80080125919478,40.61193390448179],[-73.79931694077327,40.61335822059174],[-73.79903903505591,40.615550542484186],[-73.79727592537725,40.616660412916964],[-73.79456630193827,40.62261586582302],[-73.79030507811355,40.62258256310251]]],[[[-73.7667193110134,40.615003632864884],[-73.77397692018825,40.61600357567166],[-73.76873454755717,40.620900868220424],[-73.76745926975256,40.62051132203145],[-73.7667193110134,40.615003632864884]]],[[[-73.79921493427757,40.62408471298871],[-73.79403741688607,40.62563519595513],[-73.7936292748135,40.62515647619514],[-73.79809093107173,40.62306294824451],[-73.79951085673736,40.62117553302115],[-73.79992057632683,40.61857524016618],[-73.80172498640164,40.61996700873188],[-73.80128049504093,40.61587983974775],[-73.80270343867807,40.613580652321914],[-73.80508906012292,40.61343256041963],[-73.80476592616557,40.61580099137107],[-73.80764116896117,40.62119965469245],[-73.80698502381061,40.623871998830204],[-73.8001117714566,40.62692744198728],[-73.80092841565032,40.62752410489585],[-73.79783533398513,40.627408716571715],[-73.79566256726106,40.62611400432799],[-73.79921493427757,40.62408471298871]]],[[[-73.7718065553057,40.623481909990886],[-73.7720313143135,40.622991212903166],[-73.77511891254431,40.61923384748756],[-73.7723626016271,40.62314732600451],[-73.7718065553057,40.623481909990886]]],[[[-73.81185181296344,40.622097618374106],[-73.8102406650499,40.61648764065441],[-73.81089990481605,40.61621847134116],[-73.81449543302412,40.62239494530548],[-73.81418278559646,40.623694631558294],[-73.81679073502552,40.626348918121366],[-73.81383288662272,40.62592623399779],[-73.81627026043981,40.627145805917294],[-73.81720935727391,40.629106351152544],[-73.8173057692762,40.63062197379802],[-73.81637181200166,40.63137272824933],[-73.81391733219806,40.6307763922183],[-73.81307233892618,40.62926109964283],[-73.81352502122874,40.62730617268615],[-73.81258556038132,40.62837191618393],[-73.81129432207656,40.6247037790006],[-73.81185181296344,40.622097618374106]]],[[[-73.77348616522502,40.62508511816374],[-73.77383258726536,40.62494484825365],[-73.77348560409436,40.62511314810942],[-73.77348616522502,40.62508511816374]]],[[[-73.82419327293157,40.63995327448797],[-73.82059122816396,40.628924225017485],[-73.81973384601805,40.627712304087275],[-73.81796414839563,40.62710556569698],[-73.81611483429543,40.624604655173236],[-73.8167299805857,40.62387151407277],[-73.81795284720685,40.62409328011764],[-73.81889389047457,40.622629158032844],[-73.81778718310667,40.6216263317763],[-73.81653074259579,40.622002518748175],[-73.81571468044605,40.621489551517136],[-73.81543174704264,40.62011653124242],[-73.81718053878453,40.619267274493396],[-73.81777429834523,40.61750112169584],[-73.81652681189121,40.614947009580256],[-73.82141601599992,40.61505476300013],[-73.8238246859766,40.61149866495528],[-73.82575322105271,40.61419208154027],[-73.82725636632989,40.61337871412474],[-73.82750222609539,40.6142046667204],[-73.83054575285917,40.61493306078085],[-73.83434168122284,40.614365437197634],[-73.83779167484144,40.61555965034307],[-73.83496222645587,40.61778030881197],[-73.83574706558578,40.619611526330004],[-73.83477206006914,40.61984414546839],[-73.83514355859735,40.62548708279686],[-73.83342230809954,40.62678198346229],[-73.83464377224975,40.627427079424535],[-73.83196080768154,40.62965272987955],[-73.83115393179625,40.63256052752972],[-73.83340607979225,40.63850135589916],[-73.8322165881916,40.63892849022097],[-73.82808567353285,40.63587972683671],[-73.8254739404821,40.63579501939513],[-73.82443032497055,40.63621652104099],[-73.82419327293157,40.63995327448797]]],[[[-73.79811872226199,40.631037509261304],[-73.79119486069375,40.63414821967507],[-73.7908111127525,40.63431035575545],[-73.79811872226199,40.631037509261304]]]]}},{"type":"Feature","id":3,"properties":{"zone_id":3,"zone":"Allerton/Pelham Gardens","borough":"Bronx","service_zone":"Boro Zone"},"geometry":{"type":"Polygon","coordinates":[[[-73.84792614099985,40.87134223400012],[-73.82950892699994,40.86184121300006],[-73.82847346699994,40.8607313530001],[-73.83681918499988,40.8572768090001],[-73.84739746999989,40.85868254600013],[-73.8566377469999,40.85811917200009],[-73.85780378799993,40.86303621700007],[-73.85961281199982,40.86551271800006],[-73.86156274099987,40.86554946400009],[-73.86137924099984,40.87133651200009],[-73.85661382499993,40.871250167000106],[-73.85651292399993,40.87421779300013],[-73.84792614099985,40.87134223400012]]]}},{"type":"Feature","id":4,"properties":{"zone_id":4,"zone":"Alphabet City","borough":"Manhattan","service_zone":"Yellow Zone"},"geometry":{"type":"Polygon","coordinates":[[[-73.97205015299988,40.726880946000065],[-73.97347975574512,40.718861429113055],[-73.97722379199992,40.71930977500009],[-73.9838238729998,40.72147287200007],[-73.97802697999985,40.72943306000018],[-73.97205015299988,40.726880946000065]]]}},{"type":"Feature","id":5,"properties":{"zone_id":5,"zone":"Arden Heights","borough":"Staten Island","service_zone":"Boro Zone"},"geometry":{"type":"Polygon","coordinates":[[[-74.18180816599994,40.56538457900012],[-74.17185166499996,40.5615209230001],[-74.17512402999996,40.55762003800012],[-74.18018524699995,40.54837960900012],[-74.18903145199995,40.53815934200008],[-74.19377169299999,40.53583384700012],[-74.20314825999996,40.55606178500006],[-74.20046730799992,40.55623049100008],[-74.19317388399995,40.56260434400012],[-74.19101021699996,40.56256940200011],[-74.18340311699991,40.56540496200012],[-74.18180816599994,40.56538457900012]]]}},{"type":"Feature","id":6,"properties":{"zone_id":6,"zone":"Arrochar/Fort Wadsworth","borough":"Staten Island","service_zone":"Boro Zone"},"geometry":{"type":"Polygon","coordinates":[[[-74.06367318899999,40.60219816600014],[-74.0651709129999,40.60421350800009],[-74.05685812390232,40.60805635777275],[-74.0560104141088,40.60678056613219],[-74.05381069805436,40.60591271885318],[-74.0534070583946,40.60052266104411],[-74.05222826954189,40.599776102303835],[-74.05447422333906,40.598755539548584],[-74.06503332378131,40.588990998435385],[-74.06728410699992,40.59098620300007],[-74.07043976099992,40.59673474700007],[-74.07888191699986,40.59394279100013],[-74.0784669379999,40.593300012000086],[-74.08173342999991,40.59215628600006],[-74.08376862299998,40.59552095700013],[-74.08587511899997,40.595890121000046],[-74.08497132899997,40.597325110000064],[-74.0814942209999,40.59908199100013],[-74.08184498199992,40.601535197000125],[-74.08383802499996,40.601925767000125],[-74.08947630599992,40.600904322000105],[-74.09172051499995,40.59922085700006],[-74.09288850399999,40.60126785100009],[-74.09269213899992,40.60651384700005],[-74.09045495899996,40.609094526000106],[-74.08341933399991,40.60652250900013],[-74.07298106899998,40.60546993000004],[-74.06367318899999,40.60219816600014]]]}},{"type":"Feature","id":7,"properties":{"zone_id":7,"zone":"Astoria","borough":"Queens","service_zone":"Boro Zone"},"geometry":{"type":"Polygon","coordinates":[[[-73.91811686499992,40.770028486000086],[-73.90202516599992,40.76741678400007],[-73.90779405499987,40.76051780000009],[-73.90631505099988,40.759843876000105],[-73.91023124699991,40.752976523000065],[-73.91763192900005,40.75385784900012],[-73.92562743799995,40.75213724500009],[-73.92415699999985,40.753961142000044],[-73.93679091699993,40.75988288100013],[-73.93398092100001,40.76282598200005],[-73.93700478599986,40.76423995400015],[-73.93600532399995,40.76588489500006],[-73.93858976899998,40.7668173590001],[-73.93618379699991,40.76769180100012],[-73.93493511099992,40.76701302400007],[-73.93344468499993,40.7688177900001],[-73.92425288799978,40.76472456400014],[-73.92218946199995,40.76726735700008],[-73.91977764799998,40.766152184000106],[-73.91849336999996,40.76773465700013],[-73.91995596899991,40.76844006500006],[-73.91811686499992,40.770028486000086]]]}},{"type":"Feature","id":8,"properties":{"zone_id":8,"zone":"Astoria Park","borough":"Queens","service_zone":"Boro Zone"},"geometry":{"type":"Polygon","coordinates":[[[-73.92334041500001,40.77512891200012],[-73.92398142899997,40.77461511200009],[-73.92827730816353,40.776898975162354],[-73.92423363003755,40.779101193882894],[-73.91996458796496,40.78263506876845],[-73.91796581399997,40.78125629100007],[-73.92375761299998,40.776547012000094],[-73.92334041500001,40.77512891200012]]]}},{"type":"Feature","id":9,"properties":{"zone_id":9,"zone":"Auburndale","borough":"Queens","service_zone":"Boro Zone"},"geometry":{"type":"Polygon","coordinates":[[[-73.78571993599994,40.76292146500005],[-73.77573836999991,40.743325647000134],[-73.79640218700004,40.73828235800007],[-73.79723084999992,40.74169550700012],[-73.79501285899983,40.74373704500005],[-73.79445869199989,40.745436954000155],[-73.79472264899997,40.74759933000009],[-73.79729524699995,40.74943505300006],[-73.7947190109999,40.7506476170001],[-73.79493246199993,40.757798030000124],[-73.79031517,40.757823451000085],[-73.79076004599987,40.7609857690001],[-73.79343991199988,40.76076412800012],[-73.79302551399985,40.76462119200006],[-73.7939591469999,40.764695320000094],[-73.79317944599984,40.77040317800009],[-73.78836856600003,40.76443842900007],[-73.78571993599994,40.76292146500005]]]}},{"type":"Feature","id":10,"properties":{"zone_id":10,"zone":"Baisley Park","borough":"Queens","service_zone":"Boro Zone"},"geometry":{"type":"Polygon","coordinates":[[[-73.78326624999988,40.68999429300012],[-73.78234452799988,40.688407437000144],[-73.78148675699995,40.688697183000095],[-73.77966850599998,40.68537712300015],[-73.77699767599997,40.68628268900012],[-73.77418414899984,40.68323792100009],[-73.77328703999997,40.683454731000076],[-73.77220275299987,40.6816103390001],[-73.78025859499995,40.67784092400009],[-73.78397384099986,40.67511760900012],[-73.78573730899993,40.67238503500006],[-73.78808647399985,40.6730096270001],[-73.78940999399991,40.66684115800013],[-73.80155565300004,40.6667533640001],[-73.80142836799988,40.67366683400008],[-73.80576840199991,40.68293239100013],[-73.79898209099989,40.6848587370001],[-73.79995042799996,40.686827719000114],[-73.79561486799987,40.6886568910001],[-73.793908417,40.68630469100005],[-73.78326624999988,40.68999429300012]]]}},{"type":"Feature","id":11,"properties":{"zone_id":11,"zone":"Bath Beach","borough":"Brooklyn","service_zone":"Boro Zone"},"geometry":{"type":"Polygon","coordinates":[[[-74.00493448899992,40.60507440600008],[-73.99559320799995,40.60023222200006],[-74.00200394754667,40.594132371138],[-74.00552621986131,40.59753915407091],[-74.01041238886523,40.60047518174641],[-74.01478363716735,40.60208210297099],[-74.01942760861903,40.60287157842546],[-74.01549854999998,40.60684152400013],[-74.01701910199995,40.607654417000134],[-74.01050403599997,40.61389661100006],[-74.00094408399997,40.608639710000084],[-74.00493448899992,40.60507440600008]]]}},{"type":"Feature","id":12,"properties":{"zone_id":12,"zone":"Battery Park","borough":"Manhattan","service_zone":"Yellow Zone"},"geometry":{"type":"Polygon","coordinates":[[[-74.01668613099999,40.70479933800012],[-74.01425861399994,40.70448944300011],[-74.01376867799992,40.70114326300009],[-74.014220631955,40.70011149186848],[-74.0176479750685,40.70349459987974],[-74.01668613099999,40.70479933800012]]]}},{"type":"Feature","id":13,"properties":{"zone_id":13,"zone":"Battery Park City","borough":"Manhattan","service_zone":"Yellow Zone"},"geometry":{"type":"Polygon","coordinates":[[[-74.01244109299991,40.719057673000094],[-74.01495415399995,40.70943269200014],[-74.01668714699993,40.70474394200006],[-74.01781758697946,40.703937922496806],[-74.01866830837966,40.70443524062144],[-74.01748086152578,40.70466748769634],[-74.01888746649365,40.704729148837586],[-74.01934254624483,40.7060936730299],[-74.01819029259642,40.70782162611019],[-74.01885500911972,40.70804753444756],[-74.01777014254499,40.712834574789355],[-74.01662424425285,40.712157318995494],[-74.01632006627581,40.713407982478444],[-74.01754443334657,40.713611222664476],[-74.01772496219284,40.71307018162293],[-74.01671018605829,40.71862417605817],[-74.01321322719183,40.71831571989598],[-74.01244109299991,40.719057673000094]]]}},{"type":"Feature","id":14,"properties":{"zone_id":14,"zone":"Bay Ridge","borough":"Brooklyn","service_zone":"Boro Zone"},"geometry":{"type":"Polygon","coordinates":[[[-74.03407329297129,40.644313932982044],[-74.02626267299999,40.64009438100007],[-74.02695244699993,40.639446065000186],[-74.02475437599998,40.63812141800009],[-74.02108051399998,40.64149093700015],[-74.02141038399992,40.638584903000044],[-74.016835401,40.63535542900014],[-74.016020101,40.633317114000164],[-74.01514630699995,40.63322193800012],[-74.01970491599991,40.62218496500011],[-74.02525327199992,40.616678458000145],[-74.02754297299998,40.61293718300007],[-74.02637609099996,40.61245060300012],[-74.02710660599995,40.61024395600011],[-74.02478376299999,40.60969962900003],[-74.0245785549999,40.610223302000115],[-74.02150602899994,40.60782209900012],[-74.02247769499994,40.60667421600008],[-74.02078541,40.605673686000074],[-74.02139467299999,40.604493998000116],[-74.01869135799996,40.60360792400013],[-74.01942760861903,40.60287157842546],[-74.03005146547684,40.60475917381215],[-74.03213159551309,40.605901836264444],[-74.03603977777905,40.60929563900206],[-74.04038132338673,40.61534178232863],[-74.04189123741789,40.62406041493],[-74.04108656611493,40.63009852389548],[-74.03680662048858,40.63898422154576],[-74.03876297920752,40.63958825898071],[-74.03672484374877,40.63914119020687],[-74.03571276150724,40.640640154046686],[-74.03675840317513,40.641611762714135],[-74.03407329297129,40.644313932982044]]]}},{"type":"Feature","id":15,"properties":{"zone_id":15,"zone":"Bay Terrace/Fort Totten","borough":"Queens","service_zone":"Boro Zone"},"geometry":{"type":"Polygon","coordinates":[[[-73.7774039129087,40.79659824126802],[-73.77437784429105,40.7944951882747],[-73.77063124537418,40.78846290603735],[-73.77426836058959,40.78675665865494],[-73.77633728818715,40.788487225753954],[-73.76820055460033,40.77944417919115],[-73.76702392346498,40.78008623415847],[-73.76677570373936,40.77981245869855],[-73.76816173051576,40.77939682124218],[-73.76782207615057,40.77881037615681],[-73.7685730499999,40.779105429000104],[-73.77553732199992,40.77702559800011],[-73.77583958299994,40.77861237200006],[-73.79565702099983,40.77303608600011],[-73.79853009399987,40.775190729000116],[-73.80379022899989,40.775610112000116],[-73.80242791699987,40.786068274000094],[-73.79491977600001,40.78633880800005],[-73.79058298999988,40.78819291000009],[-73.79179280401884,40.78935161654946],[-73.79028202353196,40.790316963399924],[-73.78568101301406,40.790340671660175],[-73.78253080663518,40.79127678943212],[-73.78434153059591,40.791749353795055],[-73.78174708763096,40.79113340664466],[-73.78077503139014,40.79299070534074],[-73.78166011555379,40.79348202031321],[-73.7807243506983,40.79333361882438],[-73.78079182072646,40.79403591986458],[-73.78190385421033,40.794901203894334],[-73.78325271025878,40.79492032976615],[-73.78200326103361,40.79497546250376],[-73.7793624680482,40.796685392535096],[-73.7774039129087,40.79659824126802]]]}},{"type":"Feature","id":16,"properties":{"zone_id":16,"zone":"Bayside","borough":"Queens","service_zone":"Boro Zone"},"geometry":{"type":"Polygon","coordinates":[[[-73.7685730499999,40.779105429000104],[-73.76510436820205,40.773799038723254],[-73.75893512093685,40.76833432851615],[-73.75864264358073,40.767357170035645],[-73.75377036482266,40.765304631241634],[-73.75921689799992,40.76432485600007],[-73.75784858699993,40.76256680000012],[-73.75848075099995,40.76199473700011],[-73.75800131799996,40.760379867000076],[-73.76239510499991,40.7594969980001],[-73.76184343999986,40.75553726900009],[-73.75684127399991,40.74932207700006],[-73.7724146099999,40.74388484500012],[-73.77573836999991,40.743325647000134],[-73.78546383099984,40.76259192500007],[-73.78836856600003,40.76443842900007],[-73.79565702099983,40.77303608600011],[-73.7767836329999,40.778409583000055],[-73.77583958299994,40.77861237200006],[-73.77553732199992,40.77702559800011],[-73.7685730499999,40.779105429000104]]]}},{"type":"Feature","id":17,"properties":{"zone_id":17,"zone":"Bedford","borough":"Brooklyn","service_zone":"Boro Zone"},"geometry":{"type":"Polygon","coordinates":[[[-73.94705205299991,40.70366394900007],[-73.94193078899983,40.700725234000096],[-73.94438788599984,40.70042452300014],[-73.94032794,40.679889975000066],[-73.9533701749999,40.68064050800008],[-73.95468418899998,40.68724485400006],[-73.95956770199984,40.68668255500014],[-73.96029281699998,40.69034625000013],[-73.95541057999996,40.69090829200013],[-73.95614239299985,40.6945790190001],[-73.96015854699986,40.694117309000085],[-73.96105100699991,40.69832607900008],[-73.95701993199991,40.69897391400014],[-73.95745736399992,40.700822603000134],[-73.95381196900003,40.7031809800001],[-73.95128819399989,40.700922365000075],[-73.94705205299991,40.70366394900007]]]}},{"type":"Feature","id":18,"properties":{"zone_id":18,"zone":"Bedford Park","borough":"Bronx","service_zone":"Boro Zone"},"geometry":{"type":"Polygon","coordinates":[[[-73.88146889699983,40.8685736460001],[-73.8881227879999,40.86425457100007],[-73.88889566099989,40.864754153000064],[-73.89381026099987,40.85898656500014],[-73.8946932639999,40.85942628200011],[-73.89573924699978,40.85813820700007],[-73.89883814599983,40.85930730800009],[-73.897143798,40.86244506500012],[-73.89943670799998,40.86211691200005],[-73.90107966999994,40.862756383000104],[-73.8974032329998,40.86747419000011],[-73.89438130299993,40.86606885100016],[-73.89157400099995,40.86968425200016],[-73.88785196299986,40.87211417600009],[-73.88937163799983,40.87338229800013],[-73.88773577599993,40.877033882000056],[-73.88527683199987,40.87921766900008],[-73.88345579299984,40.87605609500014],[-73.88146889699983,40.8685736460001]]]}},{"type":"Feature","id":19,"properties":{"zone_id":19,"zone":"Bellerose","borough":"Queens","service_zone":"Boro Zone"},"geometry":{"type":"Polygon","coordinates":[[[-73.72339596299987,40.75038907600004],[-73.72258571899978,40.7488504510001],[-73.72010148299994,40.7497756860001],[-73.71544946799989,40.73921680400015],[-73.71147804899985,40.73250140100007],[-73.71049995381028,40.72722708720683],[-73.71828706789265,40.726041111135366],[-73.72816233910696,40.72308413989148],[-73.72836415399992,40.723614352000055],[-73.72990512499977,40.72327249500014],[-73.7314721509999,40.727411795000116],[-73.74555667199989,40.73063689800014],[-73.74672140400004,40.73247715100009],[-73.73901210399985,40.73974647900016],[-73.7310646189999,40.74488837600008],[-73.728962516,40.74763288800005],[-73.72829094199989,40.74745895700011],[-73.727664654,40.74965464200013],[-73.72627213299992,40.74930649100004],[-73.72339596299987,40.75038907600004]]]}},{"type":"Feature","id":20,"properties":{"zone_id":20,"zone":"Belmont","borough":"Bronx","service_zone":"Boro Zone"},"geometry":{"type":"Polygon","coordinates":[[[-73.88386792099986,40.86429088900009],[-73.88060896899991,40.860357093000076],[-73.88073042799992,40.85667660500008],[-73.88311982600001,40.84822109200013],[-73.88987871399985,40.85207022100015],[-73.88960978099986,40.85362188000012],[-73.89109710400002,40.856779814000085],[-73.89112568799987,40.86006182500014],[-73.89027555599993,40.861109073000144],[-73.89177188799992,40.8618717160001],[-73.88889566099989,40.864754153000064],[-73.8881227879999,40.86425457100007],[-73.88362518100003,40.86725758800009],[-73.88267624699999,40.86608914100005],[-73.88386792099986,40.86429088900009]]]}},{"type":"Feature","id":21,"properties":{"zone_id":21,"zone":"Bensonhurst East","borough":"Brooklyn","service_zone":"Boro Zone"},"geometry":{"type":"Polygon","coordinates":[[[-73.97477658,40.6126384750001],[-73.97403097799986,40.608702310000105],[-73.97299433999983,40.60881414200008],[-73.97217742800002,40.60419471200005],[-73.97291116900001,40.59931580400016],[-73.9719108049999,40.5994230590001],[-73.97148350899987,40.597171585000154],[-73.98035785499995,40.59619154100013],[-73.97995443499985,40.59407381200009],[-73.98463965399982,40.59355217600009],[-73.98601936799993,40.59444604900009],[-73.98962150099992,40.590981993000156],[-73.99036425099996,40.59143193200012],[-73.99330855,40.589583899000154],[-73.99375761899992,40.590331844000055],[-73.99801867061471,40.58842540002073],[-73.99867293375554,40.589195549939795],[-73.99923690396953,40.58893532826923],[-73.99837834882115,40.58977044508875],[-73.99877800589593,40.59031435534208],[-73.99710730365224,40.591390755943266],[-73.99806438267662,40.59120946473164],[-73.99754851058395,40.59191757917572],[-74.00004314944917,40.59120428665482],[-73.99900651177178,40.59234777939991],[-73.9994830488618,40.59296919994896],[-73.99530829599992,40.59442758700009],[-73.99674706899995,40.595643126000105],[-73.9868476259999,40.60509723600012],[-73.98913191499994,40.60645613700009],[-73.97963821799982,40.61556454700011],[-73.97477658,40.6126384750001]]]}},{"type":"Feature","id":22,"properties":{"zone_id":22,"zone":"Bensonhurst West","borough":"Brooklyn","service_zone":"Boro Zone"},"geometry":{"type":"Polygon","coordinates":[[[-73.99678847599995,40.62682605100009],[-73.97963821799982,40.61556454700011],[-73.98913191499994,40.60645613700009],[-73.9868476259999,40.60509723600012],[-73.99674706899995,40.595643126000105],[-73.99530829599992,40.59442758700009],[-73.99633951299984,40.59362247500015],[-73.99736802499984,40.59397431100017],[-74.00105748445708,40.59253700506248],[-74.00200394804673,40.59413237113799],[-73.99559320799995,40.60023222200006],[-74.00493448899992,40.60507440600008],[-74.00094408399997,40.608639710000084],[-74.01050403599997,40.61389661100006],[-73.99932090299998,40.624655247000156],[-73.99771358999998,40.62368027000016],[-73.99678847599995,40.62682605100009]]]}},{"type":"Feature","id":23,"properties":{"zone_id":23,"zone":"Bloomfield/Emerson Hill","borough":"Staten Island","service_zone":"Boro Zone"},"geometry":{"type":"Polygon","coordinates":[[[-74.19568609223377,40.63501686464023],[-74.17993706099998,40.62660129700008],[-74.17459706299995,40.62236401100007],[-74.16808086299993,40.6209362560001],[-74.16163010299996,40.61793493600009],[-74.15018666499996,40.609497811000104],[-74.14391816399994,40.607989837000076],[-74.13094002299995,40.60821431200006],[-74.12135179599994,40.60976526800011],[-74.12116879899992,40.608834376000075],[-74.117424665,40.609289009000115],[-74.11587716399993,40.60725747100003],[-74.11487058499988,40.60213666000008],[-74.12059546299996,40.6018097580001],[-74.12070424299995,40.60070598100008],[-74.12506115499997,40.598180056000075],[-74.13091909399999,40.5988550480001],[-74.13385485799995,40.59635784600011],[-74.13864458599996,40.5890608050001],[-74.14790576499992,40.58855634600013],[-74.16025756099997,40.59534393800008],[-74.16189940599996,40.59529877100014],[-74.16369888199995,40.59225833900014],[-74.16360268199993,40.59337419900006],[-74.16886362399997,40.59472808700015],[-74.16719634899995,40.602075312000125],[-74.17260229799992,40.602971491000126],[-74.17488959499995,40.602216573000135],[-74.17822457299992,40.5998280610001],[-74.17932277499995,40.59676057900003],[-74.18730248699987,40.5884882220001],[-74.185371048,40.58745101500008],[-74.19078902199995,40.58518836700011],[-74.19131783599987,40.58570448900016],[-74.1923211319999,40.584913242000106],[-74.1942326139999,40.58514680600012],[-74.19964981299998,40.58226262600011],[-74.20048848899994,40.579949778000106],[-74.20354150699988,40.58043609800014],[-74.20583829199992,40.5798412610001],[-74.20411999295422,40.58585920699784],[-74.204646089432,40.589285745466064],[-74.20201405533584,40.59089579962776],[-74.20246775956575,40.590838824857535],[-74.20305254911503,40.59114054180999],[-74.20202733920699,40.59099907929216],[-74.2023164576832,40.59152396510286],[-74.19974060969567,40.59356466924347],[-74.19751357718701,40.59679898603697],[-74.19875958205294,40.60171197517642],[-74.20221849851052,40.60596967961664],[-74.20281628374593,40.60827082796753],[-74.20244374449518,40.613284693932165],[-74.2003834842897,40.61642809824395],[-74.2010699746938,40.62038154077781],[-74.2004280019192,40.620495411017025],[-74.20163201104123,40.623121565457545],[-74.20078729983089,40.63034627446802],[-74.20040380373977,40.631445820694225],[-74.19568609223377,40.63501686464023]]]}},{"type":"Feature","id":24,"properties":{"zone_id":24,"zone":"Bloomingdale","borough":"Manhattan","service_zone":"Yellow Zone"},"geometry":{"type":"Polygon","coordinates":[[[-73.95817297099987,40.80058254100007],[-73.96004456499999,40.798041235000085],[-73.97287179090726,40.80335618757408],[-73.97110765876137,40.805790139589824],[-73.95817297099987,40.80058254100007]]]}},{"type":"Feature","id":25,"properties":{"zone_id":25,"zone":"Boerum Hill","borough":"Brooklyn","service_zone":"Boro Zone"},"geometry":{"type":"Polygon","coordinates":[[[-73.98155298299992,40.68914616400014],[-73.97804289599988,40.68485661500008],[-73.98175642299985,40.67931462400007],[-73.98610388199985,40.68100852200013],[-73.98653302999993,40.6803726390001],[-73.9876680399999,40.680817810000114],[-73.98722413899985,40.68144730200007],[-73.99490113599975,40.68443023800011],[-73.99236366999985,40.68969012400011],[-73.99054474599986,40.689168105000135],[-73.98902944799994,40.6921238610001],[-73.98155298299992,40.68914616400014]]]}},{"type":"Feature","id":26,"properties":{"zone_id":26,"zone":"Borough Park","borough":"Brooklyn","service_zone":"Boro Zone"},"geometry":{"type":"Polygon","coordinates":[[[-73.98331628499983,40.64147868200009],[-73.98042057899988,40.642385227000105],[-73.97911188699993,40.6354403860001],[-73.9768886119999,40.6356748620001],[-73.97604935699994,40.63127590600006],[-73.97716511999984,40.630746654000085],[-73.97623453700001,40.625976350000094],[-73.9772614999999,40.62585277300011],[-73.97705352899999,40.62153252200007],[-73.97539380499998,40.62076998700015],[-73.97785009299986,40.617287606000104],[-73.97537335500002,40.615754722000084],[-73.97548096999985,40.61631192500008],[-73.97335879399992,40.616541715000096],[-73.97290326899996,40.614152968000056],[-73.97517176999992,40.61472418600011],[-73.97477658,40.6126384750001],[-73.98627524699981,40.61956661700007],[-73.9856935779999,40.62013151400009],[-73.99464972999995,40.62569717900011],[-73.99678847599995,40.62682605100009],[-73.99724067099987,40.62528868700013],[-74.00702302499997,40.63210999500014],[-74.00556490399993,40.633083176000106],[-74.00735636699996,40.6341636270001],[-73.99917564799992,40.64202544200003],[-73.9955103369999,40.63980966700012],[-73.98834986699991,40.64456224400012],[-73.98331628499983,40.64147868200009]]]}},{"type":"Feature","id":27,"properties":{"zone_id":27,"zone":"Breezy Point/Fort Tilden/Riis Beach","borough":"Queens","service_zone":"Boro Zone"},"geometry":{"type":"Polygon","coordinates":[[[-73.86662812000002,40.573057649000106],[-73.86268391251235,40.56650565604372],[-73.86349306360215,40.56703431173422],[-73.86553757257411,40.566571610437535],[-73.86661720554638,40.56609194291052],[-73.86630941232445,40.56554606412502],[-73.86688401059845,40.56608397627625],[-73.8684869484588,40.56552701030175],[-73.8682511755017,40.56506948945983],[-73.868623218271,40.56553800877514],[-73.87062214815259,40.56481330949432],[-73.87027588464693,40.56417465359758],[-73.87091316206462,40.56476458551091],[-73.87263971280453,40.56408418402695],[-73.87237878047286,40.563575116561694],[-73.87321952830246,40.56406390618582],[-73.8949181726631,40.55707879629849],[-73.9027942267973,40.556732995095764],[-73.906585749239,40.5557106253775],[-73.9404740385729,40.542850072149385],[-73.94073681682696,40.54182008707774],[-73.94012975795786,40.548002561293714],[-73.94065273238446,40.5524978174008],[-73.93985107460422,40.55456005374612],[-73.9357061256084,40.55722454588355],[-73.93192118670594,40.55781931945523],[-73.9261572327542,40.56155260972328],[-73.91766081900091,40.56282614968661],[-73.91188319663009,40.56499040523888],[-73.91216181893262,40.56583625156822],[-73.91197024752503,40.56586941753265],[-73.91185809029383,40.56499543800342],[-73.91003762905791,40.56479371060212],[-73.90977170611873,40.56530540530771],[-73.90971684925964,40.565287425461364],[-73.90976258436969,40.56428483692834],[-73.9079482148663,40.56415832398454],[-73.90683894638656,40.56285635934475],[-73.90290669727533,40.56347851099433],[-73.90121507272005,40.563008460632545],[-73.89628126208979,40.5652327217076],[-73.89533259419743,40.56634090417417],[-73.89565980661514,40.567059460980474],[-73.89261013445609,40.56858724728687],[-73.88911103072223,40.56791623669109],[-73.88430973105297,40.56869611953885],[-73.88445665776179,40.567895763406156],[-73.88357670672721,40.568209769754425],[-73.88390427884407,40.5689062042594],[-73.88336927316276,40.56833185924844],[-73.87780808995733,40.56880063006336],[-73.86288301945429,40.57605976112752],[-73.86396642099993,40.57502678700007],[-73.86361132999997,40.57382305700005],[-73.86662812000002,40.573057649000106]]]}},{"type":"Feature","id":28,"properties":{"zone_id":28,"zone":"Briarwood/Jamaica Hills","borough":"Queens","service_zone":"Boro Zone"},"geometry":{"type":"Polygon","coordinates":[[[-73.79201376599997,40.71796768700013],[-73.79362091299996,40.71397534700007],[-73.79303800099989,40.71071107500007],[-73.79776810199988,40.70914318800009],[-73.79870150699992,40.710663377000074],[-73.80130625,40.709742149000164],[-73.80302414799988,40.708139657000146],[-73.80165725599993,40.70576147500004],[-73.8056477309999,40.70467172800014],[-73.80694856299992,40.70736710000009],[-73.81201248599982,40.70594494500013],[-73.81152856899989,40.70227287500012],[-73.81637824499992,40.702451964000076],[-73.82045236499991,40.709774549000095],[-73.82591945199992,40.715989876000116],[-73.8218741769999,40.71691711800005],[-73.81720417899986,40.71584072800012],[-73.80494148499987,40.71599623100015],[-73.79073248899982,40.71920875700006],[-73.79201376599997,40.71796768700013]]]}},{"type":"Feature","id":29,"properties":{"zone_id":29,"zone":"Brighton Beach","borough":"Brooklyn","service_zone":"Boro Zone"},"geometry":{"type":"Polygon","coordinates":[[[-73.96004798699995,40.58326987200016],[-73.95645729099982,40.58265885100012],[-73.95414287899986,40.58310614000012],[-73.95235846771321,40.57427468584544],[-73.95843476359003,40.574088815549096],[-73.9589871897255,40.57343065573209],[-73.95941778299985,40.57517798300013],[-73.96471128899991,40.57478261800002],[-73.9688899589999,40.575261239000056],[-73.96514385199995,40.59110191600009],[-73.9606798409999,40.59159758300016],[-73.96004798699995,40.58326987200016]]]}},{"type":"Feature","id":30,"properties":{"zone_id":30,"zone":"Broad Channel","borough":"Queens","service_zone":"Boro Zone"},"geometry":{"type":"Polygon","coordinates":[[[-73.82075892499992,40.6152326790001],[-73.81652681189118,40.61494701008018],[-73.81475287105245,40.608632796752495],[-73.81598548513719,40.60573350521635],[-73.81739192103247,40.60515812414358],[-73.81849066110368,40.5993895592398],[-73.82071206789055,40.59517051496231],[-73.82135758260134,40.594691009121306],[-73.82480251246255,40.595083161176646],[-73.83048206013673,40.594585938135715],[-73.83465599507487,40.59516845882626],[-73.83439612701622,40.596464205721446],[-73.83239364476839,40.5978033531914],[-73.83062852189495,40.59743342586222],[-73.82948341811623,40.59813394195145],[-73.82806159687702,40.597680402824594],[-73.8259798598142,40.599472067181686],[-73.82465420648664,40.59814924685169],[-73.82376612290612,40.60004007091057],[-73.82146929866911,40.59999372263403],[-73.82443643781227,40.600344983674944],[-73.82445218054455,40.600796962844385],[-73.82294484720244,40.60258290923408],[-73.8229046338875,40.60585127721494],[-73.82126470321425,40.607002850205376],[-73.81961795381072,40.61047904103235],[-73.82082274277886,40.61228099237614],[-73.82128421076361,40.61109692914319],[-73.82048700610763,40.61022437914686],[-73.82161460094558,40.60848031911409],[-73.82186205220738,40.60986921253313],[-73.8238246859766,40.61149866495528],[-73.82234961099986,40.614260026000146],[-73.82075892499992,40.6152326790001]]]}},{"type":"Feature","id":31,"properties":{"zone_id":31,"zone":"Bronx Park","borough":"Bronx","service_zone":"Boro Zone"},"geometry":{"type":"Polygon","coordinates":[[[-73.87094462199981,40.857266081000105],[-73.86841539699994,40.857780358000156],[-73.86990421600002,40.85577329300008],[-73.86823466099995,40.85091373700005],[-73.87109207899995,40.84432478100011],[-73.87459175399982,40.84152064800013],[-73.878171756,40.84262443700007],[-73.87732924099988,40.843983125000136],[-73.88311982600001,40.84822109200013],[-73.88073042799992,40.85667660500008],[-73.88060896899991,40.860357093000076],[-73.88396922299982,40.86481774100004],[-73.88267624699999,40.86608914100005],[-73.8830900319999,40.86659150900013],[-73.87619224900003,40.87047671100009],[-73.87094367500002,40.87851076700016],[-73.86943471300005,40.878129199000135],[-73.87031256699991,40.87583307800004],[-73.87094462199981,40.857266081000105]]]}},{"type":"Feature","id":32,"properties":{"zone_id":32,"zone":"Bronxdale","borough":"Bronx","service_zone":"Boro Zone"},"geometry":{"type":"Polygon","coordinates":[[[-73.8566377469999,40.85811917200009],[-73.8681883059999,40.858063834000156],[-73.87104944999982,40.857304837000164],[-73.87056192499988,40.87151077800014],[-73.86137924099984,40.87133651200009],[-73.86156274099987,40.86554946400009],[-73.85961281199982,40.86551271800006],[-73.85780378799993,40.86303621700007],[-73.8566377469999,40.85811917200009]]]}},{"type":"Feature","id":33,"properties":{"zone_id":33,"zone":"Brooklyn Heights","borough":"Brooklyn","service_zone":"Boro Zone"},"geometry":{"type":"Polygon","coordinates":[[[-73.99619227264343,40.70337714093222],[-73.99325388199995,40.702411971000075],[-73.99087453800003,40.700673117000115],[-73.99097187,40.69254880000012],[-73.98902944799994,40.6921238610001],[-73.99054474599986,40.689168105000135],[-74.00110519399988,40.692056595000146],[-74.00174362072502,40.69240674985285],[-74.0009586845849,40.69406908379126],[-74.00301393814541,40.694777844239745],[-74.00239802583795,40.695711654864674],[-74.00026872377784,40.694965802578196],[-73.99941302433201,40.69635767645351],[-74.00043147340423,40.69705246617872],[-73.99876458027717,40.697120733094174],[-74.0010490305752,40.697908236697636],[-74.00048768562506,40.69875777763471],[-73.9983776068576,40.698063296146266],[-73.99802102725101,40.69876173657397],[-74.00001840433615,40.699466048073795],[-73.9994746383893,40.70032277801846],[-73.99716054243916,40.699792812644276],[-73.99669768997464,40.70087697691733],[-73.99813879899439,40.70151878824861],[-73.99619227264343,40.70337714093222]]]}},{"type":"Feature","id":34,"properties":{"zone_id":34,"zone":"Brooklyn Navy Yard","borough":"Brooklyn","service_zone":"Boro Zone"},"geometry":{"type":"MultiPolygon","coordinates":[[[[-73.97066975742996,40.707259708821674],[-73.97018075572805,40.70492927056703],[-73.96751516691086,40.70343735687832],[-73.96929693837701,40.705088331229824],[-73.96929296374243,40.707093331047965],[-73.96838933699995,40.70682918700009],[-73.96720961999985,40.70425570900014],[-73.96217978199998,40.700220710000096],[-73.96305480199987,40.69739287200013],[-73.9645507049999,40.69610759200006],[-73.9693945009999,40.696080389000045],[-73.9697278989999,40.69780401400004],[-73.98054419199988,40.69824651200008],[-73.98074079499993,40.70127731000017],[-73.97912179285028,40.70552703403634],[-73.97846557848953,40.7055622218646],[-73.97885303360711,40.706065535284786],[-73.97834474852871,40.70599996498779],[-73.97802067326661,40.704290966456384],[-73.97721196339239,40.70421392662442],[-73.97713562625376,40.70300558140271],[-73.97596096344841,40.70471550644067],[-73.9769274918834,40.70279782040056],[-73.97615937292022,40.702171280357035],[-73.97532987393976,40.702951924338535],[-73.97600587845436,40.701946133782016],[-73.97455023388345,40.70159034430496],[-73.97573541084542,40.699570447705774],[-73.97411513926478,40.701305271419464],[-73.97239201397464,40.700166322752466],[-73.973757007132,40.70153413888205],[-73.97318676670886,40.70166980367387],[-73.97078200587988,40.69997866301144],[-73.9733245610394,40.70241265601092],[-73.97283512788735,40.70272874074423],[-73.96948655218084,40.700519061258376],[-73.97283889974949,40.703346428602025],[-73.96924539207352,40.70136474188378],[-73.96898517428966,40.70174708878673],[-73.97465569608046,40.706074262994434],[-73.97347629598461,40.70568628339152],[-73.97254880057812,40.70620449000399],[-73.97462966604415,40.7076810607684],[-73.9742361696854,40.7080243861226],[-73.97109655489108,40.70585005655847],[-73.97232032119902,40.70908288315238],[-73.97066975742996,40.707259708821674]]],[[[-73.98245898620758,40.70554241448633],[-73.98102390618274,40.70589891389374],[-73.98101733900947,40.70579750646798],[-73.98245898620758,40.70554241448633]]],[[[-73.97893110285521,40.70592490623053],[-73.97905767006142,40.70595288905051],[-73.97892920137538,40.70593158987941],[-73.97893110285521,40.70592490623053]]]]}},{"type":"Feature","id":35,"properties":{"zone_id":35,"zone":"Brownsville","borough":"Brooklyn","service_zone":"Boro Zone"},"geometry":{"type":"Polygon","coordinates":[[[-73.90145114700002,40.66365836500013],[-73.90066118699986,40.660586158000115],[-73.89965233299985,40.660735416000136],[-73.89880698499995,40.65740666200007],[-73.90048767199994,40.65714867900007],[-73.90317858399993,40.65531163400011],[-73.90784346399994,40.65459153000008],[-73.90740035699999,40.652843990000086],[-73.90855790499995,40.652095938000066],[-73.91012255699995,40.65585177100014],[-73.91236458899995,40.65551356500004],[-73.9195947979998,40.661995679000036],[-73.92008167099986,40.659857633000065],[-73.92637970499992,40.665514892000104],[-73.90347422300006,40.67550668300005],[-73.90041654099997,40.66380652700014],[-73.90145114700002,40.66365836500013]]]}},{"type":"Feature","id":36,"properties":{"zone_id":36,"zone":"Bushwick North","borough":"Brooklyn","service_zone":"Boro Zone"},"geometry":{"type":"Polygon","coordinates":[[[-73.92189184700005,40.709396097000095],[-73.91180710099985,40.70343495200012],[-73.912904041,40.70236189100013],[-73.91067882699998,40.7010459690001],[-73.91180820099987,40.69993800300007],[-73.9042601839999,40.695700371000086],[-73.90579597099993,40.69412715500006],[-73.90123290699994,40.69144227900016],[-73.904055772,40.68854627800007],[-73.93115533899987,40.70377233500006],[-73.93269784899994,40.703170391000086],[-73.93391870799988,40.7074870260001],[-73.92189184700005,40.709396097000095]]]}},{"type":"Feature","id":37,"properties":{"zone_id":37,"zone":"Bushwick South","borough":"Brooklyn","service_zone":"Boro Zone"},"geometry":{"type":"Polygon","coordinates":[[[-73.93391870799988,40.7074870260001],[-73.93269784899994,40.703170391000086],[-73.93115533899987,40.70377233500006],[-73.90482499699988,40.68880857000014],[-73.904055772,40.68854627800007],[-73.90180467199994,40.69076629800009],[-73.90042465099988,40.68818389800005],[-73.90116154999988,40.6878779350001],[-73.89646625099994,40.68233642200007],[-73.89749312100001,40.680073776000114],[-73.90047001100002,40.679535244000114],[-73.9026226229999,40.68066450300009],[-73.90404639799989,40.67922059800006],[-73.93856854799981,40.698848136000066],[-73.94394947299996,40.698221279000116],[-73.94438788599984,40.70042452300014],[-73.94042057899993,40.70107659800007],[-73.94103009699987,40.70463617700008],[-73.94273448399997,40.704473306000075],[-73.94378799599994,40.71090037900014],[-73.94042251999994,40.71121764800012],[-73.94068803099992,40.71196204800005],[-73.93480281900003,40.713372496000076],[-73.93229708600003,40.7077494470001],[-73.93391870799988,40.7074870260001]]]}},{"type":"Feature","id":38,"properties":{"zone_id":38,"zone":"Cambria Heights","borough":"Queens","service_zone":"Boro Zone"},"geometry":{"type":"Polygon","coordinates":[[[-73.74077675800001,40.70267983800012],[-73.73430403699984,40.70247813100013],[-73.73426455399982,40.70321954200012],[-73.72677759516957,40.70305929119961],[-73.72586264191175,40.68324108097409],[-73.7475517539999,40.68934733600003],[-73.7435928609999,40.69621532500007],[-73.74618157999997,40.696121926000124],[-73.74773012199991,40.6995531370001],[-73.74500119100004,40.70026221300007],[-73.74590871000004,40.70228727400009],[-73.74109293999989,40.703481063000105],[-73.74050336499982,40.70343355600012],[-73.74077675800001,40.70267983800012]]]}},{"type":"Feature","id":39,"properties":{"zone_id":39,"zone":"Canarsie","borough":"Brooklyn","service_zone":"Boro Zone"},"geometry":{"type":"MultiPolygon","coordinates":[[[[-73.89056792961276,40.64920863296736],[-73.89110820334591,40.64883267977276],[-73.88879690848671,40.64605025805656],[-73.8893760297505,40.646974754423304],[-73.88808138892033,40.646620569814516],[-73.88740960156501,40.6453292801244],[-73.88805587182881,40.64511978725748],[-73.88734361665684,40.64522415387119],[-73.88373578781892,40.64245034909442],[-73.8795388800853,40.63821783916046],[-73.87863863904012,40.63829360613025],[-73.87714434884276,40.63597649800392],[-73.88364451728225,40.63094331213878],[-73.88404726149369,40.629560118546685],[-73.88263248433402,40.62827427312708],[-73.88369231571497,40.627559373914245],[-73.88512954023768,40.62882725867157],[-73.88752673706195,40.62833182448265],[-73.89048710394742,40.62622477905827],[-73.89237656551936,40.623733236347945],[-73.89577374598754,40.62251907138497],[-73.89826103011845,40.622989159921985],[-73.90114685492415,40.62568538759822],[-73.90412793207628,40.62630620013444],[-73.91633195427576,40.632038732558534],[-73.91860649599991,40.63209041500007],[-73.91995062999999,40.64470763000009],[-73.90944846399994,40.65152159900011],[-73.90398200599991,40.646628568000075],[-73.895861549,40.651880527000074],[-73.89761013299987,40.65345381600012],[-73.89354677099988,40.65520271400007],[-73.89000589199988,40.65114869700012],[-73.89125147199995,40.65002559700012],[-73.89056792961276,40.64920863296736]]],[[[-73.88829183121514,40.646718719035846],[-73.88853640000424,40.646788426899796],[-73.88846787961647,40.64689973402547],[-73.88829183121514,40.646718719035846]]]]}},{"type":"Feature","id":40,"properties":{"zone_id":40,"zone":"Carroll Gardens","borough":"Brooklyn","service_zone":"Boro Zone"},"geometry":{"type":"Polygon","coordinates":[[[-74.00004865199998,40.68280335600017],[-73.9962084629999,40.68172342500011],[-73.99490113599975,40.68443023800011],[-73.98722413899985,40.68144730200007],[-73.99069861899994,40.675807419000144],[-73.99506451099982,40.675840475000044],[-73.9986188799999,40.671830172000085],[-74.00329231299999,40.67964328800011],[-74.00064737999996,40.68525394700011],[-73.99908066099994,40.68481599200004],[-74.00004865199998,40.68280335600017]]]}},{"type":"Feature","id":41,"properties":{"zone_id":41,"zone":"Central Harlem","borough":"Manhattan","service_zone":"Yellow Zone"},"geometry":{"type":"Polygon","coordinates":[[[-73.9521012519999,40.81144285400013],[-73.9417714019999,40.80708900000016],[-73.94275367199994,40.80574401300006],[-73.94430194599991,40.80639082500013],[-73.94478208199993,40.80576125600009],[-73.94613131,40.803877358000115],[-73.94459751299998,40.80322814500012],[-73.94922045699984,40.79690985900008],[-73.95964685399987,40.80115642300012],[-73.95824878299987,40.803106486000075],[-73.95818167299996,40.80559679100008],[-73.954966572,40.81006455500008],[-73.9535757779999,40.809476698000076],[-73.9521012519999,40.81144285400013]]]}},{"type":"Feature","id":42,"properties":{"zone_id":42,"zone":"Central Harlem North","borough":"Manhattan","service_zone":"Yellow Zone"},"geometry":{"type":"Polygon","coordinates":[[[-73.93436121591056,40.836200619617976],[-73.93516725294582,40.83287499277864],[-73.93383089287107,40.81952106376174],[-73.93440039999986,40.81966778300009],[-73.93445400100002,40.817188529000155],[-73.93901753299998,40.81085655700009],[-73.93580780199986,40.80949763800006],[-73.93854407899988,40.80572965300009],[-73.9521012519999,40.81144285400013],[-73.94919960099985,40.814720854000065],[-73.94607828700005,40.8212632160001],[-73.94515456999994,40.820876265000116],[-73.93924885599988,40.828296351000084],[-73.93864026699997,40.82973887400005],[-73.9401708989999,40.83038439100015],[-73.93868316299985,40.832800789000096],[-73.93436121591056,40.836200619617976]]]}},{"type":"Feature","id":43,"properties":{"zone_id":43,"zone":"Central Park","borough":"Manhattan","service_zone":"Yellow Zone"},"geometry":{"type":"Polygon","coordinates":[[[-73.94922045699984,40.79690985900008],[-73.97301487199995,40.764278879000095],[-73.98164804599995,40.768436322000134],[-73.95786499299992,40.80051527200006],[-73.94922045699984,40.79690985900008]]]}},{"type":"Feature","id":44,"properties":{"zone_id":44,"zone":"Charleston/Tottenville","borough":"Staten Island","service_zone":"Boro Zone"},"geometry":{"type":"Polygon","coordinates":[[[-74.20699885299997,40.55756748900009],[-74.21784397899994,40.55443271800009],[-74.21778377699997,40.55304918800015],[-74.22131562699998,40.55025307400012],[-74.21776941599992,40.54112663000013],[-74.21800676499996,40.53229859000013],[-74.21574341099993,40.52646400500011],[-74.2156723039999,40.52395762800011],[-74.21409806799986,40.524097196000106],[-74.21354593399995,40.52123571600009],[-74.21760570099997,40.520871687000124],[-74.22379595899992,40.51819634600008],[-74.22690993299994,40.51917139800009],[-74.22290251399997,40.5089365390001],[-74.22159300278173,40.50250043822113],[-74.22507057837701,40.50176464524447],[-74.22729413510996,40.50229749945595],[-74.23114494958575,40.501851215882226],[-74.23678845619574,40.5000008352565],[-74.23984851243979,40.4975830132072],[-74.24421157785997,40.497565436888976],[-74.2467610277419,40.49613398761197],[-74.24871501543038,40.49637131790596],[-74.25329771551169,40.500314550516585],[-74.25530969765195,40.50413641072483],[-74.25559136315209,40.507712950729264],[-74.25368911881061,40.509425596439286],[-74.25464651262905,40.50982624592452],[-74.25452621732619,40.509973015886274],[-74.25364812518256,40.50947053043643],[-74.25331579805132,40.50986150454111],[-74.2535268507671,40.51167776603199],[-74.25303635381549,40.51143316045893],[-74.25195197488479,40.51299700254743],[-74.2521259139705,40.51371037980016],[-74.2500458775657,40.51510851049445],[-74.25056007272197,40.5161067415352],[-74.24921528676096,40.51508486129946],[-74.24994158808036,40.51613748819119],[-74.24943096899091,40.515687885597636],[-74.24854589291671,40.516169917148595],[-74.24940770789283,40.516980831423865],[-74.24851449056031,40.517475626265245],[-74.24751811835522,40.515735864778776],[-74.24644039651318,40.51596502850873],[-74.246995569966,40.517182085195735],[-74.24647899705323,40.516687327211045],[-74.24520861528356,40.5172897436243],[-74.2456347316994,40.51807558074597],[-74.24232477833276,40.51832652502193],[-74.23991937852388,40.52004699653014],[-74.24117293552197,40.52106013143218],[-74.24293235036517,40.52122716113296],[-74.24280157009575,40.524007296286804],[-74.24396500758859,40.52490536633801],[-74.24150733322897,40.53104134279533],[-74.24204570286014,40.534346377050554],[-74.24414782538688,40.536881409917235],[-74.24533651176053,40.53690599443481],[-74.24444259671773,40.5380667659931],[-74.24560205698324,40.54094959457746],[-74.24803463735688,40.54309324044164],[-74.24336346552776,40.54786513523601],[-74.2422031846343,40.54694867830031],[-74.24039182810051,40.54766331017397],[-74.23641623448965,40.55050862684358],[-74.23641559733107,40.55232806634535],[-74.23489865800803,40.55300521667152],[-74.23332400080318,40.55250914356602],[-74.2307103619811,40.55555759425912],[-74.22931954185714,40.55549158696288],[-74.22833214371997,40.55639035431165],[-74.22344265106311,40.556046569903735],[-74.22257486801371,40.555406209779825],[-74.22086715093401,40.55594020227786],[-74.21974356930723,40.55461267207258],[-74.21921716370927,40.55579696987875],[-74.21859325782798,40.55467421024799],[-74.21870767560165,40.55604101620135],[-74.21775342391726,40.55500528477638],[-74.21474053198814,40.55624238913233],[-74.21462340478293,40.556913362221074],[-74.2137646731758,40.55639694332549],[-74.2056960519999,40.55851600600007],[-74.20699885299997,40.55756748900009]]]}},{"type":"Feature","id":45,"properties":{"zone_id":45,"zone":"Chinatown","borough":"Manhattan","service_zone":"Yellow Zone"},"geometry":{"type":"Polygon","coordinates":[[[-73.99750445299988,40.71406913200015],[-73.99256242199989,40.714388077000166],[-73.99190824271031,40.70953292664354],[-73.99919451154427,40.707947376675925],[-74.00366118299998,40.71148728300014],[-74.0058917509999,40.712007160000084],[-74.00272286199994,40.714389709000116],[-73.999956209,40.71801709500007],[-73.99605872699998,40.71623164000009],[-73.99750445299988,40.71406913200015]]]}},{"type":"Feature","id":46,"properties":{"zone_id":46,"zone":"City Island","borough":"Bronx","service_zone":"Boro Zone"},"geometry":{"type":"MultiPolygon","coordinates":[[[[-73.78951019872322,40.83536404252595],[-73.78845700015209,40.835309914315566],[-73.78833349834521,40.83466712975954],[-73.78931223606624,40.834464886553626],[-73.78951019872322,40.83536404252595]]],[[[-73.79009141537634,40.8585387453295],[-73.78898385013113,40.85847084374008],[-73.78878402854569,40.85742069033674],[-73.788043429758,40.857559917687276],[-73.78889654957185,40.856573386709975],[-73.7884773265335,40.8544005205324],[-73.78690734702697,40.85406397229932],[-73.78796264288077,40.85347472093569],[-73.7858818650663,40.85178867244112],[-73.78338158610377,40.85158673391454],[-73.78460077697598,40.85109569219538],[-73.78384119307984,40.85069289949848],[-73.78420047134377,40.85006064424078],[-73.78303535537907,40.84907190812803],[-73.78154449088599,40.84940043464351],[-73.78214108697831,40.84910066266785],[-73.78149386587489,40.84858047582597],[-73.78267467078705,40.84813967294683],[-73.78097820938946,40.8484583479137],[-73.78263740397888,40.84807264924602],[-73.78148431950568,40.847882193848776],[-73.78216393435585,40.84663633778095],[-73.780403269586,40.84693113416626],[-73.78115182578563,40.84624630462727],[-73.78110675760784,40.84674699714135],[-73.78174288903251,40.84641229011609],[-73.78109301885183,40.84679849158763],[-73.7825134511685,40.846408771551374],[-73.78249597258944,40.84566156194922],[-73.78309442048638,40.84551828556483],[-73.78314644227363,40.845309942026205],[-73.78307455830657,40.84550976429215],[-73.78242487155511,40.8456763366672],[-73.78181646104291,40.8457649780512],[-73.78306023126578,40.84508570856724],[-73.7818153590045,40.84548058288059],[-73.78307457446681,40.84505636873412],[-73.78315245505728,40.845295983327965],[-73.7833653613534,40.844444722981876],[-73.78348428748797,40.84367854599863],[-73.78290650949755,40.843936125840315],[-73.78052736048552,40.84452514033835],[-73.77992703744448,40.84388308135602],[-73.78053302714567,40.84445302176286],[-73.78039623282005,40.843966408179945],[-73.78154602523335,40.844215889747886],[-73.78137674098357,40.843704486540204],[-73.78200770536681,40.84410960066992],[-73.78183306599355,40.84357551830516],[-73.78243679895444,40.84400943110012],[-73.78224871668732,40.84343616841775],[-73.78282243971395,40.84391948119969],[-73.78257210723775,40.84329458244598],[-73.7830918611237,40.843685054811374],[-73.78287388243167,40.843124102362545],[-73.78313252568665,40.84369749673193],[-73.78280661506554,40.84377931612225],[-73.78284151617696,40.84389478720214],[-73.78347481249244,40.84365473810999],[-73.78288778301486,40.842494828849794],[-73.78244452404584,40.843042034416946],[-73.78180048362434,40.84269614579383],[-73.7819330659365,40.843228088076714],[-73.78124656634495,40.84279710728964],[-73.78142785188437,40.84337087428176],[-73.78067429925017,40.842907304537896],[-73.7808290368131,40.84350729714583],[-73.78029552532065,40.842973044894094],[-73.78022773872677,40.8437781812979],[-73.78022662418076,40.84288326893567],[-73.78286499304913,40.842478101882875],[-73.78059735822595,40.84278659994117],[-73.78236855953504,40.84242849314984],[-73.78162055021906,40.84232949488824],[-73.78230643317583,40.842211116312754],[-73.78233257215871,40.841922844111565],[-73.78144003107849,40.842142133493596],[-73.78216624418963,40.84168914411025],[-73.7804257718152,40.84249439420706],[-73.78019599955293,40.84204621097634],[-73.78185048197766,40.8416539463945],[-73.78079752923469,40.84125614604863],[-73.7816485529559,40.84109776352898],[-73.78113875725964,40.8394942788019],[-73.7818845572027,40.83765027660498],[-73.78290629190879,40.83732000607301],[-73.78282260139727,40.83633815588803],[-73.7833816805932,40.83690927168087],[-73.78498060328094,40.836746426080694],[-73.78485009222642,40.83747048917865],[-73.78563997845447,40.83706443458557],[-73.78583067964128,40.83720998000472],[-73.78516584428648,40.83747133406195],[-73.7857350929868,40.839234231776004],[-73.7874075874599,40.83967762319717],[-73.78749166412584,40.840842341674275],[-73.78815921166512,40.84049077856722],[-73.78761237782592,40.84119800529606],[-73.78905825501361,40.84323533177022],[-73.78993093388229,40.84304226436384],[-73.78947182214094,40.84429297835222],[-73.79179343625451,40.84673167232948],[-73.7910136233899,40.84898520971708],[-73.7897571107061,40.849531469287804],[-73.79098877124652,40.84982834953241],[-73.78986630313652,40.84998939070334],[-73.78991872482864,40.85061172713791],[-73.79102381130417,40.850432275424296],[-73.78951371516173,40.85130077171326],[-73.79098717984283,40.851264015299236],[-73.78966490344513,40.851500382132286],[-73.79089217930074,40.85154690354907],[-73.79019588667279,40.851752904563085],[-73.790463705281,40.85176700615419],[-73.79008396904106,40.852034527382386],[-73.79015509260995,40.852251285235994],[-73.79248359357182,40.85152379140709],[-73.79017007126295,40.852280661153614],[-73.79311837183832,40.85157829524104],[-73.79138052695514,40.85260203830489],[-73.79340987631169,40.85202188373057],[-73.79350762831913,40.85226404392501],[-73.79042053780161,40.85302297821276],[-73.79281511966936,40.85249481930909],[-73.79080758729921,40.85319906006454],[-73.79126573165874,40.853706864233295],[-73.79287610048584,40.85294418132858],[-73.7930399117026,40.853371249285345],[-73.79105721254825,40.853918412426836],[-73.7924581684481,40.85360070875506],[-73.79107002765942,40.85394495666483],[-73.79253714604873,40.85384932781304],[-73.79129282160632,40.854584025977054],[-73.79250306685435,40.855788666137244],[-73.79201712228527,40.85617694860646],[-73.79270523985137,40.85619232890592],[-73.79268768222656,40.856335218720574],[-73.79315700296155,40.85635091107496],[-73.79314686085958,40.85646782847133],[-73.79201050009051,40.85622512771855],[-73.79309492152382,40.856686441404236],[-73.79189422958875,40.856568889329836],[-73.79170704257358,40.856851842855214],[-73.79282713237976,40.85743578991808],[-73.79301264383005,40.85700302604333],[-73.79288403888904,40.85747920249383],[-73.79185978715203,40.85700410725955],[-73.79268338575463,40.857420393592875],[-73.79189451913076,40.85743712186543],[-73.79256970440578,40.857639625362424],[-73.79239521723282,40.85784554775238],[-73.79174254082349,40.857393950004415],[-73.79184303217382,40.85702870201153],[-73.79094202260366,40.85755274818896],[-73.7917852942325,40.857775425855735],[-73.79143695908105,40.85815468512329],[-73.79093222800743,40.85756778747072],[-73.79009141537634,40.8585387453295]]],[[[-73.7690443898714,40.85329092469374],[-73.76860817687106,40.85078839537832],[-73.76959674311463,40.847594519098394],[-73.76789492672636,40.84528943351981],[-73.76901389181107,40.84509734272213],[-73.77157218833237,40.84750005858049],[-73.7708892022117,40.849751771338255],[-73.77296356611284,40.85215925395882],[-73.77173060411904,40.8524768313193],[-73.77296285334867,40.85380006224666],[-73.77214036841814,40.8544127126008],[-73.77219223055407,40.85998663859717],[-73.77084562380267,40.86010101292856],[-73.76947305423997,40.859330136668774],[-73.76533243995276,40.85504359512506],[-73.76783205637173,40.854442205742274],[-73.7690443898714,40.85329092469374]]],[[[-73.7815638969994,40.855001286434096],[-73.78156303268149,40.855744796001076],[-73.78122782332017,40.85608778916296],[-73.78061730829718,40.85573517581021],[-73.7815638969994,40.855001286434096]]],[[[-73.78367819665118,40.855173437509855],[-73.78343487501385,40.85636286595908],[-73.78302371522503,40.85509276666515],[-73.78367819665118,40.855173437509855]]],[[[-73.7844800977429,40.8602928363822],[-73.78519664387112,40.858827023637595],[-73.78601763836582,40.85930092010715],[-73.78743186194176,40.85893524561462],[-73.78685886773299,40.86004505783974],[-73.7844800977429,40.8602928363822]]]]}},{"type":"Feature","id":47,"properties":{"zone_id":47,"zone":"Claremont/Bathgate","borough":"Bronx","service_zone":"Boro Zone"},"geometry":{"type":"Polygon","coordinates":[[[-73.89090203399996,40.85411688600007],[-73.89216687399981,40.85276946200008],[-73.89307140900002,40.8532499870001],[-73.89431774099977,40.85189131100004],[-73.89478764999993,40.85108166700008],[-73.89407258999991,40.85071319000013],[-73.89617712999998,40.846658321000085],[-73.89290102299995,40.8462683300001],[-73.89537836199995,40.84293877900014],[-73.89666161699988,40.84352460700011],[-73.90553116799988,40.82910413300009],[-73.91049010699992,40.830737373000076],[-73.90538357999992,40.83976898300009],[-73.90483121999989,40.844800342000084],[-73.901344046,40.84442875100013],[-73.89106280699994,40.86152941200009],[-73.89027555599993,40.861109073000144],[-73.89112568799987,40.86006182500014],[-73.89090203399996,40.85411688600007]]]}},{"type":"Feature","id":48,"properties":{"zone_id":48,"zone":"Clinton East","borough":"Manhattan","service_zone":"Yellow Zone"},"geometry":{"type":"Polygon","coordinates":[[[-73.98236545099999,40.76739215300011],[-73.99163271299996,40.75470680500015],[-73.99730671499998,40.757110507000085],[-73.98806289599996,40.76979080000011],[-73.98236545099999,40.76739215300011]]]}},{"type":"Feature","id":49,"properties":{"zone_id":49,"zone":"Clinton Hill","borough":"Brooklyn","service_zone":"Boro Zone"},"geometry":{"type":"Polygon","coordinates":[[[-73.96105100699991,40.69832607900008],[-73.96015854699986,40.694117309000085],[-73.95614239299985,40.6945790190001],[-73.95541057999996,40.69090829200013],[-73.96029281699998,40.69034625000013],[-73.95956770199984,40.68668255500014],[-73.95468418899998,40.68724485400006],[-73.95328187399996,40.680200031000034],[-73.95543681599985,40.67995785500012],[-73.95529361599996,40.67920315100004],[-73.96868961400001,40.68200525800008],[-73.97013154199992,40.689506308000034],[-73.96910362499993,40.68946752200006],[-73.96983118499983,40.69313424400016],[-73.96880989600005,40.693120382000146],[-73.9693945009999,40.696080389000045],[-73.9645507049999,40.69610759200006],[-73.96283963699993,40.69803866800013],[-73.96105100699991,40.69832607900008]]]}},{"type":"Feature","id":50,"properties":{"zone_id":50,"zone":"Clinton West","borough":"Manhattan","service_zone":"Yellow Zone"},"geometry":{"type":"Polygon","coordinates":[[[-73.99667705784736,40.7735100539424],[-73.99416328456306,40.77248719152404],[-73.99383108201548,40.77293178742553],[-73.99387445099994,40.772238168000136],[-73.98806289599996,40.76979080000011],[-73.99547450199992,40.75962685700009],[-74.00375735018837,40.76358224182042],[-74.00138603698596,40.762850095002065],[-74.0009730802201,40.76342027172582],[-74.00310088163066,40.76474574813601],[-73.99962263458193,40.76355908121069],[-73.99915098087908,40.76420525958285],[-74.00202454330339,40.76589326657057],[-73.99888473174974,40.764569377048765],[-73.99857638530527,40.76499860727103],[-73.99828160709528,40.76556777543752],[-74.00157335385272,40.766977192210845],[-73.9980667590535,40.76587188113592],[-73.99737808447954,40.76682338637976],[-74.00064950530414,40.76824523610579],[-73.99715588949206,40.76712869617297],[-73.9964571540504,40.76809881579582],[-73.99973590247859,40.769506177331714],[-73.99707176039315,40.768732643577],[-73.9965712643956,40.76942456827411],[-73.9987620691431,40.7708250567094],[-73.99631327022085,40.76979883633663],[-73.99542474436292,40.771031615168134],[-73.99589990100937,40.77145029858229],[-73.99493501658995,40.771468146578165],[-73.99711218538603,40.77255323669971],[-73.99477407930827,40.77192954753039],[-73.99444501293378,40.77237712658845],[-73.99667705784736,40.7735100539424]]]}},{"type":"Feature","id":51,"properties":{"zone_id":51,"zone":"Co-Op City","borough":"Bronx","service_zone":"Boro Zone"},"geometry":{"type":"Polygon","coordinates":[[[-73.82091617199997,40.86891693400008],[-73.81578764099999,40.865758061000086],[-73.82037552999996,40.8610330050001],[-73.82699653199998,40.85908778600005],[-73.83315960399985,40.868319756000126],[-73.83565766499987,40.86751275600013],[-73.83829221499984,40.87295133900014],[-73.83746027699992,40.87322265000007],[-73.83924788999988,40.876618738000104],[-73.8381484219999,40.87695329900011],[-73.84324113799987,40.8791089130001],[-73.83342222600004,40.8842753960001],[-73.82387140599998,40.88778362800015],[-73.82077408699996,40.886710603000076],[-73.81992586499995,40.88211933300006],[-73.82329599399986,40.87309741800007],[-73.82091617199997,40.86891693400008]]]}},{"type":"Feature","id":52,"properties":{"zone_id":52,"zone":"Cobble Hill","borough":"Brooklyn","service_zone":"Boro Zone"},"geometry":{"type":"Polygon","coordinates":[[[-73.99236366999985,40.68969012400011],[-73.9962084629999,40.68172342500011],[-74.00004865199998,40.68280335600017],[-73.99908066099994,40.68481599200004],[-74.00064737999996,40.68525394700011],[-73.99776924399993,40.691194698000146],[-73.99236366999985,40.68969012400011]]]}},{"type":"Feature","id":53,"properties":{"zone_id":53,"zone":"College Point","borough":"Queens","service_zone":"Boro Zone"},"geometry":{"type":"MultiPolygon","coordinates":[[[[-73.83789967503593,40.7985089711868],[-73.84025860809128,40.797588858432306],[-73.83997099590027,40.79690564189244],[-73.83840083088981,40.79675525865362],[-73.83663288911686,40.79251637576946],[-73.84067828300006,40.79390789200014],[-73.84081532599994,40.791504885000094],[-73.83895676099984,40.791438431000145],[-73.83900524099994,40.79061732200013],[-73.83992306199994,40.790649902000105],[-73.84008157499997,40.787851531000115],[-73.83824429099994,40.78778591600015],[-73.83869921299996,40.781676957000066],[-73.82513740299993,40.78169970600014],[-73.83000011099983,40.77373240700016],[-73.83614052499993,40.769527374000134],[-73.83913189281712,40.76599110578435],[-73.83975387982034,40.76712044544107],[-73.84031170315292,40.766294797898624],[-73.84448895884195,40.765459602584095],[-73.84780575104425,40.76677294817181],[-73.84901287079057,40.76921530435146],[-73.84860101425126,40.76981782588812],[-73.84977407793218,40.76993601294315],[-73.84872671824314,40.77010618908894],[-73.8486715286884,40.770761572902735],[-73.84994241882967,40.771927193260034],[-73.85033808818524,40.77174366853895],[-73.85130108374476,40.771806360797896],[-73.84995162517303,40.77195829887733],[-73.84897619867189,40.77356166795719],[-73.84895559325399,40.77796167373154],[-73.84993353296176,40.77876912338123],[-73.8496396893305,40.779483275176894],[-73.85147606060222,40.778964409730825],[-73.84981720066014,40.779630348054354],[-73.85232086242218,40.77916928470391],[-73.85238832778414,40.77952890238709],[-73.84982102259761,40.77965133930406],[-73.84955315550077,40.779990415384205],[-73.85169028085423,40.77986750847836],[-73.85167099162219,40.780035228878305],[-73.84949381208321,40.780065828114445],[-73.84988932081794,40.78108913479858],[-73.85093646396534,40.7811195751562],[-73.84988728063747,40.7811215113171],[-73.8492525818285,40.78226477501422],[-73.85528242786589,40.78197538435018],[-73.85545062834929,40.7831430791385],[-73.85664951090587,40.78289231927661],[-73.85808318103317,40.783724078841864],[-73.85797685542525,40.78467816456834],[-73.85952909197228,40.78553056053423],[-73.85812817158494,40.78705156105849],[-73.85681133765485,40.78667261369735],[-73.8559586891305,40.78767517877396],[-73.85284230133867,40.78821137174012],[-73.85480194733184,40.7886191547261],[-73.8544719407123,40.79025897531973],[-73.85265830693045,40.791106420610525],[-73.85377854910695,40.792421274007204],[-73.85373351593732,40.79393537509129],[-73.8526309825624,40.794944854244925],[-73.84906160835088,40.79336261029871],[-73.84855988738981,40.79549506021854],[-73.84624528406336,40.79616195066725],[-73.8445991504444,40.79491154987532],[-73.84354668938991,40.79491394401068],[-73.8433063238691,40.795500933489116],[-73.84284865322397,40.79521340167186],[-73.8432849719419,40.79617439268523],[-73.84225959368331,40.79558496893755],[-73.84292069025287,40.79690368618419],[-73.84158721174394,40.79540106922142],[-73.84013930364449,40.796879187836254],[-73.84041517975831,40.797678437258924],[-73.83789967503593,40.7985089711868]]],[[[-73.86809912257888,40.78745866181859],[-73.86813032000016,40.78723277784438],[-73.8692349173292,40.78596991495834],[-73.86809912257888,40.78745866181859]]]]}},{"type":"Feature","id":54,"properties":{"zone_id":54,"zone":"Columbia Street","borough":"Brooklyn","service_zone":"Boro Zone"},"geometry":{"type":"MultiPolygon","coordinates":[[[[-74.00816320571415,40.686173644858634],[-74.01217596614636,40.68409518562868],[-74.00835328548824,40.68640012947238],[-74.00816320571415,40.686173644858634]]],[[[-74.00440941259976,40.69252880038956],[-73.99776924399993,40.691194698000146],[-74.00329231299999,40.67964328800011],[-74.00596041099988,40.683362871000135],[-74.00485241699997,40.685668131000114],[-74.00753083199993,40.68607448700011],[-74.00701988682643,40.68652641719421],[-74.00588224183221,40.68619576889379],[-74.00562986330395,40.68678420604381],[-74.00783293766679,40.687385055162935],[-74.00742012154092,40.68820629043619],[-74.00500373315064,40.68760598540108],[-74.00459270521766,40.68821522298681],[-74.00678438439806,40.688826879958455],[-74.00636461225261,40.68966966863715],[-74.00382038919723,40.68892964469945],[-74.00340921624516,40.6896132611603],[-74.00575900670344,40.69023640001634],[-74.0053420962491,40.691091602978005],[-74.0009615685494,40.69012876835023],[-74.00069905841875,40.69061185841928],[-74.00479415294552,40.69176162037463],[-74.00440941259976,40.69252880038956]]],[[[-74.00400795971088,40.69320819963255],[-74.0034621809253,40.69405701507492],[-74.00127014951309,40.69329606183711],[-74.00174362072502,40.69240674985285],[-74.00400795971088,40.69320819963255]]]]}},{"type":"Feature","id":55,"properties":{"zone_id":55,"zone":"Coney Island","borough":"Brooklyn","service_zone":"Boro Zone"},"geometry":{"type":"Polygon","coordinates":[[[-73.98671582299981,40.5845685000001],[-73.97742525299988,40.582906593000146],[-73.96661531499983,40.584571037000124],[-73.9688899589999,40.575261239000056],[-73.96471128899991,40.57478261800002],[-73.95941778299985,40.57517798300013],[-73.95939182223685,40.57391210937632],[-73.96839037828869,40.57315444294028],[-73.96945126202378,40.5728572803634],[-73.96924621215572,40.57230407565473],[-73.97085363074368,40.572770515280034],[-73.97118306355702,40.57194189908436],[-73.97249673747078,40.572576256747595],[-73.9733450222981,40.57232121400626],[-73.97324990115135,40.57162668661183],[-73.9737320997119,40.57228692509421],[-73.9754708190279,40.571969003817124],[-73.97540564094207,40.57142104064075],[-73.97592552091535,40.57201865743774],[-73.97730110158642,40.5718623859466],[-73.97767087523813,40.571171020079234],[-73.97845486511183,40.57189220429941],[-73.979846944694,40.57153931961038],[-73.97944328367615,40.57122092594818],[-73.9803259222601,40.57173770221876],[-73.98367270153267,40.57140705768756],[-73.98336058039273,40.56952999448688],[-73.98375790448641,40.571396227251086],[-73.99079264766938,40.570248648755715],[-74.00106438634509,40.57040154143563],[-74.00208547639728,40.5695859839852],[-74.00303186164808,40.57218559475924],[-74.01007410785421,40.57383080951783],[-74.01201540191126,40.57488505247435],[-74.01274982470373,40.57855731173545],[-74.01132932483026,40.580183630224994],[-74.00812030080365,40.581622268715705],[-73.9982194649592,40.58147437721449],[-73.99780862456937,40.58059580091607],[-73.9884283376944,40.578815842619754],[-73.98669539997061,40.579814908132704],[-73.98604509916208,40.58172068515177],[-73.98800973376738,40.57967068715597],[-73.98995504960881,40.58066166976581],[-73.98829948299982,40.58346674700007],[-73.98654457099988,40.58365859100015],[-73.98671582299981,40.5845685000001]]]}},{"type":"Feature","id":56,"properties":{"zone_id":56,"zone":"Corona","borough":"Queens","service_zone":"Boro Zone"},"geometry":{"type":"MultiPolygon","coordinates":[[[[-73.85442575299999,40.748851726000076],[-73.85011556599989,40.74072356300015],[-73.84780164699998,40.740049677000066],[-73.84823627999982,40.73929040100016],[-73.84750820299992,40.739007807000135],[-73.85187067499986,40.73734292900015],[-73.86462193299995,40.73428275700012],[-73.86756253399983,40.74094188900014],[-73.86790963899986,40.7449337160001],[-73.85442575299999,40.748851726000076]]],[[[-73.85442575299999,40.748851726000076],[-73.855834956,40.751577272000084],[-73.85455552299993,40.751961919000095],[-73.85579909099987,40.75440952800014],[-73.85312635499994,40.75510934300007],[-73.85086439699991,40.74999564200006],[-73.85442575299999,40.748851726000076]]]]}},{"type":"Feature","id":58,"properties":{"zone_id":58,"zone":"Country Club","borough":"Bronx","service_zone":"Boro Zone"},"geometry":{"type":"Polygon","coordinates":[[[-73.81507165904237,40.8491336197947],[-73.81602685114903,40.84640045877022],[-73.81464594697542,40.84721961352923],[-73.81570353189448,40.84629134042404],[-73.81368634738199,40.84727432550923],[-73.81356372861671,40.84715141127873],[-73.81490858203199,40.846468764879184],[-73.8150262760428,40.8454999950586],[-73.81318865072497,40.84622953647539],[-73.81403198219364,40.84558929786809],[-73.81363258232699,40.84528076903155],[-73.8133590558502,40.84584549933123],[-73.81328932692855,40.84595102273183],[-73.81321295244251,40.84592293984203],[-73.81325997724689,40.845233990458404],[-73.81284939958523,40.846318799498405],[-73.81324326350918,40.84523590835275],[-73.81310050626846,40.84517241453346],[-73.8128770359758,40.845134667946084],[-73.81315597044244,40.84521210037652],[-73.81285536957633,40.84518628546165],[-73.81241445328128,40.846559380748964],[-73.81227790900483,40.84654345827948],[-73.8128577433794,40.84512954458932],[-73.81254457815619,40.84497959800844],[-73.8118845884477,40.84659496706141],[-73.8124362506067,40.84673771207574],[-73.81169971823665,40.84668170081383],[-73.81266141349049,40.84420764950103],[-73.81254909120709,40.844952275146255],[-73.8136558066588,40.845059122465884],[-73.81414462049185,40.84481817326293],[-73.81336991788451,40.843800827878084],[-73.81437458252545,40.8430889259996],[-73.81569792948075,40.84438642811308],[-73.81823722746202,40.844355041712824],[-73.81662677325095,40.84394489856044],[-73.81473345817533,40.84137572831098],[-73.81523404887245,40.84100964149672],[-73.81430900133682,40.83962241637948],[-73.81626470640903,40.83826365571732],[-73.81606068217324,40.83603019622861],[-73.82463346500003,40.83385580800011],[-73.82515883900005,40.83461447200012],[-73.82601252600003,40.83402077800004],[-73.82540482599977,40.83565927500014],[-73.82624132999996,40.84299359400009],[-73.82517998999998,40.84270005900007],[-73.82495697699986,40.84610544500005],[-73.82048405599983,40.84850102600016],[-73.82014043700003,40.84802059900009],[-73.81507165904237,40.8491336197947]]]}},{"type":"Feature","id":59,"properties":{"zone_id":59,"zone":"Crotona Park","borough":"Bronx","service_zone":"Boro Zone"},"geometry":{"type":"Polygon","coordinates":[[[-73.89666161699988,40.84352460700011],[-73.88869040799986,40.83915802600007],[-73.88813752199992,40.839862002000096],[-73.88659802299989,40.839279050000094],[-73.88730373200002,40.83812719100015],[-73.88841187199996,40.83855339100009],[-73.89057363299983,40.8369010480001],[-73.89385624299995,40.83639510200009],[-73.89697220299995,40.83434525400009],[-73.9012157839999,40.835410141000075],[-73.89666161699988,40.84352460700011]]]}},{"type":"Feature","id":60,"properties":{"zone_id":60,"zone":"Crotona Park East","borough":"Bronx","service_zone":"Boro Zone"},"geometry":{"type":"Polygon","coordinates":[[[-73.880061996,40.84016223500002],[-73.87277204699981,40.83975128200016],[-73.87314714699997,40.838263899000104],[-73.87925239499992,40.83442479000009],[-73.88005188499987,40.834702059000094],[-73.88390094800003,40.829802816000075],[-73.8843985489999,40.82296557600008],[-73.88753429599986,40.822509339000135],[-73.88601262699991,40.828238531000125],[-73.8899110649999,40.83012419200006],[-73.89717220999982,40.830368833000165],[-73.8963019999999,40.83354321800008],[-73.89697220299995,40.83434525400009],[-73.89385624299995,40.83639510200009],[-73.89057363299983,40.8369010480001],[-73.88841187199996,40.83855339100009],[-73.88730373200002,40.83812719100015],[-73.88618432099992,40.840105044000055],[-73.88274769899992,40.83859234100009],[-73.88200384100001,40.83744378200009],[-73.880061996,40.84016223500002]]]}},{"type":"Feature","id":61,"properties":{"zone_id":61,"zone":"Crown Heights North","borough":"Brooklyn","service_zone":"Boro Zone"},"geometry":{"type":"Polygon","coordinates":[[[-73.92916130699992,40.68343632400011],[-73.92900883999985,40.682702905000106],[-73.92281374299995,40.6834144300001],[-73.92164666399992,40.67886992300013],[-73.92275257199998,40.66709733300008],[-73.92872204599985,40.664495569000074],[-73.92868404399991,40.66508602300014],[-73.93698362399992,40.66553550800015],[-73.93674946999998,40.66812737100011],[-73.94781857499984,40.668783754000096],[-73.9477299629999,40.669713442000095],[-73.95526963699997,40.67012490500009],[-73.96131877999991,40.67140667600009],[-73.96007428300001,40.67487807100014],[-73.96318238899983,40.675529504000075],[-73.96134655899994,40.68046352400009],[-73.95529361599996,40.67920315100004],[-73.95543681599985,40.67995785500012],[-73.95328187399996,40.680200031000034],[-73.9533701749999,40.68064050800008],[-73.93435066499993,40.6795634080001],[-73.93500821699992,40.68276376800005],[-73.92916130699992,40.68343632400011]]]}},{"type":"Feature","id":62,"properties":{"zone_id":62,"zone":"Crown Heights South","borough":"Brooklyn","service_zone":"Boro Zone"},"geometry":{"type":"Polygon","coordinates":[[[-73.92868404499993,40.665086023000114],[-73.93068465499985,40.66362047700012],[-73.94282892199992,40.66284748600009],[-73.94269628999989,40.66405512900014],[-73.94546293699983,40.66422610400007],[-73.95720935499996,40.66351739700011],[-73.95787061899992,40.66427335800012],[-73.96033682899981,40.664108698000156],[-73.96095595499996,40.66328505500011],[-73.96258784899996,40.67171159700008],[-73.95526963699997,40.67012490500009],[-73.9477299629999,40.669713442000095],[-73.94781857499984,40.668783754000096],[-73.93674946999998,40.66812737100011],[-73.93698362399992,40.66553550800015],[-73.92868404499993,40.665086023000114]]]}},{"type":"Feature","id":63,"properties":{"zone_id":63,"zone":"Cypress Hills","borough":"Brooklyn","service_zone":"Boro Zone"},"geometry":{"type":"Polygon","coordinates":[[[-73.86891704399994,40.69515042300007],[-73.86602666799992,40.68191805200013],[-73.86410096700003,40.68237285000008],[-73.86328640800004,40.67907719700005],[-73.86234580499983,40.679164786000136],[-73.86106294999989,40.674342935000034],[-73.87231018000001,40.67775574700006],[-73.87531627599998,40.68011098400008],[-73.88061377799993,40.679110032000075],[-73.88116730300004,40.68135366300008],[-73.88489254699988,40.680811116000015],[-73.88467046600006,40.679940285000086],[-73.88987439199998,40.67830215000007],[-73.89621773699986,40.6773581840001],[-73.8965367649999,40.67859358100006],[-73.9000462609999,40.676893090000156],[-73.90404639799989,40.67922059800006],[-73.9026226229999,40.68066450300009],[-73.90047001100002,40.679535244000114],[-73.89786299899986,40.67987501100006],[-73.89417463299992,40.6852832480001],[-73.89252316799995,40.68342453300006],[-73.89015418699982,40.685003990000055],[-73.88962787599998,40.68423645400007],[-73.88452250999984,40.686684749000065],[-73.87950641199996,40.69114676900007],[-73.87402053199992,40.694191295000145],[-73.86891704399994,40.69515042300007]]]}},{"type":"Feature","id":64,"properties":{"zone_id":64,"zone":"Douglaston","borough":"Queens","service_zone":"Boro Zone"},"geometry":{"type":"Polygon","coordinates":[[[-73.75080593606877,40.782893378834146],[-73.71351828186042,40.759837730916374],[-73.71767237099996,40.759311212000085],[-73.72031595299998,40.75789725800014],[-73.72326673499998,40.753947599000135],[-73.72771356199995,40.75062689500009],[-73.7310646189999,40.74488837600008],[-73.74016951799993,40.73848189800006],[-73.74306820799991,40.73844081800009],[-73.74396193599988,40.74078912600011],[-73.75098230100001,40.740021463000076],[-73.75347299999997,40.74240484400013],[-73.74887697299994,40.74328837500014],[-73.74477587099986,40.74328109700012],[-73.74625984399985,40.74671147500012],[-73.74384322099985,40.74769009600008],[-73.75004764499985,40.758404658000174],[-73.75057710699984,40.7580148950001],[-73.75230259399993,40.759455199000115],[-73.75320997199995,40.7582448730001],[-73.75511648399994,40.75847949800013],[-73.75583713299987,40.75774206200013],[-73.75682062199996,40.75973480600003],[-73.75800131799996,40.760379867000076],[-73.75848075099995,40.76199473700011],[-73.75784858699993,40.76256680000012],[-73.75921689799992,40.76432485600007],[-73.75377036482259,40.76530463174163],[-73.75107432252548,40.76176367133641],[-73.74655981867929,40.75933914768861],[-73.74626136313661,40.75777454144929],[-73.74455864030777,40.75655788583272],[-73.74631196705487,40.758054814022955],[-73.74616224371887,40.759024799277086],[-73.74837456439464,40.761558789630975],[-73.750570493653,40.76191547482169],[-73.75507210849031,40.76753310678762],[-73.7543938826934,40.76875346274884],[-73.7555733264932,40.77152912592289],[-73.75336691999293,40.77320784776356],[-73.75518575394315,40.77649807083041],[-73.75481322893425,40.77761903230578],[-73.75551781604716,40.777584144020125],[-73.75551737581792,40.77770404836437],[-73.75455791105837,40.777776590664494],[-73.75299839296423,40.781289489522294],[-73.75080593606877,40.782893378834146]]]}},{"type":"Feature","id":65,"properties":{"zone_id":65,"zone":"Downtown Brooklyn/MetroTech","borough":"Brooklyn","service_zone":"Boro Zone"},"geometry":{"type":"Polygon","coordinates":[[[-73.98712491499988,40.700634480000176],[-73.98696892299994,40.69850361400016],[-73.98305147099988,40.698377934000085],[-73.98311793999989,40.69754204300013],[-73.98050926199988,40.697446275000104],[-73.97916718399999,40.69348832300011],[-73.98251122999989,40.693614334000124],[-73.98253983699992,40.69300261600015],[-73.9817588899999,40.69295517300009],[-73.98147568199991,40.68993094400006],[-73.98372011099993,40.690006719000124],[-73.99097186899994,40.69254880000014],[-73.99093201799984,40.70076621600008],[-73.98712491499988,40.700634480000176]]]}},{"type":"Feature","id":66,"properties":{"zone_id":66,"zone":"DUMBO/Vinegar Hill","borough":"Brooklyn","service_zone":"Boro Zone"},"geometry":{"type":"Polygon","coordinates":[[[-73.97906084869959,40.7059460290059],[-73.98074079499993,40.70127731000017],[-73.98050926199988,40.697446275000104],[-73.983117941,40.6975420430001],[-73.98305147099988,40.698377934000085],[-73.98696892299994,40.69850361400016],[-73.98679382799996,40.70063322300014],[-73.99093201799984,40.70076621600008],[-73.99544564312069,40.703275305472],[-73.99350881403605,40.704623505274185],[-73.99094755350794,40.704032442139386],[-73.99022721196006,40.70493404448728],[-73.98830332208532,40.70454046895524],[-73.98795676491503,40.70513421741268],[-73.97906084869959,40.7059460290059]]]}},{"type":"Feature","id":67,"properties":{"zone_id":67,"zone":"Dyker Heights","borough":"Brooklyn","service_zone":"Boro Zone"},"geometry":{"type":"Polygon","coordinates":[[[-74.01514630699995,40.63322193800012],[-74.01000340799995,40.630113089000105],[-74.00702302499997,40.63210999500014],[-73.99724067099987,40.62528868700013],[-73.99771358999998,40.62368027000016],[-73.99932090299998,40.624655247000156],[-74.01701910199995,40.607654417000134],[-74.01549854999998,40.60684152400013],[-74.01869135699988,40.60360792400016],[-74.02139467199993,40.60449399800013],[-74.02078540899996,40.605673686000095],[-74.02247769499994,40.60667421600008],[-74.02150602899994,40.60782209900012],[-74.0245785549999,40.610223302000115],[-74.02478376299999,40.60969962900003],[-74.02710660599995,40.61024395600011],[-74.02637609099996,40.61245060300012],[-74.02754297299998,40.61293718300007],[-74.02525327199992,40.616678458000145],[-74.01970491599991,40.62218496500011],[-74.01514630699995,40.63322193800012]]]}},{"type":"Feature","id":68,"properties":{"zone_id":68,"zone":"East Chelsea","borough":"Manhattan","service_zone":"Yellow Zone"},"geometry":{"type":"Polygon","coordinates":[[[-73.99163271299996,40.75470680500015],[-74.00252381399994,40.73975264400009],[-74.00820401899988,40.74214751800005],[-73.99730671499998,40.757110507000085],[-73.99163271299996,40.75470680500015]]]}},{"type":"Feature","id":69,"properties":{"zone_id":69,"zone":"East Concourse/Concourse Village","borough":"Bronx","service_zone":"Boro Zone"},"geometry":{"type":"Polygon","coordinates":[[[-73.91169430299983,40.82775871600012],[-73.91130974499993,40.82484855800009],[-73.91316674499997,40.825456455000094],[-73.91351191699981,40.82480494400011],[-73.91541108199998,40.825773909000105],[-73.92518486499998,40.81801266900008],[-73.92731653099999,40.8185596340001],[-73.91986089399985,40.831947227000114],[-73.91371372699993,40.838808935000095],[-73.91193751499992,40.843202388000094],[-73.90514893999988,40.842547195000144],[-73.90538358099985,40.83976898300009],[-73.91049010699992,40.830737373000076],[-73.908959903,40.83022623300007],[-73.91169430299983,40.82775871600012]]]}},{"type":"Feature","id":70,"properties":{"zone_id":70,"zone":"East Elmhurst","borough":"Queens","service_zone":"Boro Zone"},"geometry":{"type":"Polygon","coordinates":[[[-73.85912375899987,40.76127549900015],[-73.85449593299987,40.75827863900004],[-73.87513874300004,40.75663381600011],[-73.87601371899996,40.76144373200011],[-73.87499575099986,40.761264322000116],[-73.87638792400001,40.768999558000154],[-73.87608949699984,40.77153690300007],[-73.87143357299982,40.77157646700007],[-73.868098735,40.770172009000134],[-73.86340214900001,40.76645551200008],[-73.85912375899987,40.76127549900015]]]}},{"type":"Feature","id":71,"properties":{"zone_id":71,"zone":"East Flatbush/Farragut","borough":"Brooklyn","service_zone":"Boro Zone"},"geometry":{"type":"Polygon","coordinates":[[[-73.931907438,40.65653765300013],[-73.9313911669999,40.65168960800011],[-73.93038144399998,40.651734054000045],[-73.92910623099985,40.639795106000115],[-73.92574389399985,40.64001446600005],[-73.92652490899992,40.63649272300008],[-73.92744822299986,40.635258410000056],[-73.9372670019998,40.63465062500009],[-73.93701746200003,40.63231097900011],[-73.94462885499995,40.63183773500011],[-73.94537272499997,40.638786955000064],[-73.94826499699982,40.638607190000116],[-73.94841343400003,40.63998746400015],[-73.94744296799982,40.6400476650001],[-73.94778994699976,40.643305736000094],[-73.94586879199989,40.64342374400007],[-73.94667414499983,40.65094811900014],[-73.94570606199984,40.651006784000096],[-73.94606690599983,40.6544102620001],[-73.94703257599998,40.65433871400009],[-73.94715896299984,40.65559378700011],[-73.931907438,40.65653765300013]]]}},{"type":"Feature","id":72,"properties":{"zone_id":72,"zone":"East Flatbush/Remsen Village","borough":"Brooklyn","service_zone":"Boro Zone"},"geometry":{"type":"Polygon","coordinates":[[[-73.92021313099984,40.65997544100007],[-73.9195947979998,40.661995679000036],[-73.91236458899995,40.65551356500004],[-73.91012255699995,40.65585177100014],[-73.90855790499995,40.652095938000066],[-73.91995062999999,40.64470763000009],[-73.91973736999986,40.64277814800007],[-73.92332654599986,40.63990021600011],[-73.92356525899983,40.64249929800009],[-73.92538233099985,40.642384532000065],[-73.92574389499987,40.64001446600003],[-73.92910623199991,40.63979510600009],[-73.93038144299994,40.651734054000066],[-73.9313911669999,40.65168960800011],[-73.93190743899989,40.65653765300015],[-73.92799465199988,40.65680210100007],[-73.92834017599986,40.660060036000075],[-73.92725505399994,40.659337564000076],[-73.92646424299983,40.65981436200015],[-73.93068465499985,40.66362047700012],[-73.92637970499992,40.665514892000104],[-73.92021313099984,40.65997544100007]]]}},{"type":"Feature","id":73,"properties":{"zone_id":73,"zone":"East Flushing","borough":"Queens","service_zone":"Boro Zone"},"geometry":{"type":"Polygon","coordinates":[[[-73.7947190109999,40.7506476170001],[-73.79729524799988,40.74943505300012],[-73.7946756879998,40.747211928000134],[-73.8033521419999,40.74643196500008],[-73.80287666499987,40.74976514900005],[-73.80750599299991,40.75013658700013],[-73.81416172099998,40.746138580000036],[-73.820849288,40.75224154500008],[-73.8184078289999,40.75383042200016],[-73.82030067699999,40.755514980000115],[-73.81789245699991,40.7570863380001],[-73.82063593299985,40.75887226800008],[-73.81104963199984,40.76141702100014],[-73.79940088899988,40.75939721900013],[-73.79493246199993,40.757798030000124],[-73.7947190109999,40.7506476170001]]]}},{"type":"Feature","id":74,"properties":{"zone_id":74,"zone":"East Harlem North","borough":"Manhattan","service_zone":"Yellow Zone"},"geometry":{"type":"MultiPolygon","coordinates":[[[[-73.9272029978516,40.79738674790006],[-73.92767122620857,40.797217014266415],[-73.92770694127063,40.797298663882316],[-73.9272029978516,40.79738674790006]]],[[[-73.92669572614771,40.800146977076416],[-73.92711464230625,40.80056375622976],[-73.92666565490181,40.800182714018035],[-73.92669572614771,40.800146977076416]]],[[[-73.92653846445016,40.80033389815413],[-73.92674263892977,40.80040349897296],[-73.92673683953086,40.8004114714821],[-73.92653846445016,40.80033389815413]]],[[[-73.9265095488364,40.80065703126242],[-73.92704640297914,40.80065174303151],[-73.92688606022001,40.800840648369054],[-73.9265095488364,40.80065703126242]]],[[[-73.93383089287107,40.81952106376174],[-73.93412073484292,40.808656451977626],[-73.92903490240303,40.80108090385214],[-73.9290364017962,40.796762594101516],[-73.93006881035544,40.794700828605635],[-73.93505300002766,40.791687202954655],[-73.9377361209998,40.79281580400014],[-73.93864883299987,40.791557755000085],[-73.94327251199996,40.793488103000136],[-73.94187604699994,40.795405869000035],[-73.94831125500004,40.798129218000106],[-73.94459751299998,40.80322814500012],[-73.94613131,40.803877358000115],[-73.94430194599991,40.80639082500013],[-73.94275367199994,40.80574401300006],[-73.9417714019999,40.80708900000016],[-73.93854407899988,40.80572965300009],[-73.93580780199986,40.80949763800006],[-73.93901753299998,40.81085655700009],[-73.93407463999996,40.8178265140001],[-73.93440039999986,40.81966778300009],[-73.93383089287107,40.81952106376174]]]]}},{"type":"Feature","id":75,"properties":{"zone_id":75,"zone":"East Harlem South","borough":"Manhattan","service_zone":"Yellow Zone"},"geometry":{"type":"Polygon","coordinates":[[[-73.94327251199996,40.793488103000136],[-73.93864883299987,40.791557755000085],[-73.9377361209998,40.79281580400014],[-73.93505300002766,40.791687202954655],[-73.93708104382307,40.78936639571019],[-73.93621859869943,40.78880049757449],[-73.93714965461099,40.78916844905961],[-73.9398261969646,40.785256552415646],[-73.94354420706223,40.78288052416279],[-73.9557773589999,40.787913924000144],[-73.94831125500004,40.798129218000106],[-73.94187604699994,40.795405869000035],[-73.94327251199996,40.793488103000136]]]}},{"type":"Feature","id":76,"properties":{"zone_id":76,"zone":"East New York","borough":"Brooklyn","service_zone":"Boro Zone"},"geometry":{"type":"Polygon","coordinates":[[[-73.88063900599983,40.679176985000055],[-73.87531627599998,40.68011098400008],[-73.87231018000001,40.67775574700006],[-73.86106294999989,40.674342935000034],[-73.86038937900001,40.67126877500007],[-73.85763323199998,40.67165619400003],[-73.85568461199988,40.66386749200012],[-73.85842950899992,40.66345336000006],[-73.85761052799985,40.66010835600011],[-73.86317083299996,40.65827651200013],[-73.86327623068586,40.656941215328295],[-73.8626411734316,40.65566753700789],[-73.85975533686633,40.654104176095125],[-73.85695870295892,40.65058737348732],[-73.85840315341014,40.64700390123756],[-73.85716978298206,40.64367855888618],[-73.86289463224384,40.642550679682635],[-73.86670411973783,40.64002176349569],[-73.86548637000524,40.638765183481816],[-73.86867282895082,40.640925079203555],[-73.87061492461066,40.64485674188693],[-73.87257043102892,40.64557561235986],[-73.87921658230903,40.654591083773184],[-73.87971979034292,40.65437592977654],[-73.87318593330937,40.64544501336176],[-73.87327031255236,40.6439032143451],[-73.86989583386247,40.638934528919734],[-73.86799709668125,40.638115265209784],[-73.86960972136559,40.63708553460891],[-73.86955902490303,40.6379474843277],[-73.87334087347163,40.63629514963053],[-73.87841589406925,40.63891218935352],[-73.8745808109999,40.645610106000134],[-73.87610398000004,40.646214789000105],[-73.88221364899994,40.654518638000155],[-73.89000589199988,40.65114869700012],[-73.89354677099988,40.65520271400007],[-73.89761013299987,40.65345381600012],[-73.895861549,40.651880527000074],[-73.90398200599991,40.646628568000075],[-73.90944846399994,40.65152159900011],[-73.90740035699999,40.652843990000086],[-73.90784346399994,40.65459153000008],[-73.90317858399993,40.65531163400011],[-73.9003948669999,40.65718420500013],[-73.89612587299993,40.65781466400013],[-73.88185557299985,40.66414998800014],[-73.88330883399975,40.66611200500008],[-73.889906696,40.663778290000046],[-73.89069385399985,40.66685223400011],[-73.88976988599985,40.6669899150001],[-73.89087805100002,40.67131808700006],[-73.89271090700004,40.6710458280001],[-73.89367036399987,40.67482177100007],[-73.89930675399987,40.67398204200011],[-73.90004626199993,40.67689309000016],[-73.8965367649999,40.67859358100006],[-73.89621773699986,40.6773581840001],[-73.88987439199998,40.67830215000007],[-73.88467046600006,40.679940285000086],[-73.88489254699988,40.680811116000015],[-73.88116730300004,40.68135366300008],[-73.88063900599983,40.679176985000055]]]}},{"type":"Feature","id":77,"properties":{"zone_id":77,"zone":"East New York/Pennsylvania Avenue","borough":"Brooklyn","service_zone":"Boro Zone"},"geometry":{"type":"Polygon","coordinates":[[[-73.90004626199993,40.67689309000016],[-73.89930675399987,40.67398204200011],[-73.89367036399987,40.67482177100007],[-73.89271090699992,40.67104582900013],[-73.89087805100002,40.67131808700006],[-73.88976988599985,40.6669899150001],[-73.89069385399985,40.66685223400011],[-73.889906696,40.663778290000046],[-73.88330883399975,40.66611200500008],[-73.88185557299985,40.66414998800014],[-73.89612587399984,40.65781466400011],[-73.89880698499995,40.65740666200007],[-73.89965233299985,40.660735416000136],[-73.90066118699986,40.660586158000115],[-73.90145114700002,40.66365836500013],[-73.90041654099997,40.66380652700014],[-73.90347422300006,40.67550668300005],[-73.90004626199993,40.67689309000016]]]}},{"type":"Feature","id":78,"properties":{"zone_id":78,"zone":"East Tremont","borough":"Bronx","service_zone":"Boro Zone"},"geometry":{"type":"Polygon","coordinates":[[[-73.89038953999983,40.85468905800016],[-73.88987871399985,40.85207022100015],[-73.88276104799992,40.848057846000096],[-73.87732924099988,40.843983125000136],[-73.878171756,40.84262443700007],[-73.87459175399982,40.84152064800013],[-73.87109207899995,40.84432478100011],[-73.86889243299994,40.848112322000084],[-73.86920944599997,40.849238372000116],[-73.86785992999984,40.848864931000065],[-73.86892652699994,40.84688174100014],[-73.86804200399997,40.84481383900009],[-73.87099518100001,40.84311139200013],[-73.87359713599987,40.83979855500013],[-73.880061996,40.84016223500002],[-73.88200384100001,40.83744378200009],[-73.88274769899992,40.83859234100009],[-73.88618432099993,40.84010504500009],[-73.88659802299989,40.839279050000094],[-73.88813752199992,40.839862002000096],[-73.88869040799986,40.83915802600007],[-73.88941724899988,40.839422734000046],[-73.89537836099996,40.84293877900013],[-73.89290102299995,40.8462683300001],[-73.89617712999998,40.846658321000085],[-73.89407258999995,40.8507131890001],[-73.89478764999993,40.85108166700008],[-73.89307140900002,40.8532499870001],[-73.89216687399981,40.85276946200008],[-73.89038953999983,40.85468905800016]]]}},{"type":"Feature","id":79,"properties":{"zone_id":79,"zone":"East Village","borough":"Manhattan","service_zone":"Yellow Zone"},"geometry":{"type":"Polygon","coordinates":[[[-73.98377990999991,40.721535954000124],[-73.99260322199994,40.72413645000005],[-73.98990295999991,40.73443479000011],[-73.97802697999985,40.72943306000018],[-73.98377990999991,40.721535954000124]]]}},{"type":"Feature","id":80,"properties":{"zone_id":80,"zone":"East Williamsburg","borough":"Brooklyn","service_zone":"Boro Zone"},"geometry":{"type":"Polygon","coordinates":[[[-73.93174841322003,40.72805372769686],[-73.92958020690885,40.727612820708856],[-73.92849418540158,40.72661460330806],[-73.92561470516611,40.72006166221264],[-73.92481798943687,40.72026513747553],[-73.92453854985803,40.71934258020477],[-73.92493181378975,40.718405828749596],[-73.92887965179995,40.717720318623755],[-73.92970539915328,40.71704927938937],[-73.92947356921455,40.71572145262133],[-73.93220607307306,40.71496398092955],[-73.93124067059496,40.7137248108849],[-73.9326390524247,40.71305258616955],[-73.93203262980515,40.71159022307447],[-73.93328349320237,40.71097870745808],[-73.9319010192085,40.711338471428476],[-73.9303609456579,40.70871773853541],[-73.93154613746852,40.7118553517512],[-73.93077894737037,40.712160427955624],[-73.93184868877432,40.71256477418347],[-73.93042294313065,40.71317255867124],[-73.93105231901723,40.71461022392352],[-73.92843881814578,40.715530949575935],[-73.92890601265002,40.71661895731227],[-73.92827145107027,40.71708972883233],[-73.92460339476072,40.717953306073575],[-73.92305500014334,40.71634266479355],[-73.92488553507611,40.71526718765279],[-73.92433589757124,40.71412259346666],[-73.92223294699991,40.712854425000096],[-73.92074519699985,40.71052968600008],[-73.92189184699987,40.70939609600004],[-73.93229708600003,40.7077494470001],[-73.93480281900003,40.713372496000076],[-73.94068803099992,40.71196204800005],[-73.94042251999994,40.71121764800012],[-73.94378799599994,40.71090037900014],[-73.94273448399997,40.704473306000075],[-73.94103009799993,40.70463617700015],[-73.9408928719998,40.70391415700007],[-73.94042057899993,40.70107659800007],[-73.94193078899983,40.700725234000096],[-73.95023693799996,40.705473246000075],[-73.95087492699996,40.70951311500011],[-73.94865533499987,40.70972498300007],[-73.94937231899985,40.71406687800005],[-73.95348472199983,40.71407020800007],[-73.93174841322003,40.72805372769686]]]}},{"type":"Feature","id":81,"properties":{"zone_id":81,"zone":"Eastchester","borough":"Bronx","service_zone":"Boro Zone"},"geometry":{"type":"Polygon","coordinates":[[[-73.83737956161106,40.893924741304545],[-73.82267708790054,40.88961946903585],[-73.82248620406577,40.89009805420228],[-73.823264898565,40.889987021030194],[-73.8228533505322,40.89120682904778],[-73.79300652624502,40.88335873744286],[-73.79322870891143,40.88282259495241],[-73.80550576700001,40.88609294900007],[-73.81209659199986,40.88671501000011],[-73.8154787309999,40.88668744600013],[-73.82027432999985,40.88555070000011],[-73.82077408699996,40.886710603000076],[-73.82387140599998,40.88778362800015],[-73.83342222600004,40.8842753960001],[-73.84324113799987,40.8791089130001],[-73.8381484219999,40.87695329900011],[-73.83924788999988,40.876618738000104],[-73.83746027699992,40.87322265000007],[-73.83829221499984,40.87295133900014],[-73.83565766499987,40.86751275600013],[-73.83315960399985,40.868319756000126],[-73.82834347399992,40.860892026000094],[-73.84792614099985,40.87134223400012],[-73.85363638799987,40.87330059900015],[-73.85068955699988,40.87548667800013],[-73.85254854099988,40.877091587000116],[-73.85091896099982,40.87789344100004],[-73.85248305800003,40.87946370500008],[-73.84704957999995,40.88767181600008],[-73.83554853999995,40.88913350400011],[-73.83737956161106,40.893924741304545]]]}},{"type":"Feature","id":82,"properties":{"zone_id":82,"zone":"Elmhurst","borough":"Queens","service_zone":"Boro Zone"},"geometry":{"type":"Polygon","coordinates":[[[-73.86768504899995,40.74407171800012],[-73.86756253399983,40.74094188900014],[-73.86447086199989,40.734007274000156],[-73.87969354099992,40.72901015900008],[-73.88720524999994,40.727792997000066],[-73.8885228599999,40.7345311600001],[-73.883529104,40.733848279000036],[-73.87752195799992,40.7315931690001],[-73.87822455999998,40.73210226900007],[-73.87708276299998,40.73290931700011],[-73.88066188999987,40.73570787400013],[-73.88033059399994,40.73733367700008],[-73.88230252700001,40.737707701000126],[-73.87743058400002,40.73860051600011],[-73.88100387999987,40.74184066200016],[-73.882942868,40.74160954400002],[-73.88282912199988,40.74099228300007],[-73.88551225099984,40.74016501900009],[-73.88572588199987,40.741288706000056],[-73.887511321,40.74108252700011],[-73.88798650799986,40.743548192000134],[-73.89071647499993,40.74312778400012],[-73.8917504879999,40.746811727000086],[-73.86942458599985,40.74915685200012],[-73.86768504899995,40.74407171800012]]]}},{"type":"Feature","id":83,"properties":{"zone_id":83,"zone":"Elmhurst/Maspeth","borough":"Queens","service_zone":"Boro Zone"},"geometry":{"type":"Polygon","coordinates":[[[-73.89139145499985,40.74664100400003],[-73.89071647499993,40.74312778400012],[-73.88798650799986,40.743548192000134],[-73.887511321,40.74108252700011],[-73.88572588200003,40.7412887050001],[-73.88551225099984,40.74016501900009],[-73.88282912199988,40.74099228300007],[-73.882942868,40.74160954400002],[-73.88100387999987,40.74184066200016],[-73.87791831799989,40.73939495700009],[-73.87743058399992,40.7386005150001],[-73.88230252700001,40.737707701000126],[-73.88033059399994,40.73733367700008],[-73.88066188999987,40.73570787400013],[-73.87708276299998,40.73290931700011],[-73.87822455999998,40.73210226900007],[-73.87752195799992,40.7315931690001],[-73.883529104,40.733848279000036],[-73.89830799699995,40.735194184000164],[-73.90107970900003,40.733914634000065],[-73.90516948899983,40.735859643000055],[-73.90628903499987,40.73240075200009],[-73.91068876399997,40.733471082000115],[-73.90926002999988,40.736403180000046],[-73.90057825399985,40.73949289600007],[-73.89524819599988,40.74381973000011],[-73.8946865809999,40.74562432000007],[-73.89624245599988,40.748719545000064],[-73.89139145499985,40.74664100400003]]]}},{"type":"Feature","id":84,"properties":{"zone_id":84,"zone":"Eltingville/Annadale/Prince's Bay","borough":"Staten Island","service_zone":"Boro Zone"},"geometry":{"type":"Polygon","coordinates":[[[-74.16005732699995,40.52763504200009],[-74.164602248092,40.52615279838793],[-74.1699971116146,40.52304577245251],[-74.1720632017547,40.52332056936493],[-74.17756306042942,40.519217618160084],[-74.18104081208887,40.520705036287346],[-74.1848311647976,40.51934135860102],[-74.19521339999068,40.5099776529558],[-74.19649936989559,40.50992353139805],[-74.19967205357709,40.51142685049768],[-74.2000371231315,40.51267759982996],[-74.19936127407834,40.51301019443236],[-74.20759701728615,40.511835156152024],[-74.20968789397446,40.510797369342555],[-74.2091899682503,40.51049905695538],[-74.2093220046419,40.5103986288956],[-74.2098765501006,40.510646600371004],[-74.21353130803675,40.506397477228056],[-74.21510815859857,40.50605975566729],[-74.21754755095681,40.503360049490816],[-74.22188242299993,40.50267484100007],[-74.22290251399993,40.50893654000008],[-74.22690993399992,40.51917139800004],[-74.22379595899992,40.51819634600008],[-74.21760570099995,40.520871688000064],[-74.21354593499994,40.52123571500012],[-74.21409806799993,40.5240971950001],[-74.20919660199999,40.52537658000007],[-74.20152661599995,40.52626520600013],[-74.19909783799994,40.52829964500014],[-74.19174368799999,40.531916697000064],[-74.19377169299999,40.53583384700012],[-74.18903145199995,40.53815934200008],[-74.18128532999992,40.54695757300009],[-74.17512402999996,40.55762003800012],[-74.17185166499996,40.5615209230001],[-74.16982582400001,40.5610904210001],[-74.16707279099998,40.54816306700014],[-74.16540080799992,40.54443272300009],[-74.15786625499994,40.536558095000046],[-74.15397419799994,40.534268148000116],[-74.15690813799995,40.531262028000114],[-74.16134961699994,40.52937342400013],[-74.16005732699995,40.52763504200009]]]}},{"type":"Feature","id":85,"properties":{"zone_id":85,"zone":"Erasmus","borough":"Brooklyn","service_zone":"Boro Zone"},"geometry":{"type":"Polygon","coordinates":[[[-73.94715896299984,40.65559378700011],[-73.94703257599998,40.65433871400009],[-73.94606690599983,40.6544102620001],[-73.94570606199984,40.651006784000096],[-73.94667414499983,40.65094811900014],[-73.94586879199989,40.64342374400007],[-73.94778994699976,40.643305736000094],[-73.94744296799982,40.6400476650001],[-73.94841343400003,40.63998746400015],[-73.94826499600005,40.638607190000116],[-73.9536000469999,40.63842234700013],[-73.95763644599988,40.642689499000085],[-73.9587078989999,40.65038727300009],[-73.94957113100006,40.65080790000012],[-73.95006664899988,40.65542299700009],[-73.94715896299984,40.65559378700011]]]}},{"type":"Feature","id":86,"properties":{"zone_id":86,"zone":"Far Rockaway","borough":"Queens","service_zone":"Boro Zone"},"geometry":{"type":"Polygon","coordinates":[[[-73.76669071688973,40.614226621571326],[-73.76516400829198,40.61375420268676],[-73.76505961679173,40.61203523061066],[-73.76229944090417,40.61135920604606],[-73.76172413788875,40.61184724275787],[-73.76023635756965,40.61082086495048],[-73.76178242960593,40.60915167005466],[-73.76155051905889,40.609031365800995],[-73.75998446974822,40.610879377846864],[-73.75972099038579,40.61015159808308],[-73.7556083701559,40.61007791963768],[-73.74799307308612,40.61231015798412],[-73.74685539012165,40.6115741005299],[-73.7457615018933,40.61199165437453],[-73.74314655207264,40.60725986604805],[-73.73815143112287,40.60271044008356],[-73.73808925304176,40.59768829704574],[-73.73871968076894,40.5969488173266],[-73.73857461617719,40.597244631577894],[-73.73862641254613,40.59726591462501],[-73.73992747215387,40.597054949536854],[-73.74009714262667,40.59620864729196],[-73.7406438431081,40.597001198658475],[-73.74183083531219,40.596695551456996],[-73.73992792985005,40.59606158731353],[-73.73979634028939,40.596882675628066],[-73.73858431403262,40.5968609477763],[-73.73812220887619,40.59738610206959],[-73.73763679389783,40.594415399838155],[-73.74222603097068,40.59490588332445],[-73.74664920374843,40.59428089500893],[-73.75352988157324,40.59094648500079],[-73.76376223423699,40.59143970901701],[-73.76440183099986,40.5945716830001],[-73.76277845599988,40.5947565440001],[-73.7633344969999,40.5978228740001],[-73.76128753399995,40.599549271000136],[-73.76165797299984,40.59997307000006],[-73.76336096499996,40.599105043000144],[-73.76444582499997,40.6004352410001],[-73.76654204999997,40.5994344420001],[-73.76599689399985,40.598721062000074],[-73.76771811799993,40.596261310000116],[-73.76795043655434,40.598158511418696],[-73.77098168371994,40.598894091049715],[-73.77048113198755,40.60484190532012],[-73.76895714023856,40.60927991805655],[-73.77221438055132,40.611497664584164],[-73.773383685269,40.61115295039183],[-73.77296268686533,40.610152762945916],[-73.77417180232338,40.61182871527607],[-73.77339803484178,40.61368296748439],[-73.76669071688973,40.614226621571326]]]}},{"type":"Feature","id":87,"properties":{"zone_id":87,"zone":"Financial District North","borough":"Manhattan","service_zone":"Yellow Zone"},"geometry":{"type":"Polygon","coordinates":[[[-74.00505672899992,40.70878876900018],[-74.00197014837809,40.7047311592025],[-74.00332307270776,40.705628595220205],[-74.00297246475286,40.70476649244276],[-74.00364446183858,40.70542168463901],[-74.00459003883661,40.70478775294514],[-74.00349632042315,40.70379676926797],[-74.00480628900739,40.70464206905144],[-74.0053502722475,40.70431007996167],[-74.004272587521,40.70301566641167],[-74.00563775955965,40.70410583053937],[-74.00659591913875,40.70368590245203],[-74.00530412596079,40.70255986563327],[-74.00550166067457,40.70243086779721],[-74.00678502191047,40.703568127905456],[-74.0077967509999,40.70306351500009],[-74.00974639299996,40.7047752480001],[-74.0098658089999,40.70579642700012],[-74.01250773999998,40.706767066000126],[-74.00906264799988,40.710886704000124],[-74.00505672899992,40.70878876900018]]]}},{"type":"Feature","id":88,"properties":{"zone_id":88,"zone":"Financial District South","borough":"Manhattan","service_zone":"Yellow Zone"},"geometry":{"type":"Polygon","coordinates":[[[-74.00974639299996,40.7047752480001],[-74.00760498189766,40.702993141329365],[-74.00930907655483,40.70195460302269],[-74.00869964313567,40.70113986754237],[-74.00759136204225,40.70132808104834],[-74.00862036163882,40.70055216421604],[-74.00960052263278,40.701865481918034],[-74.01116664151876,40.70147720220851],[-74.01082511780585,40.70020930486736],[-74.01115033556829,40.70089840010112],[-74.01208668214687,40.7006813087394],[-74.01196196116912,40.70003754559568],[-74.01310747847366,40.70050745218089],[-74.01311303826309,40.69977416588543],[-74.01415893499998,40.70109629000008],[-74.01428922899998,40.70454907500009],[-74.01326979499997,40.704553496000166],[-74.01240001199992,40.70678480800008],[-74.0098658089999,40.70579642700012],[-74.00974639299996,40.7047752480001]]]}},{"type":"Feature","id":89,"properties":{"zone_id":89,"zone":"Flatbush/Ditmas Park","borough":"Brooklyn","service_zone":"Boro Zone"},"geometry":{"type":"Polygon","coordinates":[[[-73.95374853799996,40.63858633800012],[-73.94537272499997,40.638786955000064],[-73.94462885499995,40.63183773500011],[-73.94647961799998,40.6317081620001],[-73.94415535299991,40.62950828500008],[-73.95995565099992,40.62777867200009],[-73.96040734299989,40.6301625310001],[-73.96232599399991,40.62996871700009],[-73.97136622199992,40.62892916200017],[-73.97092126300004,40.62656998500012],[-73.97623453700001,40.625976350000094],[-73.97716511999984,40.630746654000085],[-73.96986869299991,40.63419467500009],[-73.97029036199991,40.636406341000075],[-73.96803868499985,40.63665098500013],[-73.97139631700004,40.64825778600006],[-73.96465438699984,40.65088772800012],[-73.96621321999996,40.653189405000084],[-73.95986103199981,40.655634789000096],[-73.95763644599988,40.642689499000085],[-73.95374853799996,40.63858633800012]]]}},{"type":"Feature","id":90,"properties":{"zone_id":90,"zone":"Flatiron","borough":"Manhattan","service_zone":"Yellow Zone"},"geometry":{"type":"Polygon","coordinates":[[[-73.99141858599994,40.744802682000085],[-73.99683993899998,40.73736088900014],[-74.00252381499989,40.739752644000134],[-73.99709902899994,40.74720510200011],[-73.99141858599994,40.744802682000085]]]}},{"type":"Feature","id":91,"properties":{"zone_id":91,"zone":"Flatlands","borough":"Brooklyn","service_zone":"Boro Zone"},"geometry":{"type":"Polygon","coordinates":[[[-73.91973736999986,40.64277814800007],[-73.91690302699992,40.616274229000126],[-73.9205269409999,40.61394269500007],[-73.92062400299996,40.6148386820001],[-73.92640044599995,40.61447853500008],[-73.92629604599998,40.61311679900013],[-73.93173179199982,40.61792692100008],[-73.93320457599995,40.61697044200009],[-73.93686699599992,40.6202532810001],[-73.94078914099985,40.61769679000005],[-73.94346961999989,40.61738500100011],[-73.94573691999982,40.615363407000096],[-73.94651373199997,40.61949401900014],[-73.94451833400001,40.61971364700009],[-73.94732672199994,40.62916656700002],[-73.94415535299991,40.62950828500008],[-73.94647961799998,40.6317081620001],[-73.93701746200003,40.63231097900011],[-73.9372670019998,40.63465062500009],[-73.92744822299986,40.635258410000056],[-73.92616377799996,40.637572961000075],[-73.92538233099985,40.642384532000065],[-73.92356525899983,40.64249929800009],[-73.92332654599986,40.63990021600011],[-73.91973736999986,40.64277814800007]]]}},{"type":"Feature","id":92,"properties":{"zone_id":92,"zone":"Flushing","borough":"Queens","service_zone":"Boro Zone"},"geometry":{"type":"Polygon","coordinates":[[[-73.82583089999997,40.77591527100007],[-73.82655841999986,40.770137084000105],[-73.82466908999987,40.77040760800004],[-73.82348245199985,40.76465179200011],[-73.82080684899987,40.75894178300009],[-73.81789245699991,40.7570863380001],[-73.82030067699999,40.755514980000115],[-73.8184078289999,40.75383042200016],[-73.820849288,40.75224154500008],[-73.81575069499983,40.746979480000086],[-73.82108427599998,40.74855844600013],[-73.82426493900002,40.75183288900014],[-73.82576557299983,40.75096902400013],[-73.82584440999999,40.74934839100011],[-73.82765641899984,40.74986083100008],[-73.83300302099987,40.74783363100007],[-73.83229535699988,40.751941791000036],[-73.83560230899995,40.75139485300011],[-73.83805974199996,40.75466660700009],[-73.83867321899987,40.757019979000134],[-73.83679107299986,40.76116667100011],[-73.83689970199995,40.7626981180001],[-73.83790429599993,40.76458779700008],[-73.8394581342306,40.765445768229476],[-73.83614052499993,40.769527374000134],[-73.83000011099983,40.77373240700016],[-73.82513740299993,40.78169970600014],[-73.82224127699999,40.781693879000116],[-73.82433101899987,40.77674307000011],[-73.82583089999997,40.77591527100007]]]}},{"type":"Feature","id":93,"properties":{"zone_id":93,"zone":"Flushing Meadows-Corona Park","borough":"Queens","service_zone":"Boro Zone"},"geometry":{"type":"Polygon","coordinates":[[[-73.85763896602006,40.76309944863487],[-73.8566748236235,40.763930188326334],[-73.85758285470693,40.7630729006268],[-73.8565867538878,40.762722840114435],[-73.85760424037194,40.763053281789155],[-73.85817631070508,40.762396294224],[-73.8566119581333,40.761649542759486],[-73.85819433132511,40.762374107984705],[-73.85858526284439,40.761917008597145],[-73.85747662435531,40.761308916687526],[-73.85158552901191,40.75935542065714],[-73.84930110814332,40.76024287535016],[-73.84987484496149,40.76110381294867],[-73.85207200177854,40.7603928846723],[-73.84981162475142,40.761270974008404],[-73.8486865565891,40.76013849511083],[-73.84670933714986,40.76134526931997],[-73.84324381399976,40.75533680400015],[-73.83867321899987,40.757019979000134],[-73.83778038200002,40.754130683000135],[-73.83701406699998,40.75402742100005],[-73.83560230899995,40.75139485300011],[-73.83229535699988,40.751941791000036],[-73.83300302099987,40.74783363100007],[-73.83469042599992,40.74690269800013],[-73.8360998919999,40.74242906900008],[-73.83699037399995,40.74209330100012],[-73.83669458799986,40.73954125400015],[-73.83564585599999,40.73849101100007],[-73.83612778599989,40.73424131200013],[-73.83073214599987,40.7265493280001],[-73.8273090039999,40.72464607700008],[-73.82531644999993,40.717275700000144],[-73.81729568999994,40.71757964500014],[-73.82018883899984,40.71673522400005],[-73.82524731699984,40.71645544500008],[-73.82715524299999,40.71538800400007],[-73.83145866999996,40.71455444900013],[-73.8297961659998,40.715565719000054],[-73.83488359399998,40.71930327200013],[-73.83985434299984,40.72817756900008],[-73.84421250399983,40.732733041000145],[-73.84689366199993,40.73867121700009],[-73.84823627999982,40.73929040100016],[-73.84780164699998,40.740049677000066],[-73.85011556599989,40.74072356300015],[-73.85436928099993,40.74873893000008],[-73.85086439699991,40.74999564200006],[-73.85379813799992,40.757177612000106],[-73.85525140099982,40.759147530000085],[-73.85912375899987,40.76127549900015],[-73.86109724399991,40.763664478000095],[-73.86043337809801,40.76386888243795],[-73.85861915281858,40.76193559699909],[-73.85765473616219,40.763079823351376],[-73.85850081255238,40.763376433585236],[-73.85763896602006,40.76309944863487]]]}},{"type":"Feature","id":94,"properties":{"zone_id":94,"zone":"Fordham South","borough":"Bronx","service_zone":"Boro Zone"},"geometry":{"type":"Polygon","coordinates":[[[-73.89964261700001,40.86221043700006],[-73.897143798,40.86244506500012],[-73.89883814599983,40.85930730800009],[-73.89573924699978,40.85813820700007],[-73.89106280699994,40.86152941200009],[-73.8956088329998,40.85457037000006],[-73.89709926799996,40.855172291000066],[-73.89863543699985,40.85390697500014],[-73.89816577499982,40.855146376000064],[-73.90077922699986,40.85604711000012],[-73.90185996099993,40.854586149000134],[-73.90557007299988,40.85578732200007],[-73.90468371399987,40.85706030200009],[-73.90565953499988,40.85739873400016],[-73.90351390599986,40.860917510000085],[-73.90254479399998,40.860578255000085],[-73.90107966999994,40.862756383000104],[-73.89964261700001,40.86221043700006]]]}},{"type":"Feature","id":95,"properties":{"zone_id":95,"zone":"Forest Hills","borough":"Queens","service_zone":"Boro Zone"},"geometry":{"type":"Polygon","coordinates":[[[-73.84732494199989,40.73877145800009],[-73.844060203,40.73249274000009],[-73.83985434299984,40.72817756900008],[-73.83488359399998,40.71930327200013],[-73.8297961659998,40.715565719000054],[-73.83103141799982,40.71433672500008],[-73.8377089419999,40.71103648400008],[-73.84491011200004,40.70856033100013],[-73.84933156199999,40.708388334000134],[-73.85593991699984,40.7063980340001],[-73.8586809759999,40.72261244000007],[-73.86203833799982,40.72595678500013],[-73.85805416899993,40.72444540600008],[-73.857271081,40.72568129800008],[-73.8594198799999,40.7264648380001],[-73.8580876569999,40.72856872200008],[-73.85741240699991,40.72832248000006],[-73.85851097899999,40.73028680200011],[-73.85625665099991,40.73095912300011],[-73.85872465799989,40.73570864400008],[-73.84732494199989,40.73877145800009]]]}},{"type":"Feature","id":96,"properties":{"zone_id":96,"zone":"Forest Park/Highland Park","borough":"Queens","service_zone":"Boro Zone"},"geometry":{"type":"Polygon","coordinates":[[[-73.84314625299982,40.709223456000124],[-73.83714702999997,40.70795704600008],[-73.83810401799988,40.706313024000075],[-73.83696237799982,40.70421245200013],[-73.84502472899999,40.6993593770001],[-73.84913837299976,40.69828274100016],[-73.85070842300001,40.70020312500008],[-73.85443455699989,40.700602952000146],[-73.85277238699999,40.69755711200008],[-73.874020533,40.69419129500014],[-73.87950641199996,40.69114676900007],[-73.88452250999984,40.686684749000065],[-73.88962787599998,40.68423645400007],[-73.89015418699982,40.685003990000055],[-73.89252316899987,40.68342453300006],[-73.89417463299992,40.6852832480001],[-73.89646625099994,40.68233642200007],[-73.90116155099986,40.687877935000145],[-73.90042465099988,40.68818389800005],[-73.90180467199994,40.69076629800009],[-73.9003866789998,40.69313996000012],[-73.89736265799978,40.69411084700008],[-73.89695653499987,40.691949207000114],[-73.89474270999995,40.69263695200008],[-73.89326209899984,40.69220094700014],[-73.89357935000005,40.69308532900006],[-73.89558625499983,40.693979162000076],[-73.8950769439999,40.69459139000008],[-73.89245207599993,40.69522572800004],[-73.89195658699997,40.6944105700001],[-73.88919365299998,40.69493577000011],[-73.88828642399997,40.695236917000116],[-73.88865416899996,40.69582954900013],[-73.88642048199995,40.696458149000144],[-73.88779396299992,40.697665427000096],[-73.88771297999985,40.69967807600011],[-73.88280948499987,40.700683455000096],[-73.88182690599986,40.69952929900007],[-73.87621714199997,40.70159500500014],[-73.87639785199995,40.702294042000105],[-73.86285374199994,40.70341449200011],[-73.85819890699996,40.70291107400006],[-73.85893224399979,40.70132034500008],[-73.85725351500002,40.70121217700007],[-73.85529571500001,40.70199101000009],[-73.85529275899978,40.702595502000136],[-73.85252019099998,40.702291724000155],[-73.854739573,40.70518485000013],[-73.85473240499985,40.70676414300008],[-73.84933156199999,40.708388334000134],[-73.84567198199987,40.708410366000095],[-73.84314625299982,40.709223456000124]]]}},{"type":"Feature","id":97,"properties":{"zone_id":97,"zone":"Fort Greene","borough":"Brooklyn","service_zone":"Boro Zone"},"geometry":{"type":"Polygon","coordinates":[[[-73.9697278989999,40.69780401400004],[-73.96880989600005,40.693120382000146],[-73.96983118499983,40.69313424400016],[-73.96910362499993,40.68946752200006],[-73.97013154199992,40.689506308000034],[-73.96868961400001,40.68200525800008],[-73.97745722099987,40.68405228700007],[-73.98092822899991,40.68890247700007],[-73.98372011099993,40.690006719000124],[-73.98147568199991,40.68993094400006],[-73.9817588899999,40.69295517300009],[-73.98253983699992,40.69300261600015],[-73.98251122999989,40.693614334000124],[-73.97916718399999,40.69348832300011],[-73.98013518099992,40.69469801700014],[-73.98054419199988,40.69824651200008],[-73.9697278989999,40.69780401400004]]]}},{"type":"Feature","id":98,"properties":{"zone_id":98,"zone":"Fresh Meadows","borough":"Queens","service_zone":"Boro Zone"},"geometry":{"type":"Polygon","coordinates":[[[-73.76772991399994,40.74577622600012],[-73.7624860929999,40.73673098100008],[-73.76273303499985,40.73526216300015],[-73.76510920699994,40.73455658500012],[-73.76369979199988,40.73286411700011],[-73.76564374500005,40.732533127000146],[-73.76234209799992,40.72953829100006],[-73.75669771299987,40.72622871100009],[-73.76924074899993,40.725902701000074],[-73.774371087,40.72426113200006],[-73.77727808000003,40.72234633600008],[-73.7780376599998,40.72328426900005],[-73.7752338719998,40.72523753300007],[-73.77757506899987,40.73019327300006],[-73.79174472699992,40.725788850000136],[-73.79458633199991,40.73505225200007],[-73.79640218700004,40.73828235800007],[-73.78036603499996,40.74259166300006],[-73.7724146099999,40.74388484500012],[-73.76772991399994,40.74577622600012]]]}},{"type":"Feature","id":99,"properties":{"zone_id":99,"zone":"Freshkills Park","borough":"Staten Island","service_zone":"Boro Zone"},"geometry":{"type":"Polygon","coordinates":[[[-74.1676915249999,40.58883149300006],[-74.16995465599994,40.57345803800011],[-74.16982582400001,40.5610904210001],[-74.18295815999996,40.56548020000012],[-74.189477545,40.56358099000007],[-74.19101021699996,40.56256940200011],[-74.193410946,40.562485039000144],[-74.20091501299991,40.55600526000006],[-74.20314825999996,40.55606178500006],[-74.20520041199991,40.55733222100007],[-74.20699885299997,40.55756748900009],[-74.2056960519999,40.55851600600007],[-74.21324031454323,40.55667262386926],[-74.21117440194196,40.56045988235649],[-74.21072667690999,40.56527391136233],[-74.20801705381407,40.57051795740094],[-74.20596154297344,40.58004699388298],[-74.20350663899988,40.58043616000008],[-74.20048848799996,40.5799497780001],[-74.19964981299998,40.58226262600011],[-74.19423261299991,40.58514680600007],[-74.1923211319999,40.584913242000106],[-74.19131783499998,40.58570448900009],[-74.19078902199995,40.58518836700011],[-74.185371048,40.58745101500008],[-74.18730248699987,40.5884882220001],[-74.17932277499995,40.59676057900003],[-74.17822457199992,40.59982806100011],[-74.17488959399996,40.6022165730001],[-74.17260229799992,40.602971491000126],[-74.16719634899995,40.602075312000125],[-74.16886362299992,40.59472808700015],[-74.16350785499993,40.59327218000012],[-74.16369888299994,40.5922583390001],[-74.1676915249999,40.58883149300006]]]}},{"type":"Feature","id":100,"properties":{"zone_id":100,"zone":"Garment District","borough":"Manhattan","service_zone":"Yellow Zone"},"geometry":{"type":"Polygon","coordinates":[[[-73.98411754799999,40.75484205300015],[-73.98776905899994,40.74978702900011],[-73.99346417699985,40.75219005500008],[-73.98979085399995,40.75723313200011],[-73.98411754799999,40.75484205300015]]]}},{"type":"Feature","id":101,"properties":{"zone_id":101,"zone":"Glen Oaks","borough":"Queens","service_zone":"Boro Zone"},"geometry":{"type":"Polygon","coordinates":[[[-73.70217841689814,40.75288593950016],[-73.70002020501624,40.73923654186614],[-73.70766217302989,40.72783093475488],[-73.71049995381028,40.72722708720683],[-73.71147804899985,40.73250140100007],[-73.71544946799989,40.73921680400015],[-73.72010148299994,40.7497756860001],[-73.72258571899978,40.7488504510001],[-73.72339596299987,40.75038907600004],[-73.72627213299992,40.74930649100004],[-73.727664654,40.74965464200013],[-73.72829094199989,40.74745895700011],[-73.728962516,40.74763288800005],[-73.72837798399998,40.749381167000095],[-73.72709389599997,40.751341604000075],[-73.72299301299984,40.75421767100011],[-73.71998297099998,40.75816082100006],[-73.71767237099996,40.759311212000085],[-73.71426287799991,40.7598267470001],[-73.70217841689814,40.75288593950016]]]}},{"type":"Feature","id":102,"properties":{"zone_id":102,"zone":"Glendale","borough":"Queens","service_zone":"Boro Zone"},"geometry":{"type":"Polygon","coordinates":[[[-73.85595536199988,40.70642977900012],[-73.85473240499985,40.70676414300008],[-73.854739573,40.70518485000013],[-73.85252019099998,40.702291724000155],[-73.85529275899978,40.702595502000136],[-73.85529571500001,40.70199101000009],[-73.85827405799986,40.701223659000114],[-73.85893224399979,40.70132034500008],[-73.85819890699996,40.70291107400006],[-73.86285374199994,40.70341449200011],[-73.87639785199995,40.702294042000105],[-73.87621714199997,40.70159500500014],[-73.88182690599986,40.69952929900007],[-73.88280948499988,40.70068345600006],[-73.88771297999985,40.69967807600011],[-73.88779396299992,40.697665427000096],[-73.88642048199995,40.696458149000144],[-73.88865416899996,40.69582954900013],[-73.88828642399997,40.695236917000116],[-73.88919365299998,40.69493577000011],[-73.89195658699997,40.6944105700001],[-73.89245207599993,40.69522572800004],[-73.8950769439999,40.69459139000008],[-73.89558625499983,40.693979162000076],[-73.89357935000005,40.69308532900006],[-73.89326209899984,40.69220094700014],[-73.89474270999993,40.69263695300005],[-73.89695653499987,40.691949207000114],[-73.89736265799978,40.69411084700008],[-73.900030392,40.69343745100009],[-73.89838185199996,40.69613599800011],[-73.89558457599986,40.69712764200009],[-73.89500322699999,40.69971237700005],[-73.88911917799989,40.70559887700011],[-73.88553214199999,40.70644568300004],[-73.86911007199988,40.70708933700009],[-73.87016462499984,40.709207743000064],[-73.86500981999998,40.710776909000074],[-73.85965416799995,40.713379961000044],[-73.85975932900001,40.71184505900005],[-73.85729287299985,40.71146767700007],[-73.85595536199988,40.70642977900012]]]}},{"type":"Feature","id":103,"properties":{"zone_id":103,"zone":"Governor's Island/Ellis Island/Liberty Island","borough":"Manhattan","service_zone":"Yellow Zone"},"geometry":{"type":"MultiPolygon","coordinates":[[[[-74.01540359141636,40.693066497309346],[-74.01343629886243,40.692121076587924],[-74.01175033086638,40.69231641141247],[-74.01333264149613,40.69201997010257],[-74.01182575354963,40.69106481621633],[-74.01316926402752,40.6881547712034],[-74.0170498660923,40.686875987919144],[-74.0151439102199,40.68643703404323],[-74.01667351529983,40.686305168553645],[-74.01753032434085,40.68536298793258],[-74.01712099101067,40.686843337636795],[-74.02054367293081,40.68527206792615],[-74.01939842391928,40.68508740404734],[-74.02259359581036,40.684359695950114],[-74.02213250186877,40.683767672385386],[-74.02305574749599,40.68291694544539],[-74.0227589902996,40.68428444833244],[-74.02588501823519,40.684376526840275],[-74.02642577243199,40.686175339829745],[-74.01971454942077,40.69313300682737],[-74.01540359141636,40.693066497309346]]],[[[-74.04273533896499,40.690050191210226],[-74.04438521705612,40.688516178201674],[-74.04772962698515,40.68991531823329],[-74.04689205500284,40.69005909816152],[-74.04717029494704,40.6909913291227],[-74.04614707204328,40.69112264601674],[-74.04350596056258,40.689687359818336],[-74.04273533896499,40.690050191210226]]],[[[-74.0393827810941,40.70057769428076],[-74.03771124798313,40.699344040174005],[-74.03822954422694,40.698368591349045],[-74.03934037685065,40.6981155144182],[-74.04124261816106,40.69953674121756],[-74.04174768884,40.69914786378356],[-74.0399124888631,40.69770204019932],[-74.0416605190741,40.696452971320056],[-74.04365651081106,40.698064091044095],[-74.0410986121853,40.70049294319496],[-74.0393827810941,40.70057769428076]]]]}},{"type":"Feature","id":106,"properties":{"zone_id":106,"zone":"Gowanus","borough":"Brooklyn","service_zone":"Boro Zone"},"geometry":{"type":"Polygon","coordinates":[[[-73.98610388199985,40.68100852200013],[-73.98175642299985,40.67931462400007],[-73.99277080699981,40.66550728100006],[-73.99490350199991,40.66678543500008],[-73.9986188799999,40.671830172000085],[-73.99506451099982,40.675840475000044],[-73.99069861899994,40.675807419000144],[-73.9876680399999,40.680817810000114],[-73.98653302999993,40.6803726390001],[-73.98610388199985,40.68100852200013]]]}},{"type":"Feature","id":107,"properties":{"zone_id":107,"zone":"Gramercy","borough":"Manhattan","service_zone":"Yellow Zone"},"geometry":{"type":"Polygon","coordinates":[[[-73.98238628799993,40.73141124500013],[-73.98990295999991,40.73443479000011],[-73.98991689999981,40.73534934200011],[-73.98407485299994,40.74332471800008],[-73.98085965399993,40.74196976800009],[-73.98266497499989,40.73949733300005],[-73.97805226499996,40.7375539540001],[-73.98238628799993,40.73141124500013]]]}},{"type":"Feature","id":108,"properties":{"zone_id":108,"zone":"Gravesend","borough":"Brooklyn","service_zone":"Boro Zone"},"geometry":{"type":"Polygon","coordinates":[[[-73.97148350899987,40.597171585000154],[-73.97189684799982,40.5943525110001],[-73.97115101799994,40.5904424440001],[-73.96514385199995,40.59110191600009],[-73.96661531499983,40.584571037000124],[-73.97742525299988,40.582906593000146],[-73.98710120299997,40.58464459200009],[-73.98654457099988,40.58365859100015],[-73.98829948299982,40.58346674700007],[-73.98995504960881,40.58066166976581],[-73.99185535656628,40.58162397854631],[-73.99026244714351,40.5846191482055],[-73.99547188560318,40.58221005511821],[-74.0003088081067,40.583177037514886],[-74.00035951790473,40.58418644588059],[-73.99808523776004,40.585364721581676],[-73.99970597099518,40.585689819858736],[-73.99956511570304,40.58624392009591],[-73.9940790462178,40.58869344199077],[-73.99795639739294,40.587269506365836],[-73.99487677695375,40.58877174667541],[-73.99534737661207,40.589331380440186],[-74.00031734303268,40.58645333502349],[-74.00038207107852,40.58713305717489],[-73.99375761899992,40.590331844000055],[-73.99330855,40.589583899000154],[-73.99036425099996,40.59143193200012],[-73.98962150099992,40.590981993000156],[-73.98601936799993,40.59444604900009],[-73.98463965399982,40.59355217600009],[-73.97995443499985,40.59407381200009],[-73.98035785499995,40.59619154100013],[-73.97148350899987,40.597171585000154]]]}},{"type":"Feature","id":109,"properties":{"zone_id":109,"zone":"Great Kills","borough":"Staten Island","service_zone":"Boro Zone"},"geometry":{"type":"Polygon","coordinates":[[[-74.14789716899996,40.570887286000165],[-74.13170009,40.56453574900012],[-74.13561300299993,40.55898002700013],[-74.13885092699991,40.556951179000094],[-74.13316825999992,40.55235617900015],[-74.13861798499994,40.54849238500007],[-74.13585712583111,40.54645169635754],[-74.1371798712987,40.54579286466078],[-74.13611540724054,40.54501984567999],[-74.13719287519704,40.54578429470027],[-74.13750833508846,40.54557755723881],[-74.13658907071063,40.544845486096115],[-74.13687348630864,40.54468259391021],[-74.13794966050746,40.54600033758088],[-74.13886951340419,40.54513019760749],[-74.13762430745145,40.54425356641846],[-74.13875534703455,40.54493395842708],[-74.13901965079306,40.54471556103011],[-74.13786798524545,40.54405254413111],[-74.138043468979,40.54390456296652],[-74.13903307178626,40.54470491030018],[-74.13953937915736,40.54429514087233],[-74.13834151288822,40.54355182881425],[-74.13956971698569,40.54427227483065],[-74.13983697786095,40.54405246234094],[-74.13870632397268,40.543291410834584],[-74.13890636539442,40.543131777602504],[-74.14038573073617,40.54403318500807],[-74.13921993485874,40.54316608513808],[-74.14029571947157,40.54364045715569],[-74.13936132804027,40.5428258639988],[-74.14062715566955,40.54311302969269],[-74.13963169074167,40.54254109756638],[-74.13985859891669,40.54235717512929],[-74.14064614869828,40.543094214902304],[-74.14132426794235,40.54309413383039],[-74.14016510037457,40.54236621843368],[-74.14033528229751,40.5422282092597],[-74.14020723606573,40.54236522429853],[-74.14141073560397,40.54302241508055],[-74.14026290400692,40.54196151152279],[-74.14134901379589,40.54257752313177],[-74.14179719957052,40.54220041538257],[-74.14063984172124,40.54169454203742],[-74.14095816832888,40.541432077965176],[-74.14229632246158,40.54225784915566],[-74.14172892651293,40.53933948409718],[-74.14226513007988,40.53814035366484],[-74.14186762291457,40.53844409071939],[-74.1421671801914,40.53793276106834],[-74.14104157916547,40.53734688546753],[-74.14218574841878,40.53791777829174],[-74.14158287690883,40.53708757795259],[-74.14374951249268,40.53719106134647],[-74.14474069813576,40.53580104421141],[-74.14794320046134,40.534923016993154],[-74.15069553618272,40.532545838937324],[-74.15245660936695,40.53206794400111],[-74.15622373887356,40.52921970935322],[-74.15608512824117,40.52863938697627],[-74.1570186194626,40.52897765580982],[-74.15970134520207,40.52729599283172],[-74.16134961699994,40.52937342400013],[-74.15690813799995,40.531262028000114],[-74.15397419799994,40.534268148000116],[-74.15786625499994,40.536558095000046],[-74.16540080799992,40.54443272300009],[-74.16707279199991,40.54816306700015],[-74.16982582400001,40.5610904210001],[-74.1649414939999,40.5601117970001],[-74.15725974199995,40.5625533190001],[-74.154664477,40.56551344300011],[-74.14789716899996,40.570887286000165]]]}},{"type":"Feature","id":110,"properties":{"zone_id":110,"zone":"Great Kills Park","borough":"Staten Island","service_zone":"Boro Zone"},"geometry":{"type":"Polygon","coordinates":[[[-74.1194585929999,40.5522219060001],[-74.11656290099995,40.549127742000074],[-74.11495831999993,40.549581439000114],[-74.11338340608125,40.548073375075525],[-74.11546177798424,40.54751536252608],[-74.11654532176979,40.5478723931468],[-74.11977810044972,40.545470456661846],[-74.12245306050386,40.54477054563],[-74.13356443498029,40.53151117480581],[-74.1369079907634,40.5292819188829],[-74.13883030715276,40.5298893563532],[-74.1406109270312,40.53413060019034],[-74.14032475393472,40.53528457972212],[-74.13381005153853,40.535642939890096],[-74.13119545689379,40.53787240877473],[-74.13181387201769,40.53830735868589],[-74.13243402654851,40.537776532272964],[-74.13191182124638,40.537532840977114],[-74.13339187377338,40.53695798434774],[-74.13287438280999,40.53671963230257],[-74.1330350883952,40.53657487562607],[-74.13386054140379,40.53659796249402],[-74.12996934203085,40.53996776961436],[-74.13000272814944,40.539172393658745],[-74.13054176521159,40.53940930625587],[-74.1308390685189,40.53914759289269],[-74.130322448993,40.538900471244645],[-74.1304852829474,40.53875891625617],[-74.13085918854094,40.539131339802516],[-74.13065428041827,40.53861731113317],[-74.13179350815649,40.53832599199191],[-74.13116466312675,40.537900135869286],[-74.12844667307078,40.540249215719086],[-74.12738789634466,40.5422954299645],[-74.12762994038083,40.543608893115746],[-74.13011404715266,40.54597572663585],[-74.13308664365854,40.546834295093795],[-74.13585712583111,40.54645169635754],[-74.13861798499991,40.548492384000085],[-74.12730057799996,40.55729517200013],[-74.1194585929999,40.5522219060001]]]}},{"type":"Feature","id":111,"properties":{"zone_id":111,"zone":"Green-Wood Cemetery","borough":"Brooklyn","service_zone":"Boro Zone"},"geometry":{"type":"Polygon","coordinates":[[[-73.99516890099986,40.65966952200011],[-73.990188415,40.657600818000084],[-73.98843135299977,40.65925121200015],[-73.98179568699996,40.65524609700011],[-73.98029115499993,40.64729716100007],[-73.98905872499985,40.64411924100014],[-73.99830602299986,40.649740015000134],[-73.99779466000001,40.65028889000011],[-74.00214474599989,40.65295610700014],[-73.99516890099986,40.65966952200011]]]}},{"type":"Feature","id":112,"properties":{"zone_id":112,"zone":"Greenpoint","borough":"Brooklyn","service_zone":"Boro Zone"},"geometry":{"type":"MultiPolygon","coordinates":[[[[-73.96236596889428,40.724209061614374],[-73.9620727192192,40.72388030020167],[-73.96247195112899,40.72417498927378],[-73.96236596889428,40.724209061614374]]],[[[-73.95428317027596,40.73910737037358],[-73.94652352854791,40.73692685395834],[-73.94719983367108,40.73535517811432],[-73.94706532915383,40.73440199281946],[-73.94557048457217,40.7366123039106],[-73.94518507181313,40.73547915267798],[-73.94451542117358,40.73628439139558],[-73.94239443542429,40.73542574994779],[-73.9398132262544,40.7311526889122],[-73.9381033496066,40.72972851952156],[-73.93226852175046,40.72817465801584],[-73.94721341799986,40.71856098600007],[-73.94841638599995,40.718455533000146],[-73.94907816799986,40.722540287000115],[-73.95064594299997,40.721705693000075],[-73.95164632299998,40.72348585700012],[-73.95477662900004,40.72245950500013],[-73.95814292503528,40.72440428420155],[-73.95842611843923,40.72540053583237],[-73.9616151883593,40.7258655630742],[-73.96143187677843,40.73096517164805],[-73.9622634042328,40.73291555162368],[-73.96406507049177,40.7327790406538],[-73.9623040801106,40.73311409141083],[-73.96157494306725,40.73517961492879],[-73.95837507902779,40.73809694936882],[-73.9569300286511,40.738887073071744],[-73.95428317027596,40.73910737037358]]]]}},{"type":"Feature","id":113,"properties":{"zone_id":113,"zone":"Greenwich Village North","borough":"Manhattan","service_zone":"Yellow Zone"},"geometry":{"type":"Polygon","coordinates":[[[-73.98990295999991,40.73443479000011],[-73.99154832699986,40.727089471000134],[-73.99657214499979,40.729552234000096],[-73.99556245499996,40.73071521600013],[-74.000066577,40.7329292360001],[-73.99683993899998,40.73736088900014],[-73.98990295999991,40.73443479000011]]]}},{"type":"Feature","id":114,"properties":{"zone_id":114,"zone":"Greenwich Village South","borough":"Manhattan","service_zone":"Yellow Zone"},"geometry":{"type":"Polygon","coordinates":[[[-73.99257987399992,40.72420155500011],[-73.9967717579999,40.7254319440001],[-74.00281726599992,40.72836312900013],[-74.000066577,40.7329292360001],[-73.99556245499996,40.73071521600013],[-73.99657214499979,40.729552234000096],[-73.99154832699986,40.727089471000134],[-73.99257987399992,40.72420155500011]]]}},{"type":"Feature","id":115,"properties":{"zone_id":115,"zone":"Grymes Hill/Clifton","borough":"Staten Island","service_zone":"Boro Zone"},"geometry":{"type":"Polygon","coordinates":[[[-74.08069514799999,40.62753689700006],[-74.08326107499997,40.62719474300016],[-74.08496211899991,40.624625233000124],[-74.08626756599996,40.617832011000154],[-74.08785147699993,40.61524307300012],[-74.08720982799997,40.61330697400016],[-74.08000094899994,40.618552952000094],[-74.07253551699988,40.62246402200008],[-74.071134623,40.62035994800012],[-74.0718329299999,40.61890075100012],[-74.07502569899994,40.61637873900004],[-74.0815547009999,40.60629029700008],[-74.08542756199994,40.607022390000076],[-74.09410959099992,40.61040655200008],[-74.0977696879999,40.610623593000085],[-74.10350925299994,40.61641607500012],[-74.0922397139999,40.6257429150001],[-74.08574928999991,40.63395555700008],[-74.07972492199994,40.62895068800005],[-74.08069514799999,40.62753689700006]]]}},{"type":"Feature","id":116,"properties":{"zone_id":116,"zone":"Hamilton Heights","borough":"Manhattan","service_zone":"Yellow Zone"},"geometry":{"type":"Polygon","coordinates":[[[-73.93864026699997,40.82973887400005],[-73.94515456999994,40.820876265000116],[-73.94808289799983,40.82210802200012],[-73.94854029799983,40.8214876230001],[-73.94992194399984,40.82207231400007],[-73.95082880000002,40.820827937000075],[-73.95634010399982,40.823092328000065],[-73.95954284439091,40.82363916845263],[-73.95631784510306,40.827944215388754],[-73.955039129784,40.82741343191201],[-73.95454188062122,40.8278614763657],[-73.95015521048293,40.834396759408094],[-73.93864026699997,40.82973887400005]]]}},{"type":"Feature","id":117,"properties":{"zone_id":117,"zone":"Hammels/Arverne","borough":"Queens","service_zone":"Boro Zone"},"geometry":{"type":"Polygon","coordinates":[[[-73.77927015444938,40.609307361807716],[-73.7752225507697,40.60970354714707],[-73.77412897394223,40.60874659586831],[-73.77481441008918,40.60839956311253],[-73.77460294599074,40.60741764888273],[-73.77484886546486,40.60802483315988],[-73.77523851986172,40.608550943000395],[-73.77600645602091,40.60919455235703],[-73.77459009469509,40.60729765709557],[-73.77469363854064,40.60430696481746],[-73.77815821309493,40.60040208530321],[-73.78017210547576,40.600697832845455],[-73.7818572569845,40.598372930185256],[-73.78005493695551,40.59686134490908],[-73.77497513649519,40.60174817941204],[-73.77363244061031,40.5981531234669],[-73.76809925802587,40.59784597005506],[-73.76771811799993,40.596261310000116],[-73.76599689399985,40.598721062000074],[-73.76654204999997,40.5994344420001],[-73.76444582499997,40.6004352410001],[-73.76336096499996,40.599105043000144],[-73.76165797299984,40.59997307000006],[-73.76128753399995,40.599549271000136],[-73.7633344969999,40.5978228740001],[-73.76277845599988,40.5947565440001],[-73.76440183099986,40.5945716830001],[-73.76376223423699,40.59143970901701],[-73.78043036101892,40.589596621429244],[-73.78860298459861,40.587484446053],[-73.81352448727559,40.583473149046924],[-73.81730795916116,40.58233475897019],[-73.81751059199993,40.58278527100013],[-73.81544517899997,40.583373492000135],[-73.81788322399981,40.58744846900007],[-73.81909407399996,40.58783196100008],[-73.8176380045051,40.58928579948539],[-73.81340983344633,40.59091782311196],[-73.81358856612626,40.5916976858238],[-73.81323474432585,40.59107074001776],[-73.81170344836342,40.591593746638075],[-73.81149423585859,40.59290132669697],[-73.81132554567534,40.59174649614595],[-73.81081791874632,40.59209026869624],[-73.81138593152033,40.592442318454765],[-73.81140751227157,40.59287125723891],[-73.81107287021051,40.59302233057227],[-73.81080537904415,40.592092095735346],[-73.80991130015991,40.592253717682674],[-73.80959170493088,40.59358068861825],[-73.80602807459857,40.59200930900466],[-73.80577902839048,40.5907594996688],[-73.8058134261234,40.59186886150226],[-73.80430333508215,40.591318878804756],[-73.80416569103024,40.59185470983297],[-73.80782611143395,40.593369934825645],[-73.8079775709933,40.59415786866458],[-73.80604149807385,40.59555455521373],[-73.80411459954651,40.59431917045357],[-73.80380902231202,40.59289116392555],[-73.8024384629031,40.59264006383528],[-73.80250965087272,40.593948128041696],[-73.80313503440718,40.593757943071466],[-73.80318082190897,40.59394537813114],[-73.80256837601054,40.59427226699431],[-73.80324253170998,40.59408723986556],[-73.80328793893025,40.59428211589197],[-73.80234513845657,40.594495975257075],[-73.80344017041448,40.594434209176995],[-73.80321494251235,40.59514564845081],[-73.80389507006726,40.59499087536744],[-73.80331453729063,40.59517956193967],[-73.80368468695728,40.595197790184],[-73.80486462646938,40.59673362835169],[-73.80513406252756,40.59660758897069],[-73.80524832538248,40.59689503261375],[-73.80297943325748,40.5988443045532],[-73.79233256449508,40.59995439142606],[-73.7878575563353,40.603111171930266],[-73.78650335648597,40.60325020617918],[-73.78792994192655,40.60099530305124],[-73.79034006550985,40.59919167636025],[-73.79102536652763,40.595527157216125],[-73.79042048230902,40.59475269500848],[-73.79057004196036,40.59495180029994],[-73.79080626141678,40.59609339588445],[-73.79059442974041,40.59610838477301],[-73.7901526364882,40.59476820227299],[-73.79042481472277,40.596053932154085],[-73.79017830001315,40.59607131970461],[-73.78973901889819,40.594743668554756],[-73.78999909439095,40.59620894350348],[-73.78967389675834,40.59486047590036],[-73.7890682912148,40.59801992738281],[-73.78350560905308,40.60256343874286],[-73.78366696292244,40.60532443693446],[-73.77927015444938,40.609307361807716]]]}},{"type":"Feature","id":118,"properties":{"zone_id":118,"zone":"Heartland Village/Todt Hill","borough":"Staten Island","service_zone":"Boro Zone"},"geometry":{"type":"Polygon","coordinates":[[[-74.10834417899996,40.61023476700015],[-74.09555829799993,40.61062477800008],[-74.09045495899996,40.609094526000106],[-74.09271908099993,40.60636222200012],[-74.09290036399996,40.60135887200011],[-74.09192827899987,40.59850405100012],[-74.09375453799998,40.59674489000009],[-74.10041498999992,40.59334309300008],[-74.10149482299994,40.58934426100011],[-74.10790851599995,40.58368563800012],[-74.1212571389999,40.57525489400011],[-74.12708814699995,40.57636910600013],[-74.12765358199992,40.575234943000076],[-74.13261022999991,40.57353016300009],[-74.14418588199999,40.57203741000008],[-74.14438744999991,40.5697061010001],[-74.14789716899996,40.570887286000165],[-74.154664477,40.56551344300011],[-74.15725974199995,40.5625533190001],[-74.1649414939999,40.5601117970001],[-74.16982582400001,40.5610904210001],[-74.16995465599994,40.57345803800011],[-74.16842916199994,40.58649792300008],[-74.1676915249999,40.58883149300006],[-74.16260370599997,40.59315736600012],[-74.16189940599996,40.59529877100014],[-74.15989227899996,40.59517014100006],[-74.1481980769999,40.58859968100013],[-74.13864458599996,40.5890608050001],[-74.13385485799995,40.59635784600011],[-74.13091909399999,40.5988550480001],[-74.12506115499997,40.598180056000075],[-74.12070424299995,40.60070598100008],[-74.12059546299996,40.6018097580001],[-74.11487058399989,40.60213666000014],[-74.11587716399993,40.60725747100003],[-74.117424665,40.609289009000115],[-74.12116879899992,40.608834376000075],[-74.12135179599994,40.60976526800011],[-74.11508745399988,40.61120943100012],[-74.10834417899996,40.61023476700015]]]}},{"type":"Feature","id":119,"properties":{"zone_id":119,"zone":"Highbridge","borough":"Bronx","service_zone":"Boro Zone"},"geometry":{"type":"Polygon","coordinates":[[[-73.9247831879999,40.84475266500007],[-73.91729224999992,40.8451099400001],[-73.91794965199988,40.84222957100017],[-73.91618344399991,40.842334900000104],[-73.91901668400004,40.83838109300008],[-73.92399049499991,40.835052298000086],[-73.92802724899997,40.82971953900007],[-73.93003491599993,40.82858759000009],[-73.93307251084072,40.8281561525183],[-73.93314306709256,40.835194127616695],[-73.92861574822331,40.84467686503012],[-73.92808209386837,40.84539159691691],[-73.9247831879999,40.84475266500007]]]}},{"type":"Feature","id":120,"properties":{"zone_id":120,"zone":"Highbridge Park","borough":"Manhattan","service_zone":"Yellow Zone"},"geometry":{"type":"Polygon","coordinates":[[[-73.92295449499989,40.858850762000074],[-73.92227873064479,40.85565498884394],[-73.92971850477531,40.845231778263894],[-73.93436121591056,40.836200619617976],[-73.93838508899995,40.833113503000085],[-73.9401708989999,40.83038439100015],[-73.94024600800003,40.83184212100011],[-73.93505508799984,40.839333236000094],[-73.93556697199989,40.84171252800012],[-73.9306210789998,40.8484809770001],[-73.92970731599995,40.84812261200006],[-73.927079823,40.85143234300009],[-73.92769565699982,40.85248778200008],[-73.92466977999999,40.85698261100007],[-73.92518924999993,40.85802753700015],[-73.92691117499996,40.85750876000008],[-73.92709951599984,40.85827552100011],[-73.92474153399992,40.861593638000116],[-73.92295449499989,40.858850762000074]]]}},{"type":"Feature","id":121,"properties":{"zone_id":121,"zone":"Hillcrest/Pomonok","borough":"Queens","service_zone":"Boro Zone"},"geometry":{"type":"Polygon","coordinates":[[[-73.81504998799984,40.73894313400012],[-73.79584803299987,40.73807468000009],[-73.79378938699996,40.730701182000146],[-73.79045149300003,40.723554532000044],[-73.79037661699995,40.72010372400012],[-73.79073248899982,40.71920875700006],[-73.8002167269999,40.71673785900007],[-73.80780927699995,40.715853896000105],[-73.80904032699983,40.71991160500007],[-73.80452680199981,40.72146254600009],[-73.80487958299982,40.72504959300008],[-73.80652142399995,40.724873064000086],[-73.80717042299993,40.72826913300007],[-73.8111179729999,40.72781641600014],[-73.81074426599986,40.72626511300011],[-73.81510024099985,40.72854342300011],[-73.81504998799984,40.73894313400012]]]}},{"type":"Feature","id":122,"properties":{"zone_id":122,"zone":"Hollis","borough":"Queens","service_zone":"Boro Zone"},"geometry":{"type":"Polygon","coordinates":[[[-73.75832728699997,40.71958208900005],[-73.75370834599993,40.71332463700005],[-73.75047058199985,40.70563993100014],[-73.76095546600004,40.702909578000146],[-73.76126359299997,40.703598940000106],[-73.76612489399999,40.702334486000105],[-73.76825969099993,40.70952636800016],[-73.77172444699998,40.71031681900011],[-73.76943987099992,40.711976893000056],[-73.77192122100001,40.71568504500014],[-73.76664095199988,40.71764661400007],[-73.765714472,40.71639337900007],[-73.75832728699997,40.71958208900005]]]}},{"type":"Feature","id":123,"properties":{"zone_id":123,"zone":"Homecrest","borough":"Brooklyn","service_zone":"Boro Zone"},"geometry":{"type":"Polygon","coordinates":[[[-73.96285973999984,40.61254948600009],[-73.96237947799978,40.609986374000165],[-73.95859278499987,40.610403031000075],[-73.95683001599991,40.60108734900017],[-73.95775745999987,40.60098588900014],[-73.95607720399984,40.592101432000135],[-73.95700330399997,40.592002256000086],[-73.95619313699986,40.58776226900014],[-73.96034953599988,40.587306286000135],[-73.9606798409999,40.59159758200015],[-73.97115101799994,40.5904424440001],[-73.9719108049999,40.5994230590001],[-73.97291116900001,40.59931580400016],[-73.97217742800002,40.60419471200005],[-73.97299433999983,40.60881414200008],[-73.96429649899991,40.60977642600012],[-73.96478112799986,40.61233092200009],[-73.96285973999984,40.61254948600009]]]}},{"type":"Feature","id":124,"properties":{"zone_id":124,"zone":"Howard Beach","borough":"Queens","service_zone":"Boro Zone"},"geometry":{"type":"MultiPolygon","coordinates":[[[[-73.85898002989568,40.65267545791791],[-73.85731941515513,40.65123709900802],[-73.85695870295892,40.65058737348732],[-73.85898002989568,40.65267545791791]]],[[[-73.85975533686633,40.654104176095125],[-73.85904529229782,40.6531079760841],[-73.85898002989568,40.65267545791791],[-73.85975533686633,40.654104176095125]]],[[[-73.86042178299996,40.654612202000074],[-73.86098917376945,40.65520976705275],[-73.85975533686633,40.654104176095125],[-73.86042178299996,40.654612202000074]]],[[[-73.83032725337058,40.65513280580349],[-73.83019020357143,40.65547881938604],[-73.82988919856028,40.65552282258428],[-73.83032725337058,40.65513280580349]]],[[[-73.86131863599985,40.67502126900008],[-73.84243585399989,40.669288557000115],[-73.84215802199992,40.66870144800007],[-73.83334819299995,40.666773187000146],[-73.82859942399985,40.6571969730001],[-73.82639242872236,40.64832434880804],[-73.82891475597495,40.64937915582085],[-73.83133151403268,40.65274755744282],[-73.83158322059658,40.653813786333885],[-73.82901417557953,40.6561078844526],[-73.83044328071922,40.65551947244466],[-73.8317081441153,40.65393117429708],[-73.83221698518575,40.65446038629314],[-73.83149330103005,40.65497982053987],[-73.83116100809627,40.65591923373736],[-73.82937603410723,40.656506335216164],[-73.82896778740296,40.65720524792025],[-73.82917919734568,40.65779977854447],[-73.83013028740389,40.65840264372135],[-73.82970706838906,40.65850251386468],[-73.82959986903019,40.65865680691557],[-73.83014950104759,40.6598086849575],[-73.83024427039375,40.65834996934837],[-73.82909434825203,40.657334218663514],[-73.83127112568108,40.65600327149487],[-73.8318523847929,40.65488503826711],[-73.83290309524601,40.657483771623205],[-73.83194394578256,40.65617142725359],[-73.83260036370599,40.65782659162752],[-73.83096907996668,40.65823029417253],[-73.83338439472544,40.658051859208186],[-73.83109184464118,40.648484806759484],[-73.83166902767807,40.64797221101786],[-73.83561034795801,40.64850568470072],[-73.83878517503125,40.66108844843498],[-73.83805800948616,40.662006063339255],[-73.8387360855594,40.66245406002126],[-73.83997949975625,40.66190427386243],[-73.83978752612933,40.6604859980482],[-73.83592320073284,40.64549979067515],[-73.84950699084165,40.64413376567896],[-73.85183280737658,40.64586005671281],[-73.85230349886226,40.6477710285504],[-73.84939766406322,40.65143487895052],[-73.8507849972619,40.6515328519045],[-73.85250949612202,40.65055140371201],[-73.85591932944749,40.65130926166626],[-73.85671288972269,40.65280166454177],[-73.85828132383823,40.65299487215201],[-73.85930573554418,40.65497238338451],[-73.86136381950391,40.6564147541655],[-73.85983363521494,40.65697706322064],[-73.8596355866937,40.65845777205674],[-73.86023236327559,40.65889713056023],[-73.86098077540692,40.65838130334347],[-73.86061207311211,40.65932653460533],[-73.86124943398261,40.65872091007885],[-73.86095892095699,40.6580609430231],[-73.85976839588899,40.65828193634594],[-73.86087597607579,40.65690816207025],[-73.86161371163614,40.656996510253066],[-73.86170301269323,40.65802488948364],[-73.86269778299766,40.657618309006345],[-73.86317083299996,40.65827651200013],[-73.8603597819999,40.65964582900011],[-73.85761052799985,40.66010835600011],[-73.85842950899992,40.66345336000006],[-73.85568461199988,40.66386749200012],[-73.85763323099987,40.67165619400007],[-73.86038937900001,40.67126877500007],[-73.86131863599985,40.67502126900008]]]]}},{"type":"Feature","id":125,"properties":{"zone_id":125,"zone":"Hudson Sq","borough":"Manhattan","service_zone":"Yellow Zone"},"geometry":{"type":"Polygon","coordinates":[[[-74.01067264999996,40.72911266600007],[-74.00214891499996,40.728035367000096],[-74.003730175,40.726250059000144],[-74.0053098609999,40.72182419200008],[-74.0108123829999,40.72578980300014],[-74.01135428299995,40.72427718300006],[-74.0119643202455,40.72432986462006],[-74.01165326569942,40.725871761851536],[-74.01520426531131,40.72636194937985],[-74.01512356549452,40.726793942564775],[-74.011542018976,40.726447346927266],[-74.01067264999996,40.72911266600007]]]}},{"type":"Feature","id":126,"properties":{"zone_id":126,"zone":"Hunts Point","borough":"Bronx","service_zone":"Boro Zone"},"geometry":{"type":"Polygon","coordinates":[[[-73.88615037899991,40.82730567800012],[-73.88753429599986,40.822509339000135],[-73.8843985489999,40.82296557600008],[-73.88244779599998,40.81926832300011],[-73.87673185506821,40.81538649648676],[-73.87239437900097,40.81397433560602],[-73.87056806927927,40.81208731762259],[-73.86811219140058,40.80675183283198],[-73.87238060453703,40.801290114632906],[-73.87234684998835,40.800174763010645],[-73.87297862944645,40.8002506890266],[-73.87270503758596,40.801167176810765],[-73.87814218819929,40.8013192903067],[-73.87843295513449,40.80270273469512],[-73.88505172336708,40.80213090679816],[-73.88795897223945,40.804997925920794],[-73.88927892586686,40.80518182876024],[-73.88922416091161,40.80584535119215],[-73.88999598170764,40.80488628675297],[-73.8893743925369,40.8059252731154],[-73.89178618135598,40.805622892086404],[-73.89197929534278,40.806384708976395],[-73.89270681066346,40.80634394909826],[-73.89253177139425,40.80565655156848],[-73.89227315843527,40.805702433124985],[-73.89128402413917,40.80497628189934],[-73.89256667738417,40.8056207100049],[-73.8927481403741,40.80634026130218],[-73.89485360535866,40.80621490815895],[-73.89484295983623,40.8057239970124],[-73.89509836487397,40.80686363917372],[-73.8952796287401,40.805766184068084],[-73.89559109091819,40.806581343347695],[-73.89587481599303,40.805808511582576],[-73.89610824517877,40.806496150951446],[-73.89741472698567,40.80580005947826],[-73.8980134089615,40.80616660436199],[-73.89787127990651,40.805534981759834],[-73.89816110752683,40.80613807010004],[-73.89853926244915,40.80541173173166],[-73.90222284749719,40.804948113094966],[-73.90307457199998,40.809880612000065],[-73.89542858799986,40.81584467200008],[-73.8970446669999,40.81680186000008],[-73.89283653100001,40.82097405500015],[-73.8958813589999,40.82099257500007],[-73.89586019599982,40.822631046000055],[-73.89320004999996,40.82400818300011],[-73.89487088500002,40.823937272000116],[-73.89483522899992,40.826246841000135],[-73.88615037899991,40.82730567800012]]]}},{"type":"Feature","id":127,"properties":{"zone_id":127,"zone":"Inwood","borough":"Manhattan","service_zone":"Yellow Zone"},"geometry":{"type":"MultiPolygon","coordinates":[[[[-73.92169841904696,40.85667230185513],[-73.921823250446,40.8563291258637],[-73.92234459387056,40.85568233590755],[-73.92169841904696,40.85667230185513]]],[[[-73.91119073224566,40.87298467599496],[-73.91043824727869,40.87137747855197],[-73.91254775130287,40.86651494300454],[-73.9139186313323,40.86474558440374],[-73.91492387927858,40.864580378919314],[-73.91441113392617,40.86417362737573],[-73.91589911645785,40.86430803808524],[-73.91538673051149,40.86308438420092],[-73.91950213660932,40.85879113379066],[-73.92159014848224,40.86007280002706],[-73.92186633783652,40.85918134014995],[-73.92035142875443,40.85819522061932],[-73.92277921199988,40.8568261980001],[-73.92295846599977,40.85891378100016],[-73.92872203199992,40.866742663000075],[-73.92623313399997,40.86850613800012],[-73.92135975499993,40.869551854000086],[-73.91925481799977,40.871007842000104],[-73.91969887499998,40.872064776000144],[-73.91845930899993,40.87302205300011],[-73.9140098549999,40.87116059400014],[-73.91119073224566,40.87298467599496]]]]}},{"type":"Feature","id":128,"properties":{"zone_id":128,"zone":"Inwood Hill Park","borough":"Manhattan","service_zone":"Yellow Zone"},"geometry":{"type":"MultiPolygon","coordinates":[[[[-73.92635080268249,40.87759232046278],[-73.92615199405294,40.877086229220936],[-73.92482755466249,40.877444775287366],[-73.92258387170894,40.876922539288564],[-73.92253531894417,40.874240377543465],[-73.921169296781,40.873069392288244],[-73.91978312944534,40.87360369743577],[-73.92080255630347,40.87419405886681],[-73.92090325515422,40.87546616638277],[-73.918857942435,40.87464324876099],[-73.91928102175844,40.87363655754607],[-73.91855365026461,40.873180588115595],[-73.9175772988473,40.874548678547455],[-73.91787144917501,40.87390499528885],[-73.9152240214605,40.874486621868314],[-73.91154281116533,40.87325370616191],[-73.9140098549999,40.87116059400014],[-73.91845930899993,40.87302205300011],[-73.91969887499998,40.872064776000144],[-73.91925481799977,40.871007842000104],[-73.92135975499993,40.869551854000086],[-73.92623313399997,40.86850613800012],[-73.92872203199992,40.866742663000075],[-73.93220600531866,40.870096445104714],[-73.92917968255965,40.87555554896651],[-73.92635080268249,40.87759232046278]]],[[[-73.92359172576555,40.87895215916648],[-73.92367919311681,40.87882607449882],[-73.92362973975199,40.87896394312173],[-73.92359172576555,40.87895215916648]]]]}},{"type":"Feature","id":129,"properties":{"zone_id":129,"zone":"Jackson Heights","borough":"Queens","service_zone":"Boro Zone"},"geometry":{"type":"Polygon","coordinates":[[[-73.87608949699984,40.77153690300007],[-73.87513874300004,40.75663381600011],[-73.87365721799983,40.75680348600013],[-73.86942458599985,40.74915685200012],[-73.89175048799984,40.746811728000075],[-73.89624245599988,40.748719545000064],[-73.89984592699983,40.75756215300005],[-73.89437624799997,40.76552658500009],[-73.89325108799977,40.76627144600017],[-73.89089043699997,40.76585819800012],[-73.88506266099994,40.76759894300013],[-73.87608949699984,40.77153690300007]]]}},{"type":"Feature","id":130,"properties":{"zone_id":130,"zone":"Jamaica","borough":"Queens","service_zone":"Boro Zone"},"geometry":{"type":"Polygon","coordinates":[[[-73.76962552399995,40.711786320000115],[-73.77172444699998,40.71031681900011],[-73.76844546499984,40.70963702700007],[-73.77430843599988,40.70739366800014],[-73.77555451099995,40.70607083500007],[-73.77230768699997,40.7005715070001],[-73.77395659499993,40.69980578100008],[-73.78034491200003,40.705412417000055],[-73.78256582599995,40.70542486400009],[-73.79239170299988,40.702166530000085],[-73.79186916599991,40.701366137000086],[-73.79260506799987,40.700432100000086],[-73.79786193399997,40.697993404000094],[-73.80642479399984,40.69087385800011],[-73.80890216900004,40.69256434900012],[-73.81063298299996,40.691947383000084],[-73.81637824499992,40.702451964000076],[-73.81152856899989,40.70227287500012],[-73.81201248599982,40.70594494500013],[-73.80694856299992,40.70736710000009],[-73.8056477309999,40.70467172800014],[-73.80165725599993,40.70576147500004],[-73.80302414799988,40.708139657000146],[-73.8014141629999,40.70968687300009],[-73.79870150699992,40.710663377000074],[-73.79776810199988,40.70914318800009],[-73.78928335099997,40.71203172900013],[-73.78657528699985,40.711972493000104],[-73.77192121999991,40.7156850440001],[-73.76962552399995,40.711786320000115]]]}},{"type":"Feature","id":131,"properties":{"zone_id":131,"zone":"Jamaica Estates","borough":"Queens","service_zone":"Boro Zone"},"geometry":{"type":"Polygon","coordinates":[[[-73.77732562899998,40.722392701000125],[-73.774371087,40.72426113200006],[-73.76924074899993,40.725902701000074],[-73.75669771299987,40.72622871100009],[-73.75508625099991,40.72449006000004],[-73.75577120999998,40.723640216000106],[-73.7523343839998,40.72026246100013],[-73.75725671499985,40.7181386020001],[-73.75832728699997,40.71958208900005],[-73.765714472,40.71639337900007],[-73.76664095199988,40.71764661400007],[-73.77357135199996,40.715120095000046],[-73.78657528699985,40.711972493000104],[-73.78928335099997,40.71203172900013],[-73.79303800099989,40.71071107500007],[-73.79358570299998,40.71412867800007],[-73.79030267399999,40.72089146500009],[-73.79045149300003,40.723554532000044],[-73.79174472699992,40.725788850000136],[-73.77757506899987,40.73019327300006],[-73.7752338719998,40.72523753300007],[-73.7780376599998,40.72328426900005],[-73.77732562899998,40.722392701000125]]]}},{"type":"Feature","id":132,"properties":{"zone_id":132,"zone":"JFK Airport","borough":"Queens","service_zone":"Airports"},"geometry":{"type":"MultiPolygon","coordinates":[[[[-73.74713019919187,40.63721686134746],[-73.74699985119133,40.63712702788029],[-73.74715781614569,40.63706052402856],[-73.74713019919187,40.63721686134746]]],[[[-73.74694320619099,40.637529202088686],[-73.74704316342152,40.63756642645942],[-73.74693721618011,40.63755610186028],[-73.74694320619099,40.637529202088686]]],[[[-73.74661040472857,40.638724973885736],[-73.74664302817305,40.63866224980727],[-73.74666935864037,40.638706040636144],[-73.74661040472857,40.638724973885736]]],[[[-73.82789758799997,40.663906307000104],[-73.81496922499986,40.66247266800009],[-73.81176694899993,40.6629345350001],[-73.8084501609999,40.664461301000145],[-73.80072889200001,40.66526937700009],[-73.78481455499993,40.663498582000095],[-73.780755286,40.6624066020001],[-73.77418923599993,40.65986052400011],[-73.75411086699988,40.64869766500011],[-73.75522386899995,40.64744446900008],[-73.7490763129122,40.6436328700518],[-73.74742462056209,40.6413764680139],[-73.74860324379861,40.63545732629335],[-73.76308661984865,40.62966037481924],[-73.7650077554797,40.62941398784982],[-73.7669995971799,40.627528364415895],[-73.76878236316831,40.62432279608797],[-73.7686944291862,40.62266565889788],[-73.77077016777163,40.620031182155174],[-73.77171699423648,40.62096167889915],[-73.77082069703974,40.62328299797257],[-73.77704080084246,40.62766646976861],[-73.77999420781757,40.62668929803552],[-73.78419483298926,40.620892669955296],[-73.78949653224412,40.62274664610811],[-73.78346558387602,40.62811814087875],[-73.78264543417806,40.63024796854458],[-73.78948519498256,40.63428214317597],[-73.79076956011139,40.63386374895719],[-73.79222318018806,40.63589008814019],[-73.81830607819735,40.64638698303723],[-73.8218251362488,40.64989979587509],[-73.82348381110747,40.655369912718825],[-73.82227996040434,40.65942500793139],[-73.8186953155868,40.661105051055436],[-73.81262125517684,40.66015704989859],[-73.81143455044243,40.66025288594776],[-73.81143921922407,40.66074562606814],[-73.81867189288894,40.66213298725449],[-73.82338324351306,40.6602057470254],[-73.82498070378553,40.65543197118386],[-73.8229071770089,40.648093446004935],[-73.82466363540958,40.649724875093504],[-73.825859620933,40.64947560160467],[-73.82614483059669,40.65008184094272],[-73.8263924282224,40.64832434880802],[-73.82859942399985,40.6571969730001],[-73.832705339,40.66540577300005],[-73.82789758799997,40.663906307000104]]]]}},{"type":"Feature","id":133,"properties":{"zone_id":133,"zone":"Kensington","borough":"Brooklyn","service_zone":"Boro Zone"},"geometry":{"type":"Polygon","coordinates":[[[-73.97819074399992,40.64752599200011],[-73.97777380600002,40.64534187700017],[-73.97482741800002,40.645663421000116],[-73.974642245,40.6448132190001],[-73.97084113799984,40.64637857100009],[-73.96803868499985,40.63665098500013],[-73.97029036199991,40.636406341000075],[-73.96986869299991,40.63419467500009],[-73.97604935699994,40.63127590600006],[-73.9768886119999,40.6356748620001],[-73.97911188699993,40.6354403860001],[-73.98042057899988,40.642385227000105],[-73.98299419199992,40.64132499700006],[-73.98834986699991,40.64456224400012],[-73.98180533899996,40.64712779900006],[-73.97819074399992,40.64752599200011]]]}},{"type":"Feature","id":134,"properties":{"zone_id":134,"zone":"Kew Gardens","borough":"Queens","service_zone":"Boro Zone"},"geometry":{"type":"Polygon","coordinates":[[[-73.82591945199992,40.715989876000116],[-73.82023145099988,40.709457503000124],[-73.81637824499992,40.702451964000076],[-73.82245890399994,40.703655531000074],[-73.83152109599999,40.70138962900013],[-73.83213204199994,40.70279408100009],[-73.83391709699988,40.70234736700013],[-73.83460244999996,40.70392746700007],[-73.83661882199989,40.70342001800008],[-73.83809584699989,40.70616458100013],[-73.83714702999997,40.70795704600008],[-73.84314625299982,40.709223456000124],[-73.82591945199992,40.715989876000116]]]}},{"type":"Feature","id":135,"properties":{"zone_id":135,"zone":"Kew Gardens Hills","borough":"Queens","service_zone":"Boro Zone"},"geometry":{"type":"Polygon","coordinates":[[[-73.83113122799989,40.742338000000146],[-73.83053551299994,40.7375201950001],[-73.8294675199999,40.7370244830001],[-73.82809152599998,40.73708317500015],[-73.8279436029999,40.738489982000075],[-73.8243501109999,40.73975360600012],[-73.81693283800001,40.738389510000125],[-73.81497208299996,40.738560716000066],[-73.81510024099985,40.72854342300011],[-73.81074426599986,40.72626511300011],[-73.8111179729999,40.72781641600014],[-73.80717042299993,40.72826913300007],[-73.80652142399995,40.724873064000086],[-73.80487958299982,40.72504959300008],[-73.80452680199981,40.72146254600009],[-73.80904032699983,40.71991160500007],[-73.80780927699995,40.715853896000105],[-73.81720417899986,40.71584072800012],[-73.82018883899984,40.71673522400005],[-73.81732944799997,40.717660457000115],[-73.82531644999993,40.717275700000144],[-73.8273090039999,40.72464607700008],[-73.83073214599987,40.7265493280001],[-73.83635625099998,40.73500859200009],[-73.83564585599999,40.73849101100007],[-73.83669458799986,40.73954125400015],[-73.83699037399995,40.74209330100012],[-73.83586131899989,40.743227985000125],[-73.83113122799989,40.742338000000146]]]}},{"type":"Feature","id":136,"properties":{"zone_id":136,"zone":"Kingsbridge Heights","borough":"Bronx","service_zone":"Boro Zone"},"geometry":{"type":"Polygon","coordinates":[[[-73.90318667499999,40.86914899100007],[-73.89942436199988,40.86788083800011],[-73.89891854299988,40.869658574000105],[-73.89656060599998,40.86856520000012],[-73.90254479399998,40.860578255000085],[-73.90351390500003,40.86091751000005],[-73.90486847199993,40.85869322500008],[-73.90777320599983,40.85960753800002],[-73.90976165899988,40.85718261200008],[-73.91056799299989,40.85862059300015],[-73.91328437100006,40.85961860100009],[-73.91050960899994,40.86089127000008],[-73.90908822499988,40.86239969600008],[-73.91075595799987,40.86165148400008],[-73.91422823999919,40.862490790359814],[-73.91341462193644,40.863367493700885],[-73.91276271995461,40.86302917415776],[-73.91279762128934,40.86389887543301],[-73.91044282747865,40.86652786855204],[-73.90893235220783,40.87215734798544],[-73.90746489699994,40.873547354000046],[-73.90452070499992,40.872495211000086],[-73.90442003099997,40.87036127600007],[-73.90318667499999,40.86914899100007]]]}},{"type":"Feature","id":137,"properties":{"zone_id":137,"zone":"Kips Bay","borough":"Manhattan","service_zone":"Yellow Zone"},"geometry":{"type":"Polygon","coordinates":[[[-73.97167921200406,40.743054464030074],[-73.97248994174741,40.735803280107795],[-73.97446647047282,40.73627845683008],[-73.97446461207309,40.73566817266476],[-73.97276308380349,40.73550508747374],[-73.9735447289197,40.73494432655091],[-73.97849845599995,40.73679095700008],[-73.97805226499996,40.7375539540001],[-73.98266497499989,40.73949733300005],[-73.97812378199983,40.74572717300007],[-73.97167921200406,40.743054464030074]]]}},{"type":"Feature","id":138,"properties":{"zone_id":138,"zone":"LaGuardia Airport","borough":"Queens","service_zone":"Airports"},"geometry":{"type":"MultiPolygon","coordinates":[[[[-73.86978081192638,40.78533793332601],[-73.86918113468879,40.78594348978511],[-73.86987007434347,40.785085907068314],[-73.86943751657091,40.78363839981392],[-73.8686071602691,40.783800141254304],[-73.8684857461148,40.78367632326826],[-73.86942344795426,40.783591314917885],[-73.87255732673727,40.780821121542765],[-73.85505106271819,40.77219538998928],[-73.85645807349368,40.770320861199004],[-73.8582051105021,40.770323456477364],[-73.85624565746173,40.76888571419913],[-73.85704790262234,40.76913955594905],[-73.85937510429778,40.76707532894288],[-73.8626886417663,40.76687591050504],[-73.86043337809801,40.76386888243795],[-73.8610972439999,40.76366447700011],[-73.86728193799998,40.769650003000095],[-73.87223577699984,40.771695659000116],[-73.87743339799992,40.7712002550001],[-73.88770661799985,40.766838598000135],[-73.88945486901865,40.77353295106376],[-73.88567007665036,40.774433071217004],[-73.88578473697669,40.77402471216474],[-73.88391627963797,40.774132606591735],[-73.88483742391051,40.77495298074588],[-73.88428737712128,40.77547205616615],[-73.88493466381183,40.779936912807095],[-73.87870562518874,40.78058590995021],[-73.878858374856,40.782398178681376],[-73.87974777853563,40.78283656420719],[-73.8797016367226,40.78288281807255],[-73.87883146781734,40.78243071449462],[-73.87833923298054,40.78302592074961],[-73.8751575489337,40.78150944965347],[-73.8712485624251,40.786038151255184],[-73.86978081192638,40.78533793332601]]],[[[-73.89183244902246,40.7748801999445],[-73.89112044339463,40.777124699736255],[-73.89017369508576,40.777850812778034],[-73.8894710539975,40.77553555096737],[-73.89034195999996,40.77323760500016],[-73.89183244902246,40.7748801999445]]],[[[-73.8728849699182,40.78596263310812],[-73.8727740594054,40.78594192145899],[-73.87280920016116,40.78590310910018],[-73.8728849699182,40.78596263310812]]]]}},{"type":"Feature","id":139,"properties":{"zone_id":139,"zone":"Laurelton","borough":"Queens","service_zone":"Boro Zone"},"geometry":{"type":"Polygon","coordinates":[[[-73.74755175399999,40.68934733700013],[-73.72718272499995,40.683597330000076],[-73.72830180799986,40.681484975000124],[-73.74117817299991,40.66640295400008],[-73.75763129599991,40.66645115700011],[-73.75636239300002,40.67242923700018],[-73.75857198899986,40.67263733100007],[-73.76031463999993,40.67510997100005],[-73.756918817,40.67652887100014],[-73.75576169199995,40.67588590900006],[-73.74755175399999,40.68934733700013]]]}},{"type":"Feature","id":140,"properties":{"zone_id":140,"zone":"Lenox Hill East","borough":"Manhattan","service_zone":"Yellow Zone"},"geometry":{"type":"Polygon","coordinates":[[[-73.95854329689507,40.7584956229681],[-73.96196573699997,40.75961946100007],[-73.95268514999994,40.77233940500012],[-73.9474897547817,40.77011515400972],[-73.95854329689507,40.7584956229681]]]}},{"type":"Feature","id":141,"properties":{"zone_id":141,"zone":"Lenox Hill West","borough":"Manhattan","service_zone":"Yellow Zone"},"geometry":{"type":"Polygon","coordinates":[[[-73.96177668399997,40.759879716000114],[-73.9665833839999,40.76155093500007],[-73.95729409999986,40.7742835550001],[-73.95268514999994,40.77233940500012],[-73.96177668399997,40.759879716000114]]]}},{"type":"Feature","id":142,"properties":{"zone_id":142,"zone":"Lincoln Square East","borough":"Manhattan","service_zone":"Yellow Zone"},"geometry":{"type":"Polygon","coordinates":[[[-73.98147898799989,40.7677250590001],[-73.98236545099999,40.76739215300011],[-73.98806289599996,40.76979080000011],[-73.980673654,40.779925182000106],[-73.97499744000005,40.77753254600009],[-73.98164804599995,40.768436322000134],[-73.98147898799989,40.7677250590001]]]}},{"type":"Feature","id":143,"properties":{"zone_id":143,"zone":"Lincoln Square West","borough":"Manhattan","service_zone":"Yellow Zone"},"geometry":{"type":"Polygon","coordinates":[[[-73.98507184299989,40.781779681000124],[-73.980673654,40.779925182000106],[-73.98806289599996,40.76979080000011],[-73.99624065194922,40.77378979119905],[-73.99393587681126,40.773179512586296],[-73.98886861739992,40.7796929229116],[-73.99155105922739,40.77957482143758],[-73.98888614411702,40.77987889853295],[-73.9881274618433,40.78140179672381],[-73.98567936099997,40.780312633000136],[-73.98507184299989,40.781779681000124]]]}},{"type":"Feature","id":144,"properties":{"zone_id":144,"zone":"Little Italy/NoLiTa","borough":"Manhattan","service_zone":"Yellow Zone"},"geometry":{"type":"Polygon","coordinates":[[[-73.99260322299988,40.72413645000012],[-73.99605872699998,40.71623164000009],[-73.99858925599978,40.71709951200009],[-74.00188406299992,40.7193975710001],[-73.9967717579999,40.7254319440001],[-73.99260322299988,40.72413645000012]]]}},{"type":"Feature","id":145,"properties":{"zone_id":145,"zone":"Long Island City/Hunters Point","borough":"Queens","service_zone":"Boro Zone"},"geometry":{"type":"Polygon","coordinates":[[[-73.95080763809156,40.75526368005728],[-73.9381182169999,40.74979264500012],[-73.93663681899982,40.74820409400007],[-73.94032696100007,40.745413143000135],[-73.94342742899987,40.744231172000134],[-73.94419561599983,40.74288214600011],[-73.93726110699993,40.74517649100009],[-73.93869664499978,40.738140817000065],[-73.94140886345744,40.73929957085337],[-73.93866991753185,40.74253408202505],[-73.9400192297566,40.74320827221093],[-73.93965301521378,40.74273108709586],[-73.94159470030033,40.73986412616913],[-73.94548236590111,40.73820703129389],[-73.94715087181176,40.73790012334492],[-73.95380883920839,40.739820292978024],[-73.95741470766005,40.73955658201183],[-73.96072580373679,40.73808017017933],[-73.9621661137397,40.73827306447195],[-73.96262085588614,40.739004936533355],[-73.96129339923257,40.74043279936812],[-73.96155253168952,40.74199326140743],[-73.95971981529016,40.74369304546543],[-73.96064863700711,40.74413031761426],[-73.9587753700448,40.7445555998636],[-73.95965229755977,40.74521658817362],[-73.95849389303115,40.744987864916425],[-73.95932420250084,40.745543322696825],[-73.95839861481154,40.74571941944558],[-73.95899427160536,40.74606464643535],[-73.9567945329049,40.74883951695578],[-73.95318382492853,40.747734811961166],[-73.9564856879466,40.749111690155985],[-73.95611932084378,40.749757837856336],[-73.95506652560155,40.749632730375545],[-73.95080763809156,40.75526368005728]]]}},{"type":"Feature","id":146,"properties":{"zone_id":146,"zone":"Long Island City/Queens Plaza","borough":"Queens","service_zone":"Boro Zone"},"geometry":{"type":"Polygon","coordinates":[[[-73.93383269399993,40.751604702000094],[-73.93739653799992,40.7489164400001],[-73.9381182169999,40.74979264500012],[-73.944052652,40.752313260000115],[-73.93679091699993,40.75988288100013],[-73.92415699999985,40.753961142000044],[-73.92562743799989,40.752137244000096],[-73.93383269399993,40.751604702000094]]]}},{"type":"Feature","id":147,"properties":{"zone_id":147,"zone":"Longwood","borough":"Bronx","service_zone":"Boro Zone"},"geometry":{"type":"Polygon","coordinates":[[[-73.89515277899991,40.827834290000105],[-73.89487088500002,40.823937272000116],[-73.89320004999996,40.82400818300011],[-73.89586019599982,40.822631046000055],[-73.8958813589999,40.82099257500007],[-73.89290156199988,40.82081122300008],[-73.8970446669999,40.81680186000008],[-73.89542858799986,40.81584467200008],[-73.90307457199998,40.809880612000065],[-73.90341720399988,40.81150688300009],[-73.9044655149999,40.812281960000135],[-73.90061141099989,40.82210880800006],[-73.90198758599993,40.822440423000096],[-73.90050540499992,40.826007622000105],[-73.90164895599993,40.826256978000124],[-73.90093510699997,40.82792810200011],[-73.89515277899991,40.827834290000105]]]}},{"type":"Feature","id":148,"properties":{"zone_id":148,"zone":"Lower East Side","borough":"Manhattan","service_zone":"Yellow Zone"},"geometry":{"type":"Polygon","coordinates":[[[-73.9838238729998,40.72147287200007],[-73.985073423,40.719083294000086],[-73.98675136699994,40.71959284600017],[-73.99022012699989,40.71440494000008],[-73.99750445299988,40.71406913200015],[-73.99260322199994,40.72413645000005],[-73.9838238729998,40.72147287200007]]]}},{"type":"Feature","id":149,"properties":{"zone_id":149,"zone":"Madison","borough":"Brooklyn","service_zone":"Boro Zone"},"geometry":{"type":"Polygon","coordinates":[[[-73.9448277099998,40.61604620900005],[-73.94354698,40.60934655500011],[-73.94231175899985,40.60826819700006],[-73.93934703399997,40.610187141000075],[-73.93753749399987,40.608557390000044],[-73.93972613899992,40.60713291500015],[-73.93426266699994,40.60223071100008],[-73.93503274599996,40.60173379000003],[-73.93447158899997,40.6012315120001],[-73.94288954099984,40.60031865000013],[-73.94248473299992,40.59820036500006],[-73.956927197,40.59661207600006],[-73.95775745999987,40.60098588900014],[-73.95683001699993,40.60108734900017],[-73.95859278499987,40.610403031000075],[-73.94978380499995,40.61137175000007],[-73.95026514899993,40.61392435200001],[-73.94742608799993,40.61422460100009],[-73.9448277099998,40.61604620900005]]]}},{"type":"Feature","id":150,"properties":{"zone_id":150,"zone":"Manhattan Beach","borough":"Brooklyn","service_zone":"Boro Zone"},"geometry":{"type":"Polygon","coordinates":[[[-73.93145727300002,40.586101272000164],[-73.9300961629999,40.58450207600008],[-73.9320424499999,40.584233960000105],[-73.9319281118675,40.58286976893541],[-73.94102517918674,40.58307036190636],[-73.9415740808356,40.58360755593953],[-73.94255133565284,40.58351447617102],[-73.94202033352745,40.58311042378268],[-73.94628634691863,40.58356868570813],[-73.9457994125887,40.58319464023041],[-73.95349322048675,40.58298819826117],[-73.95330135995673,40.58200274963363],[-73.9496967249941,40.582319401066854],[-73.94274062592493,40.580995589559436],[-73.9325800656803,40.58126474120361],[-73.93106028107997,40.576265920097065],[-73.93150256744042,40.57566050512693],[-73.93493617952893,40.5752689790869],[-73.93623167905102,40.57585040610002],[-73.94250907828433,40.575373554532],[-73.94427911427726,40.57580051170025],[-73.94460730835148,40.57523383460943],[-73.94572352013991,40.57555943976513],[-73.9523584672133,40.5742746858454],[-73.95414287899986,40.58310614000012],[-73.95900739999992,40.58283812800011],[-73.96004798699995,40.58326987200016],[-73.96025825899996,40.58502930800014],[-73.95387860700004,40.58572124600012],[-73.94866230599997,40.58489385600014],[-73.9344471859999,40.586652075000124],[-73.93145727300002,40.586101272000164]]]}},{"type":"Feature","id":151,"properties":{"zone_id":151,"zone":"Manhattan Valley","borough":"Manhattan","service_zone":"Yellow Zone"},"geometry":{"type":"Polygon","coordinates":[[[-73.96004456499999,40.798041235000085],[-73.96417598599989,40.79236204500008],[-73.96525997299999,40.792801371000095],[-73.96987063299996,40.794735205000094],[-73.96941543899999,40.79536077900016],[-73.97639951915279,40.79827321034645],[-73.97287179090726,40.80335618757408],[-73.96004456499999,40.798041235000085]]]}},{"type":"Feature","id":152,"properties":{"zone_id":152,"zone":"Manhattanville","borough":"Manhattan","service_zone":"Yellow Zone"},"geometry":{"type":"Polygon","coordinates":[[[-73.9595089796959,40.823595788951614],[-73.95082880000002,40.820827937000075],[-73.94992194399984,40.82207231400007],[-73.94607828700005,40.8212632160001],[-73.94919960099985,40.814720854000065],[-73.9521012519999,40.81144285400013],[-73.95408058399987,40.8122801130001],[-73.95570690100003,40.814143960000145],[-73.95626957999987,40.813375023000056],[-73.95949328899988,40.817007474000086],[-73.96203105797969,40.81808633074103],[-73.95881892233997,40.8215185248469],[-73.9596033246027,40.822994686783545],[-73.95852731524242,40.82184375665236],[-73.95793904909117,40.82277435354751],[-73.9595089796959,40.823595788951614]]]}},{"type":"Feature","id":153,"properties":{"zone_id":153,"zone":"Marble Hill","borough":"Manhattan","service_zone":"Yellow Zone"},"geometry":{"type":"Polygon","coordinates":[[[-73.90666530999995,40.87571560900008],[-73.9077427079998,40.87284595200006],[-73.90893235220783,40.87215734798544],[-73.91092118004799,40.87414639602015],[-73.91578609320084,40.875717182480514],[-73.91148913199984,40.879018859000084],[-73.91033193599998,40.87903804700007],[-73.90703748899998,40.876895161000114],[-73.90666530999995,40.87571560900008]]]}},{"type":"Feature","id":154,"properties":{"zone_id":154,"zone":"Marine Park/Floyd Bennett Field","borough":"Brooklyn","service_zone":"Boro Zone"},"geometry":{"type":"MultiPolygon","coordinates":[[[[-73.91509711064722,40.58626658369341],[-73.91282142952436,40.58589683033726],[-73.91242103069457,40.583392784027474],[-73.91463166275301,40.58275763490557],[-73.91729861410717,40.5831908017497],[-73.91541290900807,40.58236407379895],[-73.91191058860355,40.58296337725281],[-73.91154161171623,40.581794027155894],[-73.91505520170745,40.581543607722736],[-73.92443604094976,40.58355820344445],[-73.93184655018902,40.582941055297546],[-73.9320424499999,40.584233960000105],[-73.9300961629999,40.58450207600008],[-73.93139947599984,40.58607989500008],[-73.92712081899994,40.58487935700009],[-73.92101255523748,40.58457501880633],[-73.91509711064722,40.58626658369341]]],[[[-73.93351310700004,40.60834345600009],[-73.92986880199989,40.60507134100014],[-73.92624885099994,40.60741352200008],[-73.92444144399987,40.60579356900013],[-73.92158429099997,40.607639085000066],[-73.92065861699989,40.606754543000164],[-73.91970928699986,40.60730216300008],[-73.91442813462284,40.60286391956343],[-73.91347072649002,40.602911690690135],[-73.91349826413605,40.60236697606796],[-73.91301723241872,40.6027542487178],[-73.91331444593793,40.60225844819851],[-73.91273866862338,40.60270867701666],[-73.91309691306819,40.60221445392575],[-73.91158427689317,40.60213548840361],[-73.91157836556718,40.602217871191385],[-73.91230939977284,40.602275084478094],[-73.91254170182432,40.60236443995555],[-73.91154411182994,40.6024393231041],[-73.91261098676527,40.602532006594],[-73.91257290407538,40.60268330003485],[-73.91086536585769,40.602490483288626],[-73.911555291408,40.60215546472997],[-73.91075830846516,40.60202750098362],[-73.91075123972264,40.60243729986272],[-73.90903689530526,40.60267734322037],[-73.91073123013267,40.602021376027785],[-73.90894225138031,40.60160704069889],[-73.90767859330253,40.60229166672019],[-73.90332866108642,40.60245630398578],[-73.89880755323303,40.603657090412646],[-73.8921960955575,40.60338848361717],[-73.88764437104099,40.60527704731376],[-73.8839804295303,40.60556651972092],[-73.88269358924951,40.60422497014939],[-73.88329452020042,40.60291610455595],[-73.8816278073381,40.59944648269119],[-73.87971492228009,40.59139889182923],[-73.8789689043874,40.59089677311774],[-73.8787876035763,40.58803046105859],[-73.87671672482064,40.584914430201074],[-73.87970231664,40.58013510069835],[-73.88206958203641,40.57907397869679],[-73.89552381007165,40.57676981843656],[-73.89708755890891,40.57988695930414],[-73.89655591241934,40.58300501897484],[-73.89813542477575,40.58518565506001],[-73.89830506227048,40.5868411850036],[-73.89891599908806,40.58753743606124],[-73.89973341305188,40.58716521211007],[-73.89903425420563,40.587676171746],[-73.89981060525021,40.58801445705578],[-73.89990604460492,40.58779408924838],[-73.90121791883185,40.5873833400233],[-73.8999523407064,40.58804159869709],[-73.90071546045651,40.58808399538854],[-73.90426874447125,40.58691226298876],[-73.90651874663754,40.588025473892735],[-73.90712502406382,40.58752970296252],[-73.90643924223771,40.58703385637489],[-73.9114817199007,40.5860787187125],[-73.91204234015626,40.59450695428904],[-73.91513297459494,40.59878111593049],[-73.92151689981944,40.601923654141274],[-73.92457042932716,40.59972360273259],[-73.92950671202776,40.60270923350452],[-73.92925238099349,40.60397906752444],[-73.9310033614306,40.60393580466673],[-73.93212319646145,40.60270973924894],[-73.93108919528449,40.6017222582643],[-73.9272024040044,40.59991008043439],[-73.92177536324344,40.59503092620135],[-73.92032141052387,40.594718846993274],[-73.91454059121104,40.589944229175636],[-73.91434427671781,40.588886889305236],[-73.91819087799986,40.586606855000156],[-73.92956858299992,40.596820265000105],[-73.92813139699999,40.597777928000056],[-73.93972613899992,40.60713291500015],[-73.936046277,40.609514869000165],[-73.93423157599979,40.6078977150001],[-73.93351310700004,40.60834345600009]]],[[[-73.91998356109615,40.59955213408992],[-73.91626393108346,40.59816113731294],[-73.91307588369632,40.59414520043886],[-73.91300897860152,40.592019154680074],[-73.91524478304683,40.59158750817868],[-73.91787543558024,40.594722181525135],[-73.92182277731894,40.59733293287272],[-73.92213049353393,40.598662596177505],[-73.91998356109615,40.59955213408992]]]]}},{"type":"Feature","id":155,"properties":{"zone_id":155,"zone":"Marine Park/Mill Basin","borough":"Brooklyn","service_zone":"Boro Zone"},"geometry":{"type":"Polygon","coordinates":[[[-73.91860649599991,40.63209041500007],[-73.90385540661482,40.62494019869988],[-73.90544562242668,40.625792780664135],[-73.90254656112614,40.62444423916975],[-73.9032704594402,40.62448418394121],[-73.9028326222324,40.62405099444965],[-73.90241543050294,40.624462907250226],[-73.9022870793228,40.62440985393044],[-73.90284160059183,40.62345273729997],[-73.90094131085958,40.62252791487661],[-73.90071952540437,40.62163492049874],[-73.89644123346895,40.621394756190334],[-73.89561388501926,40.619801287150786],[-73.89664335225238,40.61734771314766],[-73.89586112894176,40.61451813749498],[-73.89095414564672,40.61283404731724],[-73.89394013317667,40.61118142665144],[-73.89107794632615,40.6122768618687],[-73.88971513183803,40.611598996904284],[-73.8902171644626,40.61039725778845],[-73.89226735458966,40.609165273146814],[-73.89334621420008,40.606743446234844],[-73.8983387811778,40.60530365978819],[-73.89986880363854,40.605524640544196],[-73.9008767251003,40.60698012134745],[-73.90015619936528,40.610076438187114],[-73.90133303458649,40.61171788290617],[-73.90248711043368,40.611861858491906],[-73.90119253465454,40.61056381754681],[-73.90132962659395,40.61048104310347],[-73.90717291149826,40.61600987533866],[-73.90673848666401,40.6162959199903],[-73.90752735132158,40.61634443254905],[-73.90781388603338,40.61737406758602],[-73.90879088017641,40.61743639672162],[-73.90835403214685,40.616530998961714],[-73.90913853186629,40.61653162172924],[-73.90797306390525,40.615736844061374],[-73.90917675105386,40.61652194698036],[-73.90895706128724,40.61699148481951],[-73.90959740910328,40.616392669799524],[-73.90225859966276,40.61042277260011],[-73.90177669809985,40.60567468655601],[-73.90524300992108,40.604910090324616],[-73.90597461177855,40.60638402870451],[-73.90863959535422,40.60665872204807],[-73.90803306097814,40.60535860211742],[-73.90888574422165,40.60653651882855],[-73.9098515484547,40.60599972217788],[-73.9083253683517,40.604073373918794],[-73.91092270021187,40.60350547610084],[-73.91365119759595,40.60398251383715],[-73.91673556486195,40.60681456155035],[-73.91632230017511,40.608675662669185],[-73.91657073983414,40.609423539546114],[-73.91650924535926,40.6086297540902],[-73.91708838503304,40.608820854898724],[-73.9161647503772,40.6105155750763],[-73.91449542205973,40.61165322366509],[-73.91493418790425,40.6139581550551],[-73.91386053060673,40.614642269071076],[-73.91428072663338,40.61493881616315],[-73.91642099003494,40.61356935469291],[-73.9159145211068,40.61384537631247],[-73.91587086536354,40.61291003739075],[-73.91662804371141,40.61344358926559],[-73.91573181927129,40.611830844514],[-73.91811036679019,40.6102083940583],[-73.91800500501185,40.60814977851483],[-73.91900737147333,40.60826725497134],[-73.9181381488997,40.607645386907905],[-73.91935398484114,40.60804292228785],[-73.91825269092949,40.60722935064071],[-73.91950358918922,40.60797490397541],[-73.91794980550603,40.60620925217122],[-73.91970928699986,40.60730216300008],[-73.92065861699989,40.606754543000164],[-73.92158429099997,40.607639085000066],[-73.92444144399987,40.60579356900013],[-73.92624885099994,40.60741352200008],[-73.92986880199989,40.60507134100014],[-73.93351310700004,40.60834345600009],[-73.93423157599979,40.6078977150001],[-73.936046277,40.609514869000165],[-73.93753749399987,40.608557390000044],[-73.93934703399997,40.610187141000075],[-73.94231175899985,40.60826819700006],[-73.94354698,40.60934655500011],[-73.9448277099998,40.61604620900005],[-73.943469619,40.61738500100011],[-73.94078914099985,40.61769679000005],[-73.93686699599992,40.6202532810001],[-73.93320457599995,40.61697044200009],[-73.93173179199982,40.61792692100008],[-73.92629604599998,40.61311679900013],[-73.92640044599995,40.61447853500008],[-73.92062400299996,40.6148386820001],[-73.9205269409999,40.61394269500007],[-73.91690302699992,40.616274229000126],[-73.91860649599991,40.63209041500007]]]}},{"type":"Feature","id":156,"properties":{"zone_id":156,"zone":"Mariners Harbor","borough":"Staten Island","service_zone":"Boro Zone"},"geometry":{"type":"MultiPolygon","coordinates":[[[[-74.17988406361408,40.64511024036671],[-74.17972987752029,40.644380702112045],[-74.17920271291945,40.6450469278556],[-74.17907466583888,40.64464650705671],[-74.1795871372141,40.64191768346423],[-74.17918728067563,40.64298753999668],[-74.17825662146018,40.64212922786843],[-74.1772111857094,40.643122778603264],[-74.1767048915117,40.64241691128413],[-74.1763578661754,40.64232722056308],[-74.17666795538246,40.643386844771804],[-74.17560250954419,40.64331129867264],[-74.17568470742572,40.64471028489526],[-74.17436572943608,40.64513625864562],[-74.1729412389165,40.644204522856086],[-74.17272145305189,40.64294849899678],[-74.17133587281808,40.6428557650522],[-74.1715872192374,40.64102959339468],[-74.1720231585248,40.640989215663076],[-74.17293896175397,40.640579552697595],[-74.17298798800311,40.64048910506644],[-74.17156994685418,40.64101153209295],[-74.17137382350516,40.64208501526828],[-74.17105017239898,40.642593819130106],[-74.17119260951202,40.641739626514145],[-74.16906431628871,40.64213001679879],[-74.16653375792842,40.64142263788393],[-74.1660998989604,40.64240658700135],[-74.1658011075589,40.641224511449636],[-74.16494139041178,40.64220899988952],[-74.16519041758224,40.64064230577956],[-74.16473426536795,40.6403914670251],[-74.16457132366716,40.64141866159607],[-74.16394491366823,40.63991460682137],[-74.16322855844136,40.64094851033014],[-74.16167534694229,40.64061078476696],[-74.1622846525209,40.63876565277253],[-74.16144917826759,40.63942833666854],[-74.161240158151,40.6385950116164],[-74.16090490770398,40.63938614081625],[-74.1610816175891,40.63856776831271],[-74.16034819993155,40.63844372645366],[-74.15986410465037,40.63992782369292],[-74.1602347053031,40.63841031692508],[-74.15985697767896,40.63872920221963],[-74.1592271162294,40.63779611975718],[-74.15900957887435,40.63882257790994],[-74.15789262953875,40.637965051231326],[-74.15773352572349,40.638879035165566],[-74.15718782782525,40.63795080522914],[-74.15710126690709,40.63927771860038],[-74.15707077305574,40.637947135641106],[-74.15569862053141,40.63751793890429],[-74.15549268934303,40.638466779526624],[-74.15558643758918,40.63773077586554],[-74.15482932461856,40.63772385541897],[-74.15469263864514,40.63919396811444],[-74.15459670163321,40.63734334406918],[-74.15279703511403,40.637132754852736],[-74.15229786175496,40.63827428826376],[-74.15119545007182,40.637730788536345],[-74.15124827966567,40.63940934288611],[-74.15112965090489,40.63850068007414],[-74.14945818220086,40.63741032084725],[-74.1488817554376,40.63870520797346],[-74.14855815092194,40.637437837527436],[-74.14877792005885,40.6388762511279],[-74.1451927948153,40.63937849765488],[-74.14386163595883,40.63888796251704],[-74.14312802471521,40.639680373063996],[-74.14359998299996,40.638514126000096],[-74.14478228999994,40.637953780000124],[-74.14752618999992,40.62938928800008],[-74.14622202799995,40.629106957000104],[-74.14554071999993,40.627832522000155],[-74.14650354399993,40.624200101000085],[-74.15231170399994,40.61716275600007],[-74.15379116699992,40.6122556120001],[-74.1623545779999,40.61833563800014],[-74.16808086299993,40.6209362560001],[-74.17459706299995,40.62236401100007],[-74.17993706099998,40.62660129700008],[-74.1955597527974,40.63502398631677],[-74.19462310145185,40.63739118356387],[-74.19358317694844,40.63746911688489],[-74.18652496897599,40.64338866217164],[-74.18483594580836,40.6441282663389],[-74.18365067064063,40.64223964105085],[-74.1836674587201,40.64461048505025],[-74.18087212513211,40.64485142967849],[-74.18004077949224,40.64428814067386],[-74.17988406361408,40.64511024036671]]],[[[-74.15974815874293,40.641416525790426],[-74.16111242522162,40.6418354537375],[-74.16146036002637,40.64429496988258],[-74.15743349200979,40.64330285777918],[-74.15974815874293,40.641416525790426]]]]}},{"type":"Feature","id":157,"properties":{"zone_id":157,"zone":"Maspeth","borough":"Queens","service_zone":"Boro Zone"},"geometry":{"type":"Polygon","coordinates":[[[-73.89783236899989,40.735160354000115],[-73.8885228599999,40.7345311600001],[-73.8870771209998,40.72463770200012],[-73.89030329399986,40.724923887000074],[-73.89426494199992,40.72314318900004],[-73.8958238069999,40.72389882200014],[-73.8983528509999,40.72311229000014],[-73.89903191799989,40.72385696000005],[-73.90010558699989,40.723296241000114],[-73.89981610199999,40.721236900000086],[-73.89739704899986,40.72155121000011],[-73.89736598399989,40.72046438300009],[-73.90062644399997,40.71976405400007],[-73.90033904299986,40.71801994800007],[-73.89834760099983,40.7191976780001],[-73.897267579,40.71814715700003],[-73.89901821099993,40.717382127000114],[-73.89750226399987,40.71638386800011],[-73.90477244599997,40.71286580000004],[-73.90537582199983,40.712876581000046],[-73.90639010099999,40.71736369200008],[-73.90965980099995,40.71779315500011],[-73.91283037699982,40.715360907000125],[-73.91015817899998,40.713821600000145],[-73.91077807399988,40.71318760000005],[-73.92404011299993,40.71400831300012],[-73.92352547251075,40.71561660836802],[-73.92064258940593,40.715773192029026],[-73.92232773978448,40.71659264406127],[-73.91132095099978,40.71962423000013],[-73.91384828299984,40.722898412000085],[-73.90518057899999,40.728956577000154],[-73.90041661699985,40.73465058800012],[-73.89783236899989,40.735160354000115]]]}},{"type":"Feature","id":158,"properties":{"zone_id":158,"zone":"Meatpacking/West Village West","borough":"Manhattan","service_zone":"Yellow Zone"},"geometry":{"type":"Polygon","coordinates":[[[-74.00916608258481,40.74241659123186],[-74.00515808199998,40.7408580810001],[-74.0070902079999,40.72877225300012],[-74.01067264999996,40.729112667000095],[-74.01076791499999,40.72817395800012],[-74.014390699162,40.728463047760215],[-74.01408693559922,40.73066317304048],[-74.01116195696464,40.73045067634926],[-74.01099350879153,40.73232041794081],[-74.01094127374121,40.73302031334146],[-74.01399957240955,40.7333322775179],[-74.01072514326883,40.7334595235113],[-74.01083284563215,40.73400709451383],[-74.01201792010478,40.734063744456506],[-74.01081359479103,40.734283443647726],[-74.0104765981442,40.73806394059522],[-74.01113915602558,40.73838986281324],[-74.01045432864609,40.73836450622832],[-74.0103930313456,40.73917429605939],[-74.0123691740004,40.73975164637231],[-74.01146073955334,40.740584214752694],[-74.01215741913083,40.740605998131436],[-74.01265928208485,40.74074763849766],[-74.00949685520365,40.740727011785616],[-74.01211745872139,40.74175851621176],[-74.00951947145005,40.741490302198805],[-74.00916608258481,40.74241659123186]]]}},{"type":"Feature","id":159,"properties":{"zone_id":159,"zone":"Melrose South","borough":"Bronx","service_zone":"Boro Zone"},"geometry":{"type":"Polygon","coordinates":[[[-73.91189154999992,40.8221414820001],[-73.90990894100004,40.822551108000106],[-73.9012927759998,40.820475443000085],[-73.9044655149999,40.812281960000135],[-73.91094778999998,40.81362092100005],[-73.91768626999985,40.81608124300008],[-73.92048117399989,40.814563687000096],[-73.92158392200005,40.81555063200015],[-73.92124519699988,40.81621939700013],[-73.92309299899993,40.81669772800015],[-73.92399951299991,40.81543891200011],[-73.92662718199988,40.81611895900012],[-73.92265261199995,40.820494315000104],[-73.91677400599986,40.824387087000055],[-73.91587735799988,40.82410373200004],[-73.91621588599988,40.823467930000106],[-73.91189154999992,40.8221414820001]]]}},{"type":"Feature","id":160,"properties":{"zone_id":160,"zone":"Middle Village","borough":"Queens","service_zone":"Boro Zone"},"geometry":{"type":"Polygon","coordinates":[[[-73.86970765399998,40.7251464340001],[-73.85962920999985,40.71397529500012],[-73.85965416799995,40.713379961000044],[-73.86500981999998,40.710776909000074],[-73.87016462499984,40.709207743000064],[-73.86911007199988,40.70708933700009],[-73.88088332699985,40.706453977000095],[-73.87761134199985,40.70716770500013],[-73.88006267699978,40.71265257400014],[-73.88507555699985,40.71216105600011],[-73.90477244599997,40.71286580000004],[-73.89750226399987,40.71638386800011],[-73.89901821099993,40.717382127000114],[-73.897267579,40.71814715700003],[-73.89834760099983,40.7191976780001],[-73.90033904299986,40.71801994800007],[-73.90062644399997,40.71976405400007],[-73.89736598399989,40.72046438300009],[-73.89739704899986,40.72155121000011],[-73.89981610199999,40.721236900000086],[-73.90010558699989,40.723296241000114],[-73.89903191799989,40.72385696000005],[-73.8983528509999,40.72311229000014],[-73.8958238069999,40.72389882200014],[-73.89426494199992,40.72314318900004],[-73.89030329399986,40.724923887000074],[-73.8870771209998,40.72463770200012],[-73.88720524999994,40.727792997000066],[-73.88008877499988,40.72890627500014],[-73.87509154199992,40.73067136300012],[-73.87146074199987,40.72932637400005],[-73.86970765399998,40.7251464340001]]]}},{"type":"Feature","id":161,"properties":{"zone_id":161,"zone":"Midtown Center","borough":"Manhattan","service_zone":"Yellow Zone"},"geometry":{"type":"Polygon","coordinates":[[[-73.97124277300003,40.760936418000036],[-73.97580739399986,40.75467727500013],[-73.9765156939999,40.75497426300013],[-73.9783696929999,40.75241622700011],[-73.98411754799999,40.75484205300015],[-73.977686006,40.76364440300013],[-73.97124277300003,40.760936418000036]]]}},{"type":"Feature","id":162,"properties":{"zone_id":162,"zone":"Midtown East","borough":"Manhattan","service_zone":"Yellow Zone"},"geometry":{"type":"Polygon","coordinates":[[[-73.96657146999985,40.76148188000015],[-73.9744494109998,40.75076644500011],[-73.9783696929999,40.75241622700011],[-73.9765156939999,40.75497426300013],[-73.97580739399984,40.75467727400016],[-73.96980028899992,40.76291351200013],[-73.96657146999985,40.76148188000015]]]}},{"type":"Feature","id":163,"properties":{"zone_id":163,"zone":"Midtown North","borough":"Manhattan","service_zone":"Yellow Zone"},"geometry":{"type":"Polygon","coordinates":[[[-73.98136213699995,40.7678367390001],[-73.96980028899992,40.76291351200013],[-73.97124277300003,40.760936418000036],[-73.977686006,40.76364440300013],[-73.97860169399989,40.76239607200013],[-73.98428230099987,40.76479181500014],[-73.98136213699995,40.7678367390001]]]}},{"type":"Feature","id":164,"properties":{"zone_id":164,"zone":"Midtown South","borough":"Manhattan","service_zone":"Yellow Zone"},"geometry":{"type":"Polygon","coordinates":[[[-73.98085054499998,40.74775037000014],[-73.98407485299994,40.74332471800008],[-73.99051761299985,40.746038638000094],[-73.98411754799999,40.75484205300015],[-73.98088709899987,40.75348098900007],[-73.98407636100002,40.74910212500012],[-73.98085054499998,40.74775037000014]]]}},{"type":"Feature","id":165,"properties":{"zone_id":165,"zone":"Midwood","borough":"Brooklyn","service_zone":"Boro Zone"},"geometry":{"type":"Polygon","coordinates":[[[-73.96040734299989,40.6301625310001],[-73.95995565099992,40.62777867200009],[-73.94732672199994,40.62916656700002],[-73.94451833400001,40.61971364700009],[-73.94651373199997,40.61949401900014],[-73.94573691999982,40.615363407000096],[-73.94742608799993,40.61422460100009],[-73.95026514899993,40.61392435200001],[-73.94978380499995,40.61137175000007],[-73.96237947799978,40.609986374000165],[-73.96471983399981,40.62237296100013],[-73.96864510599995,40.62194169500009],[-73.96909724499984,40.624332825000145],[-73.97047171899992,40.624170030000144],[-73.97136622199992,40.62892916200017],[-73.96040734299989,40.6301625310001]]]}},{"type":"Feature","id":166,"properties":{"zone_id":166,"zone":"Morningside Heights","borough":"Manhattan","service_zone":"Yellow Zone"},"geometry":{"type":"Polygon","coordinates":[[[-73.95949328899988,40.817007474000086],[-73.95626957999987,40.813375023000056],[-73.95570690100003,40.814143960000145],[-73.95408058399987,40.8122801130001],[-73.9521012519999,40.81144285400013],[-73.9535757779999,40.809476698000076],[-73.95496657099991,40.810064555000125],[-73.95818167299996,40.80559679100008],[-73.95824878299987,40.803106486000075],[-73.95964685399987,40.80115642300012],[-73.97110765876137,40.805790139589824],[-73.96203105797969,40.81808633074103],[-73.95949328899988,40.817007474000086]]]}},{"type":"Feature","id":167,"properties":{"zone_id":167,"zone":"Morrisania/Melrose","borough":"Bronx","service_zone":"Boro Zone"},"geometry":{"type":"Polygon","coordinates":[[[-73.8963019999999,40.83354321800008],[-73.89717220999982,40.830368833000165],[-73.8899110649999,40.83012419200006],[-73.88761307899999,40.82933742000012],[-73.88609624199987,40.82765577700008],[-73.88789510999992,40.82674318500006],[-73.89483522899992,40.826246841000135],[-73.89548522799996,40.82824854100012],[-73.90093510699997,40.82792810200011],[-73.90164895599993,40.826256978000124],[-73.90050540499992,40.826007622000105],[-73.90198758599993,40.822440423000096],[-73.90061141099989,40.82210880800006],[-73.9012927759998,40.820475443000085],[-73.90990894100004,40.822551108000106],[-73.91181615799985,40.822035022000115],[-73.91621588599988,40.823467930000106],[-73.91661368499985,40.82499230800011],[-73.91541108199998,40.825773909000105],[-73.91351191699981,40.82480494400011],[-73.91316674499997,40.825456455000094],[-73.91130974499993,40.82484855800009],[-73.91169430299983,40.82775871600012],[-73.908959903,40.83022623300007],[-73.90553116799988,40.82910413300009],[-73.90122534999992,40.835499911000134],[-73.89697220299995,40.83434525400009],[-73.8963019999999,40.83354321800008]]]}},{"type":"Feature","id":168,"properties":{"zone_id":168,"zone":"Mott Haven/Port Morris","borough":"Bronx","service_zone":"Boro Zone"},"geometry":{"type":"MultiPolygon","coordinates":[[[[-73.89693872998787,40.79563587285373],[-73.89796839783742,40.79564483916218],[-73.89919434249981,40.796502456018366],[-73.8978825324018,40.79711653214723],[-73.89693872998787,40.79563587285373]]],[[[-73.89798486686917,40.799604280819985],[-73.90021004993142,40.79926415589619],[-73.90003735815736,40.80090874205041],[-73.89833036270552,40.80241282094016],[-73.89646668834577,40.80079047089155],[-73.89798486686917,40.799604280819985]]],[[[-73.92395483099982,40.81550096100012],[-73.92309299899993,40.81669772800015],[-73.92124519699988,40.81621939700013],[-73.92158392200005,40.81555063200015],[-73.92048117399989,40.814563687000096],[-73.91768626999985,40.81608124300008],[-73.90341720399988,40.81150688300009],[-73.90229231992772,40.804564776141866],[-73.9116228580015,40.79664107849631],[-73.91372255986785,40.79678943887947],[-73.91904978748826,40.798993935843434],[-73.9229271008289,40.802373294821585],[-73.92762788658843,40.80269566548169],[-73.92764500352583,40.80398863284625],[-73.92872607489814,40.8041036252275],[-73.9322696077928,40.80833952748142],[-73.93287412001943,40.810414043429176],[-73.93242632000944,40.8141175189798],[-73.93027812699984,40.81324802500015],[-73.92731653099999,40.8185596340001],[-73.92518486499998,40.81801266900008],[-73.92662718199988,40.81611895900012],[-73.92395483099982,40.81550096100012]]]]}},{"type":"Feature","id":169,"properties":{"zone_id":169,"zone":"Mount Hope","borough":"Bronx","service_zone":"Boro Zone"},"geometry":{"type":"Polygon","coordinates":[[[-73.89816577499982,40.855146376000064],[-73.89863543699985,40.85390697500014],[-73.89709926799996,40.855172291000066],[-73.8956088329998,40.85457037000006],[-73.901344046,40.84442875100013],[-73.90483121999989,40.844800342000084],[-73.9050151499998,40.84240469800006],[-73.91046008499987,40.84279164300007],[-73.91689747599987,40.845117734000105],[-73.91416184199993,40.84517918800011],[-73.90557007299988,40.85578732200007],[-73.90185996099993,40.854586149000134],[-73.90077922699986,40.85604711000012],[-73.89816577499982,40.855146376000064]]]}},{"type":"Feature","id":170,"properties":{"zone_id":170,"zone":"Murray Hill","borough":"Manhattan","service_zone":"Yellow Zone"},"geometry":{"type":"Polygon","coordinates":[[[-73.97121971999988,40.74692154100015],[-73.97350835000003,40.74378203400008],[-73.97812378199983,40.74572717300007],[-73.98085965399993,40.74196976800009],[-73.98407485299994,40.74332471800008],[-73.98085054399985,40.7477503700001],[-73.98407636100002,40.74910212500012],[-73.98088709899987,40.75348098900007],[-73.9744494109998,40.75076644500011],[-73.9758346669999,40.74886314600017],[-73.97121971999988,40.74692154100015]]]}},{"type":"Feature","id":171,"properties":{"zone_id":171,"zone":"Murray Hill-Queens","borough":"Queens","service_zone":"Boro Zone"},"geometry":{"type":"Polygon","coordinates":[[[-73.79317944599987,40.770403177000084],[-73.7939591469999,40.764695320000094],[-73.79302551399985,40.76462119200006],[-73.79343991199988,40.76076412800012],[-73.79076004599987,40.7609857690001],[-73.79031517,40.757823451000085],[-73.79493246199993,40.757798030000124],[-73.80030038999979,40.75970229900012],[-73.81104963199984,40.76141702100014],[-73.82063593299985,40.75887226800008],[-73.82348245199985,40.76465179200011],[-73.82466908999987,40.77040760800004],[-73.82655841999986,40.770137084000105],[-73.82625348499994,40.77452065900008],[-73.82583089999997,40.77591527100007],[-73.82433101899987,40.77674307000011],[-73.82331286899986,40.77957866000008],[-73.81452997799975,40.77888817500012],[-73.81485850699984,40.776485923000074],[-73.79853009399987,40.775190729000116],[-73.79317944599987,40.770403177000084]]]}},{"type":"Feature","id":172,"properties":{"zone_id":172,"zone":"New Dorp/Midland Beach","borough":"Staten Island","service_zone":"Boro Zone"},"geometry":{"type":"Polygon","coordinates":[[[-74.08495715819193,40.57125984002128],[-74.08691263653212,40.56898584268384],[-74.08621632224266,40.56853269814734],[-74.08725078316105,40.56908167819308],[-74.08924906075131,40.56701557053491],[-74.09054960106333,40.56708359721149],[-74.09407071109435,40.56273161946141],[-74.09542371796327,40.5631546355688],[-74.09661362272206,40.562087145537525],[-74.09819767261925,40.559836476804854],[-74.09782127023999,40.5590534662179],[-74.09876415480899,40.55942355165106],[-74.09938031432728,40.558964193361405],[-74.11376161199998,40.566497189000124],[-74.11636336399992,40.563915638000054],[-74.12489904399992,40.56894914200012],[-74.12150213699994,40.571721559000096],[-74.1215372899999,40.575153253000074],[-74.10924835499999,40.58267841300011],[-74.10525775499997,40.58592143600006],[-74.09844000899997,40.58124170600011],[-74.10039083499996,40.57968866600013],[-74.08597647499992,40.57223697100007],[-74.08495715819193,40.57125984002128]]]}},{"type":"Feature","id":173,"properties":{"zone_id":173,"zone":"North Corona","borough":"Queens","service_zone":"Boro Zone"},"geometry":{"type":"Polygon","coordinates":[[[-73.87365721799983,40.75680348600013],[-73.85436796999998,40.75811908300007],[-73.85312635499994,40.75510934300007],[-73.85579909099987,40.75440952800014],[-73.85455552299993,40.751961919000095],[-73.855834956,40.751577272000084],[-73.85442575299999,40.748851726000076],[-73.86790963899986,40.7449337160001],[-73.86852925199995,40.74758830200014],[-73.87365721799983,40.75680348600013]]]}},{"type":"Feature","id":174,"properties":{"zone_id":174,"zone":"Norwood","borough":"Bronx","service_zone":"Boro Zone"},"geometry":{"type":"Polygon","coordinates":[[[-73.87803562399996,40.88711832200008],[-73.87812594399992,40.88215382600009],[-73.87467601499999,40.88156285200011],[-73.87494589799991,40.87994766900007],[-73.87024100099985,40.880229353000146],[-73.87255250899982,40.87517518300009],[-73.87619224999979,40.87047671100006],[-73.8830900319999,40.86659150900013],[-73.88362518100003,40.86725758800009],[-73.88146889699983,40.8685736460001],[-73.88345579299984,40.87605609500014],[-73.88527683199987,40.87921766900008],[-73.88567517999986,40.87887251100006],[-73.88716505299983,40.882576511000096],[-73.88705142599984,40.884349576000105],[-73.88124422499992,40.8827096330001],[-73.87803562399996,40.88711832200008]]]}},{"type":"Feature","id":175,"properties":{"zone_id":175,"zone":"Oakland Gardens","borough":"Queens","service_zone":"Boro Zone"},"geometry":{"type":"Polygon","coordinates":[[[-73.75800131799996,40.760379867000076],[-73.75583713299987,40.75774206200013],[-73.75511648399994,40.75847949800013],[-73.75320997199995,40.7582448730001],[-73.75230259399993,40.759455199000115],[-73.75057710699984,40.7580148950001],[-73.75004764499985,40.758404658000174],[-73.74384322099985,40.74769009600008],[-73.74625984399985,40.74671147500012],[-73.74477587099986,40.74328109700012],[-73.74887697299984,40.7432883740001],[-73.75347299999997,40.74240484400013],[-73.75098230099987,40.74002146200015],[-73.74396193599989,40.74078912700004],[-73.74306820799991,40.73844081800009],[-73.74016951799993,40.73848189800006],[-73.75048295699995,40.729221294000155],[-73.75669771299987,40.72622871100009],[-73.76234209799992,40.72953829100006],[-73.76564374500005,40.732533127000146],[-73.76369979199988,40.73286411700011],[-73.76510920699994,40.73455658500012],[-73.76273303499985,40.73526216300015],[-73.76248609299982,40.736730982000076],[-73.76556849799985,40.74325815500007],[-73.76772991399994,40.74577622600012],[-73.75684127399992,40.74932207800011],[-73.76184343999986,40.75553726900009],[-73.76239510599996,40.75949699800005],[-73.75800131799996,40.760379867000076]]]}},{"type":"Feature","id":176,"properties":{"zone_id":176,"zone":"Oakwood","borough":"Staten Island","service_zone":"Boro Zone"},"geometry":{"type":"Polygon","coordinates":[[[-74.12187198599999,40.575107575000075],[-74.12150213699994,40.571721559000096],[-74.12489904399992,40.56894914200012],[-74.11636336299996,40.563915638000054],[-74.11376161199998,40.566497189000124],[-74.0999291420065,40.55907068582635],[-74.10160202986725,40.55680345871963],[-74.10140516910823,40.55553852616461],[-74.10309839111532,40.555904641451335],[-74.10484447636338,40.55302581455644],[-74.10654741892462,40.55416699907419],[-74.10768623464052,40.553976671477706],[-74.11301046102231,40.5477800652152],[-74.11495831999993,40.549581439000114],[-74.11656290099995,40.549127742000074],[-74.1194585929999,40.5522219060001],[-74.12730057799996,40.55729517200013],[-74.13321002499998,40.55238387600013],[-74.13885092699991,40.556951179000094],[-74.13561300299993,40.55898002700013],[-74.13170009,40.56453574900012],[-74.13527417299991,40.56551776100007],[-74.14438744999988,40.56970610000008],[-74.14418588199999,40.57203741000008],[-74.13261022999991,40.57353016300009],[-74.12765358299998,40.575234943000076],[-74.12708814799998,40.57636910600015],[-74.12187198599999,40.575107575000075]]]}},{"type":"Feature","id":177,"properties":{"zone_id":177,"zone":"Ocean Hill","borough":"Brooklyn","service_zone":"Boro Zone"},"geometry":{"type":"Polygon","coordinates":[[[-73.91804607,40.687213248000084],[-73.90004626199993,40.67689309000016],[-73.92275257199998,40.66709733300008],[-73.92164666399992,40.67886992300013],[-73.9163011989999,40.678577112000106],[-73.91804607,40.687213248000084]]]}},{"type":"Feature","id":178,"properties":{"zone_id":178,"zone":"Ocean Parkway South","borough":"Brooklyn","service_zone":"Boro Zone"},"geometry":{"type":"Polygon","coordinates":[[[-73.97092126300004,40.62656998500012],[-73.97047171899992,40.624170030000144],[-73.96909724499984,40.624332825000145],[-73.96864510599995,40.62194169500009],[-73.96471983399981,40.62237296100013],[-73.96285973999984,40.61254948600009],[-73.96478112799986,40.61233092200009],[-73.96429649899991,40.60977642600012],[-73.97403097799986,40.608702310000105],[-73.97517176999992,40.61472418600011],[-73.97290326899996,40.614152968000056],[-73.97335879399992,40.616541715000096],[-73.97548096999985,40.61631192500008],[-73.97537335500002,40.615754722000084],[-73.97785009299986,40.617287606000104],[-73.97539380499998,40.62076998700015],[-73.97705352899999,40.62153252200007],[-73.9772614999999,40.62585277300011],[-73.97092126300004,40.62656998500012]]]}},{"type":"Feature","id":179,"properties":{"zone_id":179,"zone":"Old Astoria","borough":"Queens","service_zone":"Boro Zone"},"geometry":{"type":"Polygon","coordinates":[[[-73.93508232492144,40.77794423372795],[-73.93178834305208,40.7778706066025],[-73.92988058500097,40.776221631902075],[-73.92782147400004,40.77669752700013],[-73.91770217299991,40.770393112000086],[-73.91995596899991,40.76844006500006],[-73.91849336999996,40.76773465700013],[-73.91977764799998,40.766152184000106],[-73.92218946199995,40.76726735700008],[-73.92425288799978,40.76472456400014],[-73.93344468499993,40.7688177900001],[-73.93493511099992,40.76701302400007],[-73.93618379699991,40.76769180100012],[-73.93424609600005,40.77102927600008],[-73.93746638537067,40.772531495125364],[-73.93765483090819,40.77508568538379],[-73.93508232492144,40.77794423372795]]]}},{"type":"Feature","id":180,"properties":{"zone_id":180,"zone":"Ozone Park","borough":"Queens","service_zone":"Boro Zone"},"geometry":{"type":"Polygon","coordinates":[[[-73.8411960569998,40.68335136600009],[-73.83794250999986,40.67679420900006],[-73.83334819299995,40.666773187000146],[-73.84215802199992,40.66870144800007],[-73.84243585399989,40.669288557000115],[-73.86131863599985,40.67502126900008],[-73.86234580499983,40.679164786000136],[-73.86328640800004,40.67907719700005],[-73.85878576899987,40.680630463000085],[-73.85819836099995,40.67943084900006],[-73.85099089299987,40.68056836700007],[-73.85197864599989,40.682564211000056],[-73.84786817599985,40.68148683200012],[-73.8411960569998,40.68335136600009]]]}},{"type":"Feature","id":181,"properties":{"zone_id":181,"zone":"Park Slope","borough":"Brooklyn","service_zone":"Boro Zone"},"geometry":{"type":"Polygon","coordinates":[[[-73.9704128949999,40.672593723000084],[-73.97965353499985,40.66124323300013],[-73.98223034199995,40.66214149300012],[-73.98508679399998,40.659013288000075],[-73.98725068999991,40.66037895600006],[-73.988716511,40.66240493800016],[-73.9906354539999,40.66057908800017],[-73.99692689899985,40.664374915000124],[-73.99490350199991,40.66678543500008],[-73.99277080699981,40.66550728100006],[-73.98390048699991,40.6761486530001],[-73.97804289599988,40.68485661500008],[-73.97709796699996,40.68386978000009],[-73.9737559849999,40.683034020000086],[-73.97618051399984,40.67806432100015],[-73.9694973889999,40.67590638000017],[-73.96871822199984,40.67392423400007],[-73.96892332199981,40.6729375530001],[-73.9704128949999,40.672593723000084]]]}},{"type":"Feature","id":182,"properties":{"zone_id":182,"zone":"Parkchester","borough":"Bronx","service_zone":"Boro Zone"},"geometry":{"type":"Polygon","coordinates":[[[-73.85168459699997,40.8342010520001],[-73.86271114399993,40.832991509000166],[-73.86448011799995,40.841087797000135],[-73.85333524999986,40.84247015500008],[-73.85168459699997,40.8342010520001]]]}},{"type":"Feature","id":183,"properties":{"zone_id":183,"zone":"Pelham Bay","borough":"Bronx","service_zone":"Boro Zone"},"geometry":{"type":"Polygon","coordinates":[[[-73.83676643699985,40.84338597000013],[-73.83463970299987,40.853817994000096],[-73.83228148899984,40.855177450000134],[-73.82860197199996,40.85571784800006],[-73.82721751200002,40.85325051300012],[-73.82799676999998,40.848624314000084],[-73.82611300699996,40.845338694000105],[-73.83043186399985,40.843857984000145],[-73.83676643699985,40.84338597000013]]]}},{"type":"Feature","id":184,"properties":{"zone_id":184,"zone":"Pelham Bay Park","borough":"Bronx","service_zone":"Boro Zone"},"geometry":{"type":"MultiPolygon","coordinates":[[[[-73.80694608641589,40.84146244718657],[-73.80680801372397,40.842489139987705],[-73.80393073307404,40.84259407255017],[-73.8022229535527,40.841634813144275],[-73.80263811156135,40.84108115326727],[-73.80694608641589,40.84146244718657]]],[[[-73.78328053505923,40.86278070671276],[-73.78289032081526,40.86231719372564],[-73.7831450428813,40.86206867890576],[-73.78328053505923,40.86278070671276]]],[[[-73.7842865050008,40.863205088780674],[-73.78379307646343,40.86258942357078],[-73.78469165850701,40.8625427899084],[-73.7842865050008,40.863205088780674]]],[[[-73.80614087499991,40.88596541000007],[-73.79322870891143,40.88282259495241],[-73.7949170558667,40.88054379098505],[-73.79554579908852,40.88069101537516],[-73.79502596232832,40.879747797211905],[-73.79743815457286,40.87513533295332],[-73.79981389580328,40.87415984971642],[-73.80087270458245,40.87159011989414],[-73.80252284756597,40.87050664469698],[-73.8033911752309,40.872505037631264],[-73.80431849468226,40.87115974106817],[-73.80358314939251,40.86994806102878],[-73.8028295989319,40.87007629403061],[-73.80302203685277,40.86915511979669],[-73.80588410012888,40.8690685021851],[-73.8057448608033,40.869692576552985],[-73.80841596818787,40.87118969336772],[-73.80673074905101,40.86877001307854],[-73.80487266169933,40.86823330283244],[-73.80464604502912,40.86664711643706],[-73.80300388108948,40.86704183656908],[-73.80306041484539,40.86581513370694],[-73.80225816157765,40.86560820641108],[-73.79780377219292,40.872256132274146],[-73.79479044681598,40.873200484034165],[-73.79316703778704,40.87705563906666],[-73.79440294586227,40.8776418429992],[-73.7938470278817,40.87859445979106],[-73.7895587294431,40.88126128491562],[-73.789523093688,40.87899812706068],[-73.78588496976647,40.87906723175282],[-73.7843816810755,40.8784205316707],[-73.78470964026441,40.876357994847865],[-73.78719087560506,40.87273055372932],[-73.78624874452605,40.872382846772325],[-73.78508139658601,40.873589963225875],[-73.78526152075709,40.87174532233255],[-73.78358738486025,40.873780954680484],[-73.78403716971833,40.87282660126379],[-73.78306853426027,40.872153575922894],[-73.78320175426292,40.87067036085394],[-73.78490216077769,40.86976397324084],[-73.78560245305442,40.86834165222388],[-73.78598679893318,40.86959273828655],[-73.78795446145405,40.86984541906379],[-73.79139032586131,40.86814130746633],[-73.79265095767063,40.86413665318497],[-73.79147317119875,40.8622071062492],[-73.791904549275,40.860829562712254],[-73.79351029757724,40.86055168129103],[-73.79454562318031,40.858888259161404],[-73.79435005934272,40.856527023804105],[-73.79685461759917,40.85626435821358],[-73.79798533480839,40.85484893259591],[-73.7987225560008,40.854914401172785],[-73.7990241939332,40.85395726765031],[-73.79780522990592,40.85194959859733],[-73.80040387554423,40.848108221001624],[-73.80417557932397,40.85334012018927],[-73.8045252673004,40.854851864466475],[-73.8035235980902,40.855556694889735],[-73.80478410547944,40.86154633053481],[-73.80592716427573,40.861941196990486],[-73.80612390783546,40.85981220661921],[-73.80783343870087,40.860318133305576],[-73.80768048107562,40.85853806328973],[-73.81088792104822,40.86234892171828],[-73.81411414337536,40.863731458211845],[-73.81641392102722,40.86118062770412],[-73.8138180258687,40.860548278670905],[-73.81273146495035,40.858877541947905],[-73.81230602708416,40.85416202647336],[-73.81658051197839,40.853945636381134],[-73.81712409042197,40.85126957344503],[-73.81571882498523,40.85082099034491],[-73.8162499670897,40.850194475367196],[-73.81507165904237,40.8491336197947],[-73.82014043700003,40.84802059900009],[-73.82048405599983,40.84850102600016],[-73.82495697699986,40.84610544500005],[-73.82517998999998,40.84270005900007],[-73.82624132899997,40.84299359400015],[-73.8261701409999,40.845573988000126],[-73.82799676999987,40.84862431300011],[-73.82713133299993,40.85187108100011],[-73.8280141599998,40.85472248700012],[-73.82860197199996,40.85571784800006],[-73.83129157799985,40.85543410500009],[-73.83283502299986,40.85603584500008],[-73.82834347399992,40.860892026000094],[-73.82699653199998,40.85908778600005],[-73.82037552999996,40.8610330050001],[-73.81578764099999,40.865758061000086],[-73.821266938,40.869071606000084],[-73.82329599399986,40.87309741800007],[-73.81992586499995,40.88211933300006],[-73.82027432999985,40.88555070000011],[-73.81442762200005,40.88677196500009],[-73.80614087499991,40.88596541000007]]],[[[-73.78665449887535,40.87339363776117],[-73.78626202153426,40.87339368663412],[-73.78662489062734,40.87303464803461],[-73.78665449887535,40.87339363776117]]],[[[-73.78633325996694,40.87367772488765],[-73.78605394964902,40.87378264619298],[-73.78618924358646,40.87359972769993],[-73.78633325996694,40.87367772488765]]],[[[-73.78280207510406,40.87494886620561],[-73.78241811865315,40.87492327042196],[-73.78265785360905,40.87479265669417],[-73.78280207510406,40.87494886620561]]],[[[-73.78572615707053,40.88057541460296],[-73.78684884910366,40.88044811129215],[-73.78742039384403,40.87977089029018],[-73.787127834652,40.88092346317145],[-73.78572615707053,40.88057541460296]]],[[[-73.77290231992438,40.86120858327874],[-73.77323150244695,40.860747169793584],[-73.77310632921936,40.861614575032974],[-73.77290231992438,40.86120858327874]]],[[[-73.77485681624742,40.86198363433444],[-73.7749432115575,40.86139149988969],[-73.77523206568029,40.86119235649424],[-73.77485681624742,40.86198363433444]]],[[[-73.770068972998,40.865525876183604],[-73.76979148260493,40.86512823356464],[-73.77022931630273,40.8651389393962],[-73.770068972998,40.865525876183604]]],[[[-73.76668965841924,40.867097781624686],[-73.76709907439783,40.8667045727484],[-73.76779449382023,40.866781173765645],[-73.76760072096499,40.86749638654164],[-73.76668965841924,40.867097781624686]]],[[[-73.77217786492288,40.87198111068957],[-73.77080975398194,40.87154994684818],[-73.76990710668542,40.870476944470454],[-73.77288042665229,40.87124526343046],[-73.77217786492288,40.87198111068957]]],[[[-73.7740318153443,40.874394774956414],[-73.77453640510954,40.87471001543851],[-73.77409538292126,40.87489618448033],[-73.7740318153443,40.874394774956414]]],[[[-73.78112767478156,40.87665268050829],[-73.78120649649391,40.87628502546031],[-73.78132704118002,40.876361326546565],[-73.78112767478156,40.87665268050829]]]]}},{"type":"Feature","id":185,"properties":{"zone_id":185,"zone":"Pelham Parkway","borough":"Bronx","service_zone":"Boro Zone"},"geometry":{"type":"Polygon","coordinates":[[[-73.84004614299985,40.85780626900005],[-73.83499552599993,40.85657120100009],[-73.8404976739999,40.85418410500009],[-73.84494053799982,40.84821822100011],[-73.8443084699999,40.85119046400009],[-73.84968869799998,40.851058907000066],[-73.85304526899994,40.84954733200006],[-73.85457388299992,40.85150834600013],[-73.86250923799993,40.84836228100007],[-73.86303938099996,40.85061130700013],[-73.86518787199995,40.850164386000124],[-73.86860515599989,40.8520686460001],[-73.86990421600002,40.85577329300008],[-73.8681883059999,40.858063834000156],[-73.8493089339999,40.85871750300005],[-73.84004614299985,40.85780626900005]]]}},{"type":"Feature","id":186,"properties":{"zone_id":186,"zone":"Penn Station/Madison Sq West","borough":"Manhattan","service_zone":"Yellow Zone"},"geometry":{"type":"Polygon","coordinates":[[[-73.98776905899994,40.74978702900011],[-73.99141858599994,40.744802682000085],[-73.99709902899994,40.74720510200011],[-73.99346417699985,40.75219005500008],[-73.98776905899994,40.74978702900011]]]}},{"type":"Feature","id":187,"properties":{"zone_id":187,"zone":"Port Richmond","borough":"Staten Island","service_zone":"Boro Zone"},"geometry":{"type":"MultiPolygon","coordinates":[[[[-74.13435269573621,40.64188679740535],[-74.13125581180262,40.641596830764016],[-74.13018370013205,40.64072382608323],[-74.12949057637357,40.641354835196104],[-74.1299774026272,40.64072987285577],[-74.1293071318684,40.64033741121117],[-74.12890729033458,40.64119482758637],[-74.12881201847124,40.6402269775041],[-74.12724481838394,40.63976689085713],[-74.1268887269999,40.63721008800014],[-74.12867047299994,40.63734826500013],[-74.13047428999985,40.630885509000095],[-74.13107460299986,40.63114773000009],[-74.13343731199994,40.62907434600007],[-74.13408698299992,40.62954168100004],[-74.13586108399996,40.6280615280001],[-74.13674237799992,40.628662537000054],[-74.13806393799992,40.627568471000096],[-74.13581008299997,40.6250643400001],[-74.13826358199992,40.62424377000015],[-74.13982184799993,40.61629982500006],[-74.14603562099998,40.61701277700016],[-74.14696864199988,40.6101513560001],[-74.15018666499996,40.609497811000104],[-74.15379116699992,40.6122556120001],[-74.15231170399994,40.61716275600007],[-74.14772830399991,40.622136619000145],[-74.14622812499992,40.624925362000084],[-74.14554071999993,40.627832522000155],[-74.14622202799995,40.629106957000104],[-74.14752618999992,40.62938928800008],[-74.14478228999994,40.637953780000124],[-74.14229766980965,40.64030580709379],[-74.13435269573621,40.64188679740535]]],[[[-74.12606982881191,40.64025447334643],[-74.12564026870596,40.64141849208246],[-74.1259954246122,40.64023124281459],[-74.12606982881191,40.64025447334643]]],[[[-74.12269555893829,40.641353026836406],[-74.12276203509289,40.64142663529733],[-74.12271103075855,40.6414337552529],[-74.12269555893829,40.641353026836406]]],[[[-74.12185329597821,40.64158069227979],[-74.12186561799325,40.64155594982705],[-74.12199083807539,40.64155463949963],[-74.12185329597821,40.64158069227979]]],[[[-74.12121470277087,40.64139683999389],[-74.12107727405213,40.64160742058889],[-74.12118039503834,40.6413834451899],[-74.12121470277087,40.64139683999389]]],[[[-74.12176052602824,40.6415743150626],[-74.12177911197513,40.64159254711723],[-74.12155886560592,40.641621632250214],[-74.12176052602824,40.6415743150626]]],[[[-74.12138690694671,40.64148533252646],[-74.12130529083001,40.64160070313022],[-74.12137332919552,40.641476475121834],[-74.12138690694671,40.64148533252646]]],[[[-74.12131194814832,40.64145253116269],[-74.12117246275159,40.64166914557268],[-74.12128074797168,40.641432495993726],[-74.12131194814832,40.64145253116269]]]]}},{"type":"Feature","id":188,"properties":{"zone_id":188,"zone":"Prospect-Lefferts Gardens","borough":"Brooklyn","service_zone":"Boro Zone"},"geometry":{"type":"Polygon","coordinates":[[[-73.95729172699996,40.664302632000094],[-73.95720935499996,40.66351739700011],[-73.94269628999989,40.66405512900014],[-73.94282892199992,40.66284748600009],[-73.93068465499985,40.66362047700012],[-73.92646424299983,40.65981436200015],[-73.92725505399994,40.659337564000076],[-73.92834017599986,40.660060036000075],[-73.92799465199988,40.65680210100007],[-73.95006664899988,40.65542299700009],[-73.94957113100006,40.65080790000012],[-73.9587078989999,40.65038727300009],[-73.95986103199981,40.655634789000096],[-73.96190028499997,40.65487096200012],[-73.96307724199983,40.66213019500005],[-73.96242894199995,40.66312520800009],[-73.96061544799986,40.66330275000012],[-73.96033682899981,40.664108698000156],[-73.95729172699996,40.664302632000094]]]}},{"type":"Feature","id":189,"properties":{"zone_id":189,"zone":"Prospect Heights","borough":"Brooklyn","service_zone":"Boro Zone"},"geometry":{"type":"Polygon","coordinates":[[[-73.96007428300001,40.67487807100014],[-73.96131877999991,40.67140667600009],[-73.96892332199981,40.6729375530001],[-73.9694973889999,40.67590638000017],[-73.97618051399984,40.67806432100015],[-73.9737559849999,40.683034020000086],[-73.96134655899994,40.68046352400009],[-73.96318238899983,40.675529504000075],[-73.96007428300001,40.67487807100014]]]}},{"type":"Feature","id":190,"properties":{"zone_id":190,"zone":"Prospect Park","borough":"Brooklyn","service_zone":"Boro Zone"},"geometry":{"type":"Polygon","coordinates":[[[-73.96307724199983,40.66213019500005],[-73.96190028499997,40.65487096200012],[-73.96621321999996,40.653189405000084],[-73.96465438699984,40.65088772800012],[-73.97139631700004,40.64825778600006],[-73.97436701299992,40.65818790400011],[-73.98022716299988,40.66104797500008],[-73.97041289500005,40.6725937240001],[-73.96793529099995,40.67300188400007],[-73.96258784899996,40.67171159700008],[-73.96095595499996,40.66328505500011],[-73.96242894199995,40.66312520800009],[-73.96307724199983,40.66213019500005]]]}},{"type":"Feature","id":191,"properties":{"zone_id":191,"zone":"Queens Village","borough":"Queens","service_zone":"Boro Zone"},"geometry":{"type":"Polygon","coordinates":[[[-73.7314721509999,40.727411795000116],[-73.72990512499977,40.72327249500014],[-73.72836415399992,40.723614352000055],[-73.72816233910696,40.72308413989148],[-73.73032628984046,40.722157296892526],[-73.7269714679152,40.71071450401693],[-73.72677759516957,40.70305929119961],[-73.73426455299999,40.70321954200015],[-73.73430403699984,40.70247813100013],[-73.74077675799997,40.70267983700014],[-73.74050336499982,40.70343355600012],[-73.74109293999989,40.703481063000105],[-73.74590871000004,40.70228727400009],[-73.74500119100004,40.70026221300007],[-73.74773012199991,40.6995531370001],[-73.74618157999997,40.696121926000124],[-73.74863325999986,40.69544476100011],[-73.7501929579999,40.698912082000085],[-73.7493054709999,40.69914231300011],[-73.75205066499984,40.705228028000136],[-73.75047058199985,40.70563993100014],[-73.75370834599995,40.71332463600013],[-73.75725671499985,40.7181386020001],[-73.7523343839998,40.72026246100013],[-73.75577120999998,40.723640216000106],[-73.75508625099991,40.72449006000004],[-73.75669771299987,40.72622871100009],[-73.75184238299993,40.7283265020001],[-73.74672140400004,40.73247715100009],[-73.74555667199989,40.73063689800014],[-73.7314721509999,40.727411795000116]]]}},{"type":"Feature","id":192,"properties":{"zone_id":192,"zone":"Queensboro Hill","borough":"Queens","service_zone":"Boro Zone"},"geometry":{"type":"Polygon","coordinates":[[[-73.82426493799993,40.751832888000116],[-73.82108427599998,40.74855844600013],[-73.8153731739999,40.74721833800014],[-73.81416171999987,40.74613858000013],[-73.80750599299991,40.75013658700013],[-73.80287666499983,40.749765150000094],[-73.8033521419999,40.74643196500008],[-73.7946756879998,40.747211928000134],[-73.79453507400001,40.74450763800007],[-73.79723084999992,40.74169550700012],[-73.79640218700004,40.73828235800007],[-73.81504998799993,40.738943133000106],[-73.81677959599985,40.738379794000046],[-73.8243501109999,40.73975360600012],[-73.8279436029999,40.738489982000075],[-73.82809152599998,40.73708317500015],[-73.82946751999992,40.737024482000095],[-73.83143025500004,40.73913573300015],[-73.83113122799989,40.742338000000146],[-73.83586131899989,40.743227985000125],[-73.83469042599992,40.74690269800013],[-73.83125479799999,40.748106359000104],[-73.83081942899994,40.74899579200013],[-73.82751792599984,40.74987479000007],[-73.82584440999999,40.74934839100011],[-73.82576557199985,40.75096902400007],[-73.82426493799993,40.751832888000116]]]}},{"type":"Feature","id":193,"properties":{"zone_id":193,"zone":"Queensbridge/Ravenswood","borough":"Queens","service_zone":"Boro Zone"},"geometry":{"type":"Polygon","coordinates":[[[-73.93424609599985,40.771029275000124],[-73.93593177099983,40.76778370200009],[-73.93858976899998,40.7668173590001],[-73.93600532399995,40.76588489500006],[-73.93700478599986,40.76423995400015],[-73.93398092199995,40.76282598200005],[-73.944052652,40.752313260000115],[-73.95080763809156,40.75526368005728],[-73.9413117494144,40.76691800476981],[-73.93524016831192,40.769679325463194],[-73.93490481291309,40.77127064109354],[-73.93424609599985,40.771029275000124]]]}},{"type":"Feature","id":194,"properties":{"zone_id":194,"zone":"Randalls Island","borough":"Manhattan","service_zone":"Yellow Zone"},"geometry":{"type":"Polygon","coordinates":[[[-73.91639852914044,40.79768484203914],[-73.91378385370594,40.79383628548226],[-73.9168544196006,40.79035844788486],[-73.9185629977498,40.789695333826096],[-73.92218831157653,40.78550927813944],[-73.92306473139391,40.783342884774456],[-73.92810118993663,40.78092032002124],[-73.93105352803921,40.78239659378342],[-73.93502345117236,40.783006382014534],[-73.93607064658492,40.78421721581028],[-73.93571265998845,40.785680489246424],[-73.93240673563922,40.78971850304669],[-73.92972400790947,40.791366178171714],[-73.92807273587826,40.790823391141735],[-73.9261041024332,40.79073160731014],[-73.92616023377902,40.791716073511076],[-73.9265688801793,40.791858736818796],[-73.92560814781015,40.79189695828165],[-73.92673913886138,40.79192875185248],[-73.92656584807987,40.79097950185677],[-73.9278688922052,40.79095483831742],[-73.92713563764022,40.791929306801684],[-73.92826720298079,40.79232852397422],[-73.9283194359912,40.79309126608293],[-73.9269361484504,40.795497160940705],[-73.92726293295631,40.79891864506124],[-73.92569826189312,40.80181087142675],[-73.92263378594882,40.801868738141316],[-73.9203146552122,40.799375459290225],[-73.91639852914044,40.79768484203914]]]}},{"type":"Feature","id":195,"properties":{"zone_id":195,"zone":"Red Hook","borough":"Brooklyn","service_zone":"Boro Zone"},"geometry":{"type":"Polygon","coordinates":[[[-74.0071710969999,40.6863570100001],[-74.00485241599992,40.68566813100008],[-74.00596041099988,40.683362871000135],[-73.9986188799999,40.671830172000085],[-74.00030337854434,40.66871689224865],[-74.00221506816538,40.66857863744136],[-74.00289483876944,40.667348465949516],[-74.0058636618068,40.66799376258587],[-74.00683236078251,40.66604964552696],[-74.00696707834247,40.66605218235685],[-74.00475388692331,40.67072135894521],[-74.00543926529352,40.67092146823859],[-74.00754821618384,40.66705174573377],[-74.00708724221813,40.668591358535956],[-74.00985411855632,40.668523628335535],[-74.01154017543327,40.665085919756805],[-74.01574872882654,40.66456833629182],[-74.01690267361069,40.66484660233907],[-74.01788719149395,40.66585046628554],[-74.01933946871777,40.67162494842282],[-74.01751037086694,40.67103453098435],[-74.01648665554487,40.66493050895401],[-74.0159369853455,40.66547079172161],[-74.01227967872792,40.665732414159],[-74.01033845947926,40.6690781954482],[-74.01162527521356,40.67058102827607],[-74.01424926931875,40.66972860473728],[-74.01175350509699,40.670657757578525],[-74.01427407257738,40.67137929918207],[-74.0151998057007,40.67075402766459],[-74.01423289452782,40.67213000051316],[-74.01568625497515,40.67103883492905],[-74.01297587792189,40.67332791872112],[-74.01511918663962,40.67215699596926],[-74.01632099922307,40.67290826956389],[-74.01496392184575,40.67467763029444],[-74.01816839280792,40.67193924060128],[-74.0188009477692,40.67225076484888],[-74.01727138470127,40.67360864580567],[-74.01801077320536,40.673913181052555],[-74.01783447572687,40.675258223014545],[-74.0188577695892,40.67510229240908],[-74.01791198226178,40.67651046280213],[-74.01995197864672,40.67710301045013],[-74.01843040661609,40.67790832186504],[-74.01841103183156,40.678407121278624],[-74.01966312651498,40.678388201270785],[-74.01825267004557,40.678552886726074],[-74.01954011569893,40.67896820623805],[-74.01928128101007,40.67964814029785],[-74.01282000316418,40.683622416248866],[-74.01213481688791,40.68290592802526],[-74.01410549647974,40.6817125193756],[-74.013018354221,40.68041237401445],[-74.00967108558879,40.68326872771521],[-74.01077312339376,40.684358615541036],[-74.01193259955522,40.683887749077726],[-74.0071710969999,40.6863570100001]]]}},{"type":"Feature","id":196,"properties":{"zone_id":196,"zone":"Rego Park","borough":"Queens","service_zone":"Boro Zone"},"geometry":{"type":"Polygon","coordinates":[[[-73.85762923599995,40.72860692200008],[-73.8594198799999,40.7264648380001],[-73.857271081,40.72568129800008],[-73.85805416899993,40.72444540600008],[-73.86203833799982,40.72595678500013],[-73.8586809759999,40.72261244000007],[-73.85729287299985,40.71146767700007],[-73.85975932900001,40.71184505900005],[-73.86003789899996,40.71493223600007],[-73.86929270499994,40.72443592900011],[-73.87146074199987,40.72932637400005],[-73.87509154199992,40.73067136300012],[-73.85886555799988,40.73593913900007],[-73.85625665099991,40.73095912300011],[-73.85851097899999,40.73028680200011],[-73.85762923599995,40.72860692200008]]]}},{"type":"Feature","id":197,"properties":{"zone_id":197,"zone":"Richmond Hill","borough":"Queens","service_zone":"Boro Zone"},"geometry":{"type":"Polygon","coordinates":[[[-73.83696237799982,40.70421245200013],[-73.83661882199989,40.70342001800008],[-73.83460244999996,40.70392746700007],[-73.83391709699988,40.70234736700013],[-73.83213204199994,40.70279408100009],[-73.83152109599999,40.70138962900013],[-73.82245890399994,40.703655531000074],[-73.81637824499992,40.702451964000076],[-73.81063298299996,40.691947383000084],[-73.82501128899997,40.68795231800011],[-73.82599347399987,40.689953662000086],[-73.82851136799992,40.68923905600013],[-73.82753021399995,40.6872394830001],[-73.83807769099997,40.68423891000006],[-73.83697486299991,40.6819880180001],[-73.84012856099982,40.68114665100009],[-73.84947763499991,40.69819580700006],[-73.84502472899999,40.6993593770001],[-73.83696237799982,40.70421245200013]]]}},{"type":"Feature","id":198,"properties":{"zone_id":198,"zone":"Ridgewood","borough":"Queens","service_zone":"Boro Zone"},"geometry":{"type":"Polygon","coordinates":[[[-73.90965980099995,40.71779315500011],[-73.90639010099999,40.71736369200008],[-73.90537582199983,40.712876581000046],[-73.88507555699987,40.712161055000095],[-73.88006267699978,40.71265257400014],[-73.87761134199985,40.70716770500013],[-73.88911917799989,40.70559887700011],[-73.89500322699999,40.69971237700005],[-73.89558457599986,40.69712764200009],[-73.89838185199996,40.69613599800011],[-73.90123290699994,40.69144227900016],[-73.90579597099993,40.69412715500006],[-73.9042601839999,40.695700371000086],[-73.91180820099987,40.69993800300007],[-73.91067882699998,40.7010459690001],[-73.91290404099983,40.70236189200009],[-73.91180710099992,40.70343495300007],[-73.92189184699987,40.70939609600004],[-73.92074519699985,40.71052968600008],[-73.92223294699991,40.712854425000096],[-73.92404011299993,40.71400831300012],[-73.91077807399988,40.71318760000005],[-73.91015817899998,40.713821600000145],[-73.91283037699992,40.715360908000044],[-73.90965980099995,40.71779315500011]]]}},{"type":"Feature","id":199,"properties":{"zone_id":199,"zone":"Rikers Island","borough":"Bronx","service_zone":"Boro Zone"},"geometry":{"type":"Polygon","coordinates":[[[-73.88885148496313,40.79870632895894],[-73.88665108524579,40.798038196700055],[-73.88371602364624,40.79568983925959],[-73.87797523216784,40.794359790094596],[-73.87221878971064,40.79103686176661],[-73.8707857397605,40.7879964651229],[-73.8716306538668,40.786797905421665],[-73.87342763293343,40.78576182947993],[-73.8783068007881,40.78535662075443],[-73.88905212421602,40.787372560129185],[-73.89030135549454,40.78987672716752],[-73.89212803173004,40.7903154821246],[-73.89282283610926,40.792817081951654],[-73.89179289686568,40.796775245758845],[-73.89079505126988,40.798021837855835],[-73.8883524809819,40.79813935970112],[-73.88885148496313,40.79870632895894]]]}},{"type":"Feature","id":200,"properties":{"zone_id":200,"zone":"Riverdale/North Riverdale/Fieldston","borough":"Bronx","service_zone":"Boro Zone"},"geometry":{"type":"Polygon","coordinates":[[[-73.89663333881637,40.911417374923246],[-73.89715717199994,40.89937182700006],[-73.89643170799985,40.89365527900007],[-73.89787887499983,40.890276101000104],[-73.90090301399997,40.88891054900008],[-73.90285949099989,40.889164744000084],[-73.90413642399992,40.88708070900008],[-73.90738830199982,40.88781969200006],[-73.90900536,40.88950014100004],[-73.90975930299997,40.88925002800008],[-73.91173089099983,40.88821871300013],[-73.9148927699999,40.88462477100009],[-73.91876151499996,40.88556968400016],[-73.91869590499994,40.88688520400008],[-73.92058641888602,40.88718267831003],[-73.9103325682445,40.91553277700278],[-73.89663333881637,40.911417374923246]]]}},{"type":"Feature","id":201,"properties":{"zone_id":201,"zone":"Rockaway Park","borough":"Queens","service_zone":"Boro Zone"},"geometry":{"type":"Polygon","coordinates":[[[-73.81912916381579,40.5880388929728],[-73.81788322299984,40.587448469000115],[-73.81544517899997,40.583373492000135],[-73.81751059199993,40.58278527100013],[-73.81730795916116,40.58233475897019],[-73.83386923172188,40.577649897609106],[-73.86286892288632,40.566830571773316],[-73.86662812000002,40.573057649000106],[-73.86361132999987,40.57382305800015],[-73.86396642099993,40.57502678700007],[-73.86288301945423,40.57605976162753],[-73.85305549585115,40.581255267855184],[-73.8504438514919,40.58213024358158],[-73.84521016865186,40.581579826263884],[-73.83929597982015,40.581863545478384],[-73.83855306451112,40.582791714299454],[-73.83584132334414,40.58287524942937],[-73.82852471261212,40.58485422038266],[-73.82803692404548,40.58605253836652],[-73.82480116623435,40.58715461537012],[-73.82293688631506,40.587491649727674],[-73.82145971991768,40.58676992492143],[-73.81912916381579,40.5880388929728]]]}},{"type":"Feature","id":202,"properties":{"zone_id":202,"zone":"Roosevelt Island","borough":"Manhattan","service_zone":"Yellow Zone"},"geometry":{"type":"Polygon","coordinates":[[[-73.94027985829325,40.77067071100997],[-73.95254079336881,40.75709531453745],[-73.96158304969282,40.74941430105336],[-73.95901616663733,40.75359505947884],[-73.94472478498723,40.76978627176754],[-73.94017959802048,40.77295931579733],[-73.94027985829325,40.77067071100997]]]}},{"type":"Feature","id":203,"properties":{"zone_id":203,"zone":"Rosedale","borough":"Queens","service_zone":"Boro Zone"},"geometry":{"type":"Polygon","coordinates":[[[-73.72753500301229,40.67393028414633],[-73.72833071887973,40.663043943865674],[-73.72592687720594,40.65773131917657],[-73.72522608103496,40.65200100007392],[-73.73051457300515,40.650310312003405],[-73.73513501486147,40.64973204023353],[-73.74143706021165,40.64688917816092],[-73.74205084926373,40.64147420476299],[-73.74142279307473,40.64050339087685],[-73.74227387212949,40.64012338122587],[-73.73947121613399,40.63570643191487],[-73.7399595753528,40.635143809186786],[-73.74221252506776,40.635015810579254],[-73.74258539843598,40.63545335666128],[-73.74096487686366,40.63730477503025],[-73.74189040305612,40.63812221354046],[-73.74397128496219,40.63788001261504],[-73.74364746537915,40.638988848348234],[-73.7447955814851,40.63707502907627],[-73.74679074637297,40.63677813554689],[-73.74527138642911,40.637915901245535],[-73.74532770333599,40.63837221196995],[-73.74704226024103,40.6369323652403],[-73.74631467883957,40.641394313090984],[-73.7487767478731,40.64511819098268],[-73.74944886976486,40.64493350023778],[-73.75428169216147,40.647885346006376],[-73.75460006764922,40.647200773031514],[-73.75522386899995,40.64744446900008],[-73.75411086699988,40.64869766500011],[-73.76406290099993,40.65435626600009],[-73.76319000499986,40.655898054000076],[-73.76184429799997,40.656536950000124],[-73.76165732899996,40.65823808600005],[-73.75680959499985,40.65709328400011],[-73.74867194699979,40.65267808800011],[-73.74332546799988,40.65253780400009],[-73.74328714099991,40.6561347320001],[-73.74487420299994,40.65614455800013],[-73.74506037799982,40.65740715000008],[-73.74853177199994,40.65757569700013],[-73.74733230899986,40.65912452100013],[-73.74679260099995,40.65890762200011],[-73.74684750599981,40.660795541000056],[-73.74281884699987,40.66530554900006],[-73.73954958300003,40.66525602200009],[-73.73891022900001,40.66595449200005],[-73.73856469500002,40.66639689800011],[-73.74117817299991,40.66640295400008],[-73.72718272499995,40.683597330000076],[-73.72586264191175,40.68324108097409],[-73.72563005109944,40.67958795089084],[-73.72753500301229,40.67393028414633]]]}},{"type":"Feature","id":204,"properties":{"zone_id":204,"zone":"Rossville/Woodrow","borough":"Staten Island","service_zone":"Boro Zone"},"geometry":{"type":"Polygon","coordinates":[[[-74.2032648999999,40.55562847700009],[-74.19174368799999,40.531916697000064],[-74.19909783799994,40.52829964500014],[-74.20152661599995,40.52626520600013],[-74.2156723039999,40.52395762800011],[-74.21574341099989,40.52646400600007],[-74.21800676499996,40.53229859000013],[-74.21776941599992,40.54112663000013],[-74.22131562699998,40.55025307400012],[-74.21778377699997,40.55304918800015],[-74.21784397799998,40.554432718000065],[-74.21050789400002,40.55706418200013],[-74.205854485,40.557502457000105],[-74.2032648999999,40.55562847700009]]]}},{"type":"Feature","id":205,"properties":{"zone_id":205,"zone":"Saint Albans","borough":"Queens","service_zone":"Boro Zone"},"geometry":{"type":"Polygon","coordinates":[[[-73.76636925199999,40.702563397000105],[-73.76126359299997,40.703598940000106],[-73.76095546600004,40.702909578000146],[-73.75205066499984,40.705228028000136],[-73.7493054709999,40.69914231300011],[-73.7501929579999,40.698912082000085],[-73.74863325999986,40.69544476100011],[-73.7435928609999,40.69621532500007],[-73.75576169199995,40.67588590900006],[-73.756918817,40.67652887100014],[-73.76248600399997,40.67419498200009],[-73.76367677599995,40.67474552500011],[-73.76380484799996,40.67376993300014],[-73.77469730199986,40.68048604600012],[-73.77220275299987,40.6816103390001],[-73.7732870399999,40.68345473200006],[-73.77418414899984,40.68323792100009],[-73.77699767599997,40.68628268900012],[-73.77966850599998,40.68537712300015],[-73.78148675699995,40.688697183000095],[-73.78234452799995,40.68840743800014],[-73.78326624999988,40.68999429300012],[-73.78078155499992,40.69102994300014],[-73.77977295099997,40.6892811700001],[-73.77789337399993,40.68991769000013],[-73.7802372379999,40.69297233500011],[-73.77783593399984,40.69432133500005],[-73.77395659499993,40.69980578100008],[-73.77230768699997,40.7005715070001],[-73.77559218799982,40.705329309000064],[-73.7749009329999,40.707066662000074],[-73.76844546499984,40.70963702700007],[-73.76636925199999,40.702563397000105]]]}},{"type":"Feature","id":206,"properties":{"zone_id":206,"zone":"Saint George/New Brighton","borough":"Staten Island","service_zone":"Boro Zone"},"geometry":{"type":"Polygon","coordinates":[[[-74.08570754378212,40.648880553370645],[-74.07899546333263,40.64814255442261],[-74.07445282563698,40.64506748872343],[-74.07359107919265,40.64499892804322],[-74.0738565368472,40.6454248160998],[-74.0733381385699,40.64578311616253],[-74.07369011806543,40.64530572506016],[-74.07269828799015,40.644441273467486],[-74.07165829759784,40.6450337464352],[-74.07229190281811,40.64426604782058],[-74.07093784471476,40.64334596384082],[-74.07210952444638,40.64246321679297],[-74.07032923715386,40.64252612813258],[-74.07314400586021,40.64185297448033],[-74.07019399559213,40.64200750280549],[-74.07308689819374,40.64163681496984],[-74.07289005609624,40.64092267287623],[-74.06998354653952,40.64106894311695],[-74.07285041194942,40.6408036884453],[-74.07258133886755,40.63794187429617],[-74.0768399779999,40.63775026000009],[-74.07865269699992,40.63830402500007],[-74.08373397299994,40.63573714400011],[-74.08587882899995,40.63669159000011],[-74.0869059279999,40.63585724300009],[-74.08870582299987,40.636845206000054],[-74.08970378299989,40.63568250100011],[-74.09090698799996,40.63548572900009],[-74.09242513499993,40.63558181300012],[-74.09338942299995,40.63659955500008],[-74.09409312599998,40.63926691400017],[-74.09767290799995,40.63896067900007],[-74.09787969199995,40.640358055000085],[-74.10974833299994,40.63786583300012],[-74.11499559699989,40.63729222600011],[-74.11519147399999,40.63834768100006],[-74.11765722499996,40.638062467000104],[-74.11614321199995,40.62870226400007],[-74.11326249599989,40.62305442500014],[-74.11790654899988,40.62487746100009],[-74.12125677899994,40.62782275000009],[-74.1313098529999,40.626328343000175],[-74.12867047299994,40.63734826500013],[-74.1268887269999,40.63721008800014],[-74.12705362202625,40.64024173781969],[-74.12415578422493,40.64013471682022],[-74.12257280489571,40.640622340047216],[-74.12269555893829,40.641353026836406],[-74.11993480088911,40.641197604384104],[-74.1199569987576,40.64220945342926],[-74.11909720493722,40.64147346652364],[-74.11940029532461,40.642379378532944],[-74.11861635236262,40.64153036502913],[-74.11883624616948,40.64254186406058],[-74.11840185083544,40.64152980054302],[-74.1180489115635,40.642157461012076],[-74.1171709328468,40.641624271041934],[-74.1172247008255,40.64302735996278],[-74.11666607646228,40.64210676633415],[-74.11667041382688,40.643189824893014],[-74.11614208635716,40.642216454150535],[-74.11622691905411,40.64330710586223],[-74.11535082182925,40.642470540158314],[-74.11395094068477,40.64413659167539],[-74.11288806510967,40.64453244463777],[-74.11389010824342,40.64398966912692],[-74.11333023192623,40.64372349758655],[-74.1097393256449,40.645463728185],[-74.1041235630174,40.6457404322004],[-74.09880066885808,40.64504703431106],[-74.09298828187653,40.64597278075271],[-74.08570754378212,40.648880553370645]]]}},{"type":"Feature","id":207,"properties":{"zone_id":207,"zone":"Saint Michaels Cemetery/Woodside","borough":"Queens","service_zone":"Boro Zone"},"geometry":{"type":"Polygon","coordinates":[[[-73.90137640299986,40.75964203800009],[-73.90356915599997,40.76578178900011],[-73.90217951699996,40.76731584200016],[-73.89349605899986,40.765950930000116],[-73.89866137899992,40.75992101700016],[-73.90137640299986,40.75964203800009]]]}},{"type":"Feature","id":208,"properties":{"zone_id":208,"zone":"Schuylerville/Edgewater Park","borough":"Bronx","service_zone":"Boro Zone"},"geometry":{"type":"MultiPolygon","coordinates":[[[[-73.82611300699996,40.845338694000105],[-73.82540482599977,40.83565927500014],[-73.82601252600003,40.83402077800004],[-73.82515883900005,40.83461447200012],[-73.82463346500003,40.83385580800011],[-73.81552500922504,40.835976306926206],[-73.8160119668146,40.83398080521097],[-73.81476387691956,40.83081679999369],[-73.81389783360487,40.83090755415845],[-73.81451016521453,40.83061404705124],[-73.81275469994516,40.82824823625153],[-73.80992515914596,40.82817971199279],[-73.81260338852059,40.827835076749345],[-73.81384974851248,40.82680352875059],[-73.81291776131222,40.82635038912084],[-73.81399111582792,40.826069598431516],[-73.81379523517661,40.82529808600167],[-73.81211350556435,40.82555263465956],[-73.8139338355063,40.82413716311638],[-73.81327417399014,40.82396666581975],[-73.81274834915234,40.82477718710251],[-73.81177284871205,40.824339806172986],[-73.80909234633528,40.82587339816434],[-73.80697771152201,40.825388370897585],[-73.80599159848933,40.82082355849026],[-73.80461931205352,40.81902711421389],[-73.80348320649303,40.818276985466746],[-73.80070762635494,40.81804509879802],[-73.79759032777322,40.81650753207025],[-73.79738112573526,40.81576350489581],[-73.79902816314,40.81554113493885],[-73.80174561215799,40.81286501791845],[-73.80133906141197,40.81239373439257],[-73.8017593218082,40.81286139698752],[-73.80304775394252,40.81244870823906],[-73.80511465526511,40.81563585002829],[-73.8065724726017,40.816606355392565],[-73.80508103466697,40.81519796401276],[-73.80455440518865,40.81462984223729],[-73.80465942815042,40.814544989122176],[-73.80704600153508,40.81653369387543],[-73.80531902580653,40.81478131299837],[-73.80505213646254,40.81289496243431],[-73.80224245334347,40.810197393660545],[-73.80101172909842,40.81071339964748],[-73.80146670007328,40.81014171796329],[-73.7985376596495,40.809587075529905],[-73.79228907337423,40.806849005579664],[-73.79086475738406,40.807341140440705],[-73.79006256328053,40.805408941834536],[-73.79103717515576,40.80426303170219],[-73.7933898228672,40.804204330036384],[-73.79577769394001,40.80616294902937],[-73.80195238321679,40.80900282688778],[-73.80392673417204,40.808527970811895],[-73.8099202908178,40.81292915226195],[-73.81389275367364,40.81358719783822],[-73.81449994116008,40.812908287604635],[-73.81447727191015,40.813518541841354],[-73.81620056896291,40.81384747647951],[-73.82055521517324,40.813017655077026],[-73.82024436122036,40.812430677574156],[-73.8210651207081,40.8122035924676],[-73.82032355515894,40.81243965219512],[-73.82112969804922,40.81244975686698],[-73.82058709143999,40.81301944660829],[-73.82406387432496,40.81216926152641],[-73.82480905359992,40.811439281600116],[-73.82524350467826,40.81176134024024],[-73.82487938938073,40.8112729838284],[-73.82565070298091,40.811592290916195],[-73.82535766859549,40.811027643923985],[-73.82567229084775,40.81158474373054],[-73.82553710461548,40.81101552428082],[-73.82581255718891,40.81153370452047],[-73.83017915330238,40.81083454948965],[-73.8321661704888,40.808502277670314],[-73.831615744777,40.80493825599676],[-73.83743612112924,40.80620264259174],[-73.84043199520461,40.81254112811865],[-73.83974355921865,40.81640607175156],[-73.83696070299992,40.8163405410001],[-73.83614239499985,40.819198903000064],[-73.83661819699992,40.827114149000124],[-73.8370906139999,40.82896714700014],[-73.84228428387955,40.82864660499154],[-73.84233077477266,40.82907396245388],[-73.84188643774428,40.8307131765346],[-73.83885232384739,40.83369066784842],[-73.83956700299987,40.84054722800005],[-73.83771374899992,40.84040631000006],[-73.83688925199996,40.84337478800011],[-73.83043186399985,40.843857984000145],[-73.82611300699996,40.845338694000105]]],[[[-73.83979488581072,40.83561920724653],[-73.8394122031086,40.83460006510758],[-73.83959266810578,40.83456047582346],[-73.83979488581072,40.83561920724653]]],[[[-73.83961672561374,40.835667752627515],[-73.83960850400152,40.835708050842406],[-73.83960098545434,40.835670718698786],[-73.83961672561374,40.835667752627515]]]]}},{"type":"Feature","id":209,"properties":{"zone_id":209,"zone":"Seaport","borough":"Manhattan","service_zone":"Yellow Zone"},"geometry":{"type":"Polygon","coordinates":[[[-74.00499805099996,40.712011897000075],[-73.99919451154408,40.7079473761759],[-74.00118685262835,40.70685982577195],[-74.0005829704798,40.705433933649076],[-74.00143661179398,40.70487217770543],[-74.00505672799989,40.708788769000144],[-74.00906264699988,40.71088670400013],[-74.00499805099996,40.712011897000075]]]}},{"type":"Feature","id":210,"properties":{"zone_id":210,"zone":"Sheepshead Bay","borough":"Brooklyn","service_zone":"Boro Zone"},"geometry":{"type":"Polygon","coordinates":[[[-73.92956858299992,40.596820265000105],[-73.91805571865743,40.5864368531164],[-73.92090603836381,40.585590581533815],[-73.92520361514241,40.585806271155555],[-73.92720774188899,40.5877227591869],[-73.92768287747319,40.58736160013421],[-73.9273568092889,40.58802217627636],[-73.92791625741049,40.58754873639219],[-73.92807906817849,40.58770246052338],[-73.92740450151646,40.58820650449],[-73.9279017574099,40.58795340928007],[-73.92802185276429,40.58806875635108],[-73.9239529485009,40.5911398505252],[-73.92863061415636,40.588572636420935],[-73.92844090493661,40.589030428142195],[-73.9291344038264,40.58887924168214],[-73.92884679091428,40.589232123876016],[-73.92976615773311,40.58929206944785],[-73.93003427450557,40.58942599650094],[-73.93057705718242,40.58989064120337],[-73.93010325988745,40.58960610507162],[-73.93072578729826,40.59108986026531],[-73.92971282036608,40.59312004824829],[-73.93001650952081,40.59409453606231],[-73.93008159453139,40.59359546287146],[-73.93043246129608,40.594402674950075],[-73.9317638740002,40.594284098763026],[-73.93078131379613,40.59449895527702],[-73.93260420556844,40.59492954452514],[-73.9310098934316,40.591931042481185],[-73.93121294858955,40.58953130811941],[-73.93009138279199,40.5889888623792],[-73.93039967597488,40.58846552041554],[-73.92972846380192,40.58861391582989],[-73.93038545256262,40.588441616079066],[-73.92972232646723,40.58756008290404],[-73.93134917824065,40.58732816722967],[-73.93125191267131,40.586849825214415],[-73.92857393936457,40.58706150237156],[-73.92815700695613,40.58586452306626],[-73.92751621995603,40.5863982667157],[-73.92552860874584,40.58497837657288],[-73.9344471859999,40.586652075000124],[-73.94866230599997,40.58489385600014],[-73.95387860700004,40.58572124600012],[-73.96025825899996,40.58502930800014],[-73.96034953599988,40.587306286000135],[-73.95619313699986,40.58776226900014],[-73.956927197,40.59661207600006],[-73.94248473299992,40.59820036500006],[-73.94288954099984,40.60031865000013],[-73.93447158899997,40.6012315120001],[-73.93503274599996,40.60173379000003],[-73.9335511719998,40.60268728100009],[-73.92813139699999,40.597777928000056],[-73.92956858299992,40.596820265000105]]]}},{"type":"Feature","id":211,"properties":{"zone_id":211,"zone":"SoHo","borough":"Manhattan","service_zone":"Yellow Zone"},"geometry":{"type":"Polygon","coordinates":[[[-73.9967717579999,40.7254319440001],[-74.00188406299992,40.7193975710001],[-74.00539186699989,40.72203736600009],[-74.003730175,40.726250059000144],[-74.00214891499996,40.728035367000096],[-73.9967717579999,40.7254319440001]]]}},{"type":"Feature","id":212,"properties":{"zone_id":212,"zone":"Soundview/Bruckner","borough":"Bronx","service_zone":"Boro Zone"},"geometry":{"type":"Polygon","coordinates":[[[-73.88421976599987,40.82299645800006],[-73.88461335999997,40.8252765030001],[-73.88378414099992,40.828274292000145],[-73.87729930499995,40.82874277400009],[-73.86085019699982,40.83361353800008],[-73.85739121299999,40.83229737200004],[-73.85615112900003,40.826770046000064],[-73.88421976599987,40.82299645800006]]]}},{"type":"Feature","id":213,"properties":{"zone_id":213,"zone":"Soundview/Castle Hill","borough":"Bronx","service_zone":"Boro Zone"},"geometry":{"type":"MultiPolygon","coordinates":[[[[-73.84289527503903,40.82856917606104],[-73.840017529957,40.822190243125675],[-73.83999860407422,40.819934946813255],[-73.8419868483405,40.81877437390829],[-73.84617302872043,40.810676664430574],[-73.8471968450964,40.81058048761441],[-73.84821486515582,40.812462909498464],[-73.8511447226069,40.81439654887618],[-73.85291177501854,40.814500996711715],[-73.85336857868805,40.81359390313653],[-73.85538030243693,40.81428888208297],[-73.85346774058523,40.813477711608876],[-73.85119997725174,40.813553144376364],[-73.84903294180673,40.81211891007872],[-73.84996696802818,40.808578018843775],[-73.84876007745984,40.80833745779328],[-73.84952218256736,40.80805527772039],[-73.847488226419,40.805448909149376],[-73.8486478460621,40.80469937148057],[-73.84997722709161,40.8050595949821],[-73.85019839036401,40.80451002497415],[-73.856614854502,40.80479692395052],[-73.85866549456955,40.80683308859626],[-73.8589514122177,40.81027141758674],[-73.8601269523559,40.809605499891454],[-73.85935625734362,40.80898803428665],[-73.85938875426787,40.808166141207266],[-73.86065222514291,40.809636681692005],[-73.86765646284456,40.8105837619373],[-73.87077804885931,40.81448689548798],[-73.8780628329999,40.81618263200013],[-73.88244779599998,40.81926832300011],[-73.8843985489999,40.82296557600008],[-73.85635677499992,40.82675208500014],[-73.85513639699997,40.82243618900006],[-73.84289858800003,40.82408305900006],[-73.84390624999999,40.82840782900013],[-73.84289527503903,40.82856917606104]]],[[[-73.83696070299992,40.8163405410001],[-73.83974355921865,40.81640607175156],[-73.84009272315726,40.81694233976255],[-73.83868347700722,40.819591381519565],[-73.83888231646733,40.822140489856196],[-73.84228428387955,40.828646604491524],[-73.8370906139999,40.82896714700014],[-73.83612598999984,40.82349743200011],[-73.83696070299992,40.8163405410001]]]]}},{"type":"Feature","id":214,"properties":{"zone_id":214,"zone":"South Beach/Dongan Hills","borough":"Staten Island","service_zone":"Boro Zone"},"geometry":{"type":"Polygon","coordinates":[[[-74.08587511899997,40.595890121000046],[-74.08376862299998,40.59552095700013],[-74.08173342999991,40.59215628600006],[-74.0784669379999,40.593300012000086],[-74.07888191699992,40.59394279200009],[-74.07043976099992,40.59673474700007],[-74.06728410699992,40.59098620300007],[-74.06436003721248,40.58826789117499],[-74.07021154289465,40.58398135771171],[-74.07144837595611,40.58243406796469],[-74.07065781537806,40.581625625038],[-74.07177638431192,40.58187653516419],[-74.07499413073505,40.57923655741651],[-74.07336118472098,40.578275488289336],[-74.07508288192615,40.579160158755705],[-74.07534622582394,40.577887969571925],[-74.07601596977891,40.578244912290394],[-74.07926321256913,40.57567129220596],[-74.07867933938911,40.575081825223606],[-74.07933640538252,40.57562720401703],[-74.08017867442044,40.575180418259734],[-74.08495715819193,40.57125984002128],[-74.10039083499996,40.57968866600013],[-74.09844000899997,40.58124170600011],[-74.10525775499997,40.58592143600006],[-74.10088251699995,40.5901792160001],[-74.10083052299994,40.59263230600006],[-74.09979588999995,40.59387136600011],[-74.09375453799998,40.59674489000009],[-74.08983655899988,40.60077409500017],[-74.08218729299988,40.601941008000075],[-74.08130343799998,40.599387656000125],[-74.08532650099991,40.59700832200016],[-74.08587511899997,40.595890121000046]]]}},{"type":"Feature","id":215,"properties":{"zone_id":215,"zone":"South Jamaica","borough":"Queens","service_zone":"Boro Zone"},"geometry":{"type":"Polygon","coordinates":[[[-73.78034491200003,40.705412417000055],[-73.77395659499986,40.699805782000105],[-73.77783593399984,40.69432133500005],[-73.7802372379999,40.69297233500011],[-73.77789337399993,40.68991769000013],[-73.77977295099997,40.6892811700001],[-73.78078155499992,40.69102994300014],[-73.793908417,40.68630469100005],[-73.79561486799987,40.6886568910001],[-73.79995042799996,40.686827719000114],[-73.79898209099994,40.68485873800007],[-73.80576840199991,40.68293239100013],[-73.81063298299996,40.691947383000084],[-73.80890216900004,40.69256434900012],[-73.80642479399984,40.69087385800011],[-73.79786193399997,40.697993404000094],[-73.79260506799987,40.700432100000086],[-73.79186916599991,40.701366137000086],[-73.79239170299988,40.702166530000085],[-73.78256582599995,40.70542486400009],[-73.78034491200003,40.705412417000055]]]}},{"type":"Feature","id":216,"properties":{"zone_id":216,"zone":"South Ozone Park","borough":"Queens","service_zone":"Boro Zone"},"geometry":{"type":"Polygon","coordinates":[[[-73.81063298299996,40.691947383000084],[-73.80142836799988,40.67366683400008],[-73.80117909099994,40.66910026500012],[-73.80203207699995,40.665248025000125],[-73.8084501619999,40.664461301000095],[-73.81176694899986,40.66293453600015],[-73.81496922499986,40.66247266800009],[-73.82687353900002,40.66370410700011],[-73.832705339,40.66540577300005],[-73.84012856099982,40.68114665100009],[-73.83697486299991,40.6819880180001],[-73.83807769099997,40.68423891000006],[-73.82753021399995,40.6872394830001],[-73.82851136799992,40.68923905600013],[-73.82599347399987,40.689953662000086],[-73.82501128899997,40.68795231800011],[-73.81063298299996,40.691947383000084]]]}},{"type":"Feature","id":217,"properties":{"zone_id":217,"zone":"South Williamsburg","borough":"Brooklyn","service_zone":"Boro Zone"},"geometry":{"type":"Polygon","coordinates":[[[-73.95790430799988,40.708427173000125],[-73.94705205299991,40.70366394900007],[-73.95128819399989,40.700922365000075],[-73.95381196900003,40.7031809800001],[-73.95745736399992,40.700822603000134],[-73.95701993199991,40.69897391400014],[-73.96283963699993,40.69803866800013],[-73.96217978199998,40.700220710000096],[-73.96720961999985,40.70425570900014],[-73.96838933699995,40.70682918700009],[-73.963278738,40.70772929900014],[-73.958455768,40.70725184700008],[-73.95790430799988,40.708427173000125]]]}},{"type":"Feature","id":218,"properties":{"zone_id":218,"zone":"Springfield Gardens North","borough":"Queens","service_zone":"Boro Zone"},"geometry":{"type":"Polygon","coordinates":[[[-73.77469730199986,40.68048604600012],[-73.76380484799996,40.67376993300014],[-73.76367677599995,40.67474552500011],[-73.76248600399997,40.67419498200009],[-73.76031463999993,40.67510997100005],[-73.75857198899986,40.67263733100007],[-73.75636239300002,40.67242923700018],[-73.75763129599991,40.66645115700011],[-73.77342462799992,40.668027619000064],[-73.78940999399987,40.66684115900014],[-73.78808647399985,40.6730096270001],[-73.78573730899993,40.67238503500006],[-73.78376243999988,40.675315686000104],[-73.777229236,40.679652721000096],[-73.77469730199986,40.68048604600012]]]}},{"type":"Feature","id":219,"properties":{"zone_id":219,"zone":"Springfield Gardens South","borough":"Queens","service_zone":"Boro Zone"},"geometry":{"type":"Polygon","coordinates":[[[-73.76182231299998,40.66687776000005],[-73.73856469500002,40.66639689800011],[-73.73954958300003,40.66525602200009],[-73.74281884600006,40.665305549000045],[-73.74450922599979,40.66382127800007],[-73.74684750499985,40.660795541000056],[-73.74679260099995,40.65890762200011],[-73.74733230899986,40.65912452100013],[-73.74853177199994,40.65757569700013],[-73.74506037899988,40.65740715000008],[-73.74487420299994,40.65614455800013],[-73.74328714099991,40.6561347320001],[-73.74332546899993,40.652537804000126],[-73.74867194699979,40.65267808800011],[-73.75680959499985,40.65709328400011],[-73.76165732899996,40.65823808600005],[-73.76184429799997,40.656536950000124],[-73.76319000499986,40.655898054000076],[-73.76406290099993,40.65435626600009],[-73.77418923599993,40.65986052400011],[-73.78321833499997,40.66316628400008],[-73.80203207699995,40.665248025000125],[-73.80155565300004,40.6667533640001],[-73.78940999399991,40.66684115800013],[-73.77342462799992,40.668027619000064],[-73.76182231299998,40.66687776000005]]]}},{"type":"Feature","id":220,"properties":{"zone_id":220,"zone":"Spuyten Duyvil/Kingsbridge","borough":"Bronx","service_zone":"Boro Zone"},"geometry":{"type":"Polygon","coordinates":[[[-73.898348963,40.89044499700009],[-73.89972588599989,40.88651488700004],[-73.89661546599986,40.88595525600013],[-73.90369454799992,40.87850161800008],[-73.90608130599988,40.87323962900008],[-73.90746489699994,40.873547354000046],[-73.9068187309999,40.87661958800012],[-73.91033193599998,40.87903804700007],[-73.91148913199984,40.879018859000084],[-73.91578609320084,40.875717182480514],[-73.91775669364831,40.8756636279303],[-73.91978381266422,40.8764214360531],[-73.92273788293744,40.878905445214095],[-73.92490327486523,40.87888836792672],[-73.92058641888602,40.88718267831003],[-73.91869590499982,40.88688520300009],[-73.91876151499994,40.88556968500009],[-73.9148927699999,40.88462477100009],[-73.91173089099983,40.88821871300013],[-73.90900536,40.88950014100004],[-73.90738830199982,40.88781969200006],[-73.90413642399992,40.88708070900008],[-73.90285949099989,40.889164744000084],[-73.90090301399997,40.88891054900008],[-73.898348963,40.89044499700009]]]}},{"type":"Feature","id":221,"properties":{"zone_id":221,"zone":"Stapleton","borough":"Staten Island","service_zone":"Boro Zone"},"geometry":{"type":"Polygon","coordinates":[[[-74.07878831099995,40.638268559000124],[-74.07053959705199,40.63747140462443],[-74.07341562632823,40.63689395096573],[-74.07209483807503,40.63664727762481],[-74.07335822045584,40.63653609416538],[-74.0729847461233,40.6303089789816],[-74.06802173543946,40.628787585185606],[-74.07291177936548,40.62999637940672],[-74.07225500955778,40.62460875019414],[-74.06975543088323,40.62120813987261],[-74.06649335296378,40.618897601595364],[-74.06596065271776,40.61935901559392],[-74.06619907954864,40.61872248128896],[-74.06544586069478,40.61920262828944],[-74.06668207982919,40.61806749593871],[-74.06425721751587,40.61817168758576],[-74.06509908407213,40.61751095612564],[-74.06390892240353,40.617328825149286],[-74.06432745858045,40.616988503022306],[-74.06130709550277,40.61419225076578],[-74.0603368079201,40.61190188021989],[-74.05999919711631,40.612783899618805],[-74.06027224809941,40.61181963993938],[-74.05927076216308,40.61149313253724],[-74.05685812390232,40.60805635777275],[-74.0651709129999,40.60421350800009],[-74.06350565699995,40.60215005500011],[-74.07399965299999,40.605725567000064],[-74.0815547009999,40.60629029700008],[-74.075025699,40.616378740000094],[-74.0714060829999,40.61943137900012],[-74.07116568799995,40.6206987860001],[-74.07253551699988,40.62246402200008],[-74.08000094999994,40.61855295200014],[-74.08720982799996,40.61330697300008],[-74.0878234189999,40.61508793500008],[-74.08626756599996,40.617832011000154],[-74.08415419899998,40.62626711500009],[-74.08298808899993,40.62735007300008],[-74.08084371499997,40.62737949100008],[-74.07972492199994,40.62895068800005],[-74.08574928999991,40.63395555700008],[-74.08443647599991,40.63540524800009],[-74.07878831099995,40.638268559000124]]]}},{"type":"Feature","id":222,"properties":{"zone_id":222,"zone":"Starrett City","borough":"Brooklyn","service_zone":"Boro Zone"},"geometry":{"type":"MultiPolygon","coordinates":[[[[-73.88221364899994,40.654518638000155],[-73.87610398000004,40.646214789000105],[-73.8745808109999,40.645610106000134],[-73.87841589406925,40.63891218935352],[-73.88048386922625,40.64097803454771],[-73.88006714132425,40.642003446626944],[-73.88139306230616,40.64234733997931],[-73.88341999203011,40.644523815649634],[-73.88557762124441,40.64404095014632],[-73.88743444708422,40.64593668177397],[-73.88764072166725,40.647802390007456],[-73.89125147199995,40.65002559700012],[-73.89000589199988,40.65114869700012],[-73.88221364899994,40.654518638000155]]],[[[-73.88820050726648,40.64714086952923],[-73.88864137620679,40.64707955315819],[-73.88851637568528,40.6473606915221],[-73.88820050726648,40.64714086952923]]]]}},{"type":"Feature","id":223,"properties":{"zone_id":223,"zone":"Steinway","borough":"Queens","service_zone":"Boro Zone"},"geometry":{"type":"Polygon","coordinates":[[[-73.90985862925774,40.790945493782075],[-73.90032629743816,40.78900766282588],[-73.8959296297551,40.78564894431395],[-73.89874897638398,40.78278115576622],[-73.90114577552107,40.782711106090716],[-73.90257929672345,40.780289120835754],[-73.9012912761892,40.781858419270534],[-73.89865437844033,40.781995420320946],[-73.89437777934127,40.78424320348442],[-73.8960637773842,40.7831572018054],[-73.89477429053531,40.782253592494435],[-73.89542197971672,40.78171777101648],[-73.8953575056752,40.78165765713357],[-73.89460091774595,40.7822531589816],[-73.89534850467375,40.78164926548457],[-73.895284679113,40.78154124925501],[-73.89416469083802,40.78247204644154],[-73.89306090692054,40.78184828970731],[-73.89230750203646,40.78246604157391],[-73.89274917876408,40.78296570668501],[-73.89165459123714,40.78219478153084],[-73.89300986180193,40.78179802356234],[-73.8916500522784,40.780843379675794],[-73.89253636793505,40.77955306588084],[-73.89166859702843,40.77949253941006],[-73.8911958970439,40.77856328788724],[-73.89251064542336,40.7773928692729],[-73.89141605901193,40.7763389561173],[-73.89183244902246,40.7748801999445],[-73.89034195999996,40.77323760500016],[-73.88945486901865,40.77353295106376],[-73.88770661799985,40.766838598000135],[-73.89089043699997,40.76585819800012],[-73.89349605899986,40.765950930000116],[-73.91759120499997,40.769900871000104],[-73.92398142900001,40.77461511300012],[-73.92302571500001,40.77538431000009],[-73.92375761299998,40.776547012000094],[-73.91796581399993,40.78125629200012],[-73.91996458796496,40.78263506876845],[-73.91717118646426,40.784193484371606],[-73.912599859115,40.78937632963414],[-73.90985862925774,40.790945493782075]]]}},{"type":"Feature","id":224,"properties":{"zone_id":224,"zone":"Stuy Town/Peter Cooper Village","borough":"Manhattan","service_zone":"Yellow Zone"},"geometry":{"type":"Polygon","coordinates":[[[-73.97849845599995,40.73679095700008],[-73.97443700979296,40.73531635606482],[-73.97341321730852,40.73128241642884],[-73.97151882628022,40.729351361740285],[-73.97162697285862,40.726628452998625],[-73.98255629299985,40.73135013400008],[-73.97849845599995,40.73679095700008]]]}},{"type":"Feature","id":225,"properties":{"zone_id":225,"zone":"Stuyvesant Heights","borough":"Brooklyn","service_zone":"Boro Zone"},"geometry":{"type":"Polygon","coordinates":[[[-73.91804607,40.687213248000084],[-73.9163011989999,40.678577112000106],[-73.92183500099996,40.678945559000105],[-73.92281374299995,40.6834144300001],[-73.93500821699992,40.68276376800005],[-73.93435066499993,40.6795634080001],[-73.94032794,40.679889975000066],[-73.94394947299996,40.698221279000116],[-73.93817718599986,40.69864022300006],[-73.91804607,40.687213248000084]]]}},{"type":"Feature","id":226,"properties":{"zone_id":226,"zone":"Sunnyside","borough":"Queens","service_zone":"Boro Zone"},"geometry":{"type":"Polygon","coordinates":[[[-73.90989961499994,40.74908727500014],[-73.91187504099992,40.748220796000126],[-73.9124485379999,40.74592040200004],[-73.9112472229998,40.74578399300007],[-73.9119412979999,40.74238294900014],[-73.9137938869998,40.742514492000154],[-73.91443483199988,40.74053105300006],[-73.91567469599988,40.74078493000009],[-73.91717737999994,40.73689787100006],[-73.91651522799987,40.736757346000054],[-73.91689741899991,40.735444708000074],[-73.91903825199986,40.73200596600006],[-73.917342506,40.73138282600013],[-73.91796696699996,40.72850077100008],[-73.91507233799989,40.727970820000095],[-73.91505218099998,40.728601181000116],[-73.91205021299994,40.728506363000115],[-73.91174734199988,40.72991203300011],[-73.9071225309999,40.72742472800012],[-73.91384828299984,40.722898412000085],[-73.91132095099978,40.71962423000013],[-73.92232773978448,40.71659264406127],[-73.92515207271921,40.722335339821],[-73.9244229875485,40.72358997598637],[-73.92037064235663,40.72368111382122],[-73.92490316165177,40.724506575671654],[-73.9292348587616,40.728260165761235],[-73.93453176375674,40.72910480653514],[-73.93804478507161,40.730509967846245],[-73.94162472636452,40.73584144233836],[-73.94594215413971,40.737507121439826],[-73.94140886345744,40.73929957085337],[-73.93869664599998,40.73814081700006],[-73.93726110699993,40.74517649100009],[-73.94419561599983,40.74288214600011],[-73.94401030399996,40.743639454000096],[-73.93952057199998,40.745983779000106],[-73.93663681899982,40.74820409400007],[-73.93739653799992,40.7489164400001],[-73.93383269399993,40.751604702000094],[-73.9322762319998,40.751953886000145],[-73.92562743799989,40.752137244000096],[-73.91763192799988,40.753857848000095],[-73.91446450799998,40.753676412000125],[-73.91035492999984,40.75274990900005],[-73.9094433199999,40.75075523100006],[-73.90989961499994,40.74908727500014]]]}},{"type":"Feature","id":227,"properties":{"zone_id":227,"zone":"Sunset Park East","borough":"Brooklyn","service_zone":"Boro Zone"},"geometry":{"type":"Polygon","coordinates":[[[-73.98905872499985,40.64411924100014],[-73.9955103369999,40.63980966700012],[-73.99917564699989,40.64202544200011],[-74.00735636699996,40.6341636270001],[-74.00556490399993,40.633083176000106],[-74.01000340799995,40.630113089000105],[-74.016020101,40.633317114000164],[-74.016835401,40.63535542900014],[-74.0139608859999,40.63815326700014],[-74.01616711499993,40.639482441000105],[-74.00214474699993,40.652956107000136],[-73.99779466099982,40.65028889000012],[-73.99830602299986,40.649740015000134],[-73.98905872499985,40.64411924100014]]]}},{"type":"Feature","id":228,"properties":{"zone_id":228,"zone":"Sunset Park West","borough":"Brooklyn","service_zone":"Boro Zone"},"geometry":{"type":"Polygon","coordinates":[[[-73.9986188799999,40.671830172000085],[-73.99490350099988,40.66678543500011],[-73.99692689899985,40.664374915000124],[-73.99063545399997,40.660579089000095],[-73.988716511,40.66240493800016],[-73.98725068899996,40.66037895600012],[-73.990188415,40.657600818000084],[-73.99516890199999,40.659669522000144],[-74.01616711499993,40.639482441000105],[-74.0139608859999,40.63815326700014],[-74.016835401,40.63535542900014],[-74.02141038399992,40.638584903000044],[-74.02108051399998,40.64149093700015],[-74.02475437599998,40.63812141800009],[-74.02695244699993,40.639446065000186],[-74.0262626739999,40.640094381000054],[-74.03266558998958,40.64372034489026],[-74.03051830863413,40.64527442520916],[-74.02820569545007,40.644015982890544],[-74.02604948400315,40.64626135032631],[-74.02974078211068,40.64848602621059],[-74.02571758804807,40.64661549229113],[-74.02483957406781,40.646944424765586],[-74.02629688858224,40.648168926521215],[-74.02414566050564,40.64761510126004],[-74.02553864578033,40.649782159348234],[-74.02484436363444,40.65059963805727],[-74.02605133196793,40.65099430074331],[-74.02552971543649,40.65147855069302],[-74.02477160495674,40.65068770743556],[-74.02424021347534,40.65113351631353],[-74.02541604028593,40.6519338068553],[-74.02285141795983,40.65116919516187],[-74.02536890150509,40.65272143692753],[-74.02154138319214,40.65067162291142],[-74.02105230392205,40.65109828292792],[-74.0223373466683,40.6519106053818],[-74.02089862870834,40.65124727521848],[-74.02380703903121,40.653044728511674],[-74.02195900090592,40.6522227819709],[-74.02118670027885,40.65283983689551],[-74.02320464727141,40.65409611681813],[-74.02162946295488,40.65364516521623],[-74.02164486415387,40.65487898338267],[-74.0186223830857,40.65349134902316],[-74.01811897876473,40.65388527110552],[-74.02005182454292,40.65533594887462],[-74.01787407223816,40.65406150233098],[-74.01715319581021,40.65477510436233],[-74.01970596410222,40.65658116375125],[-74.01726715936593,40.6551941879867],[-74.01639437533773,40.655620642850906],[-74.01910843803118,40.657368884303686],[-74.01860569460999,40.65784587402303],[-74.01585370056823,40.656213240555545],[-74.01543632269644,40.656632396759846],[-74.01786573109668,40.65830844729872],[-74.0150473822185,40.6569503866936],[-74.01442130484548,40.65760802195157],[-74.01745803087898,40.6594501973869],[-74.01554165388997,40.66075835547634],[-74.01183862056543,40.65891283727491],[-74.011107504103,40.65970627458081],[-74.01402247678024,40.66152974744027],[-74.0131555493881,40.66198159772614],[-74.00859956968283,40.65952092309847],[-74.00745858163884,40.66055847621005],[-74.0103720129723,40.66239888023268],[-74.00955074142026,40.663267694130596],[-74.00428358250115,40.66144489410147],[-74.00592360503022,40.66310825073926],[-74.0038081547088,40.6619079457284],[-74.0034880110065,40.662240556128694],[-74.00599748682693,40.66325861082879],[-74.00772133506703,40.66471863301998],[-74.0071253264673,40.66491521847445],[-74.00604608518974,40.66384000563573],[-74.00564140754479,40.664531491896035],[-74.0056502595958,40.663900337844034],[-74.00362862508561,40.662734847534786],[-74.00528132177348,40.66465700352425],[-74.00486193792648,40.66506482193837],[-74.00083401108444,40.6630064426919],[-73.99953152609916,40.6643974859371],[-74.00292463516382,40.66646231216353],[-73.99998149339123,40.66745027490888],[-73.99902600998384,40.66844297212713],[-73.9986188799999,40.671830172000085]]]}},{"type":"Feature","id":229,"properties":{"zone_id":229,"zone":"Sutton Place/Turtle Bay North","borough":"Manhattan","service_zone":"Yellow Zone"},"geometry":{"type":"Polygon","coordinates":[[[-73.95877790811335,40.75827092092456],[-73.96482214210387,40.751596325791326],[-73.967067339,40.752620675000124],[-73.96661581800002,40.753243425000136],[-73.9712170449999,40.755193324000146],[-73.9665833839999,40.76155093500007],[-73.95877790811335,40.75827092092456]]]}},{"type":"Feature","id":230,"properties":{"zone_id":230,"zone":"Times Sq/Theatre District","borough":"Manhattan","service_zone":"Yellow Zone"},"geometry":{"type":"Polygon","coordinates":[[[-73.97860169399989,40.76239607200013],[-73.98411754799999,40.75484205300015],[-73.98979085399995,40.75723313200011],[-73.98428230099987,40.76479181500014],[-73.97860169399989,40.76239607200013]]]}},{"type":"Feature","id":231,"properties":{"zone_id":231,"zone":"TriBeCa/Civic Center","borough":"Manhattan","service_zone":"Yellow Zone"},"geometry":{"type":"Polygon","coordinates":[[[-74.01102457999994,40.72579386200011],[-73.999956209,40.71801709500007],[-74.00485768099996,40.7124525410001],[-74.00834760999993,40.711358546000056],[-74.01375388499997,40.713690555000056],[-74.01244109199989,40.71905767300007],[-74.01457231438083,40.720274137742386],[-74.01296558526825,40.720328675587325],[-74.01102457999994,40.72579386200011]]]}},{"type":"Feature","id":232,"properties":{"zone_id":232,"zone":"Two Bridges/Seward Park","borough":"Manhattan","service_zone":"Yellow Zone"},"geometry":{"type":"Polygon","coordinates":[[[-73.97635525199995,40.71913288400005],[-73.97347975524508,40.718861429113105],[-73.97612368838796,40.71246032539859],[-73.97782091638246,40.71064544490725],[-73.98839064023261,40.7091269491628],[-73.9887368170753,40.709970741845304],[-73.99190824271031,40.70953292664354],[-73.99256242199989,40.714388077000166],[-73.99022012699989,40.71440494000008],[-73.98675136699994,40.71959284600017],[-73.985073423,40.719083294000086],[-73.9838238729998,40.72147287200007],[-73.97635525199995,40.71913288400005]]]}},{"type":"Feature","id":233,"properties":{"zone_id":233,"zone":"UN/Turtle Bay South","borough":"Manhattan","service_zone":"Yellow Zone"},"geometry":{"type":"MultiPolygon","coordinates":[[[[-73.96413382933486,40.7468127961656],[-73.96458318426942,40.74645440067351],[-73.96415980288437,40.74686554735975],[-73.96413382933486,40.7468127961656]]],[[[-73.96706733899993,40.75262067600009],[-73.96482214210387,40.751596325791326],[-73.97123301520192,40.74341466396026],[-73.97167921200406,40.743054464030074],[-73.97350835000003,40.74378203400008],[-73.97121971999988,40.74692154100015],[-73.9758346669999,40.74886314600017],[-73.9712170449999,40.755193324000146],[-73.96661581800002,40.753243425000136],[-73.96706733899993,40.75262067600009]]]]}},{"type":"Feature","id":234,"properties":{"zone_id":234,"zone":"Union Sq","borough":"Manhattan","service_zone":"Yellow Zone"},"geometry":{"type":"Polygon","coordinates":[[[-73.98407485299994,40.74332471800008],[-73.98990295999991,40.73443479000011],[-73.99683993899998,40.73736088900014],[-73.99051761299985,40.746038638000094],[-73.98407485299994,40.74332471800008]]]}},{"type":"Feature","id":235,"properties":{"zone_id":235,"zone":"University Heights/Morris Heights","borough":"Bronx","service_zone":"Boro Zone"},"geometry":{"type":"Polygon","coordinates":[[[-73.9090395089999,40.862678864000095],[-73.91328437000003,40.85961860100012],[-73.91056799299989,40.85862059300015],[-73.90976165899988,40.85718261200008],[-73.90777320599983,40.85960753800002],[-73.90679734899983,40.859373589000064],[-73.90486847199993,40.85869322500008],[-73.90565953499988,40.85739873400016],[-73.90468371399987,40.85706030200009],[-73.91416184199993,40.84517918800011],[-73.92478318799985,40.84475266400008],[-73.92808209386837,40.84539159691691],[-73.92151543705522,40.85451006389148],[-73.91422824049913,40.862490790359814],[-73.91075595799987,40.86165148400008],[-73.9090395089999,40.862678864000095]]]}},{"type":"Feature","id":236,"properties":{"zone_id":236,"zone":"Upper East Side North","borough":"Manhattan","service_zone":"Yellow Zone"},"geometry":{"type":"Polygon","coordinates":[[[-73.94933170599992,40.78519312700014],[-73.95825534899998,40.772965337000095],[-73.96468735799992,40.77567708200013],[-73.9557773589999,40.787913924000144],[-73.94933170599992,40.78519312700014]]]}},{"type":"Feature","id":237,"properties":{"zone_id":237,"zone":"Upper East Side South","borough":"Manhattan","service_zone":"Yellow Zone"},"geometry":{"type":"Polygon","coordinates":[[[-73.95825534899998,40.772965337000095],[-73.9665833839999,40.76155093500007],[-73.97301487199995,40.764278879000095],[-73.96468735799992,40.77567708200013],[-73.95825534899998,40.772965337000095]]]}},{"type":"Feature","id":238,"properties":{"zone_id":238,"zone":"Upper West Side North","borough":"Manhattan","service_zone":"Yellow Zone"},"geometry":{"type":"Polygon","coordinates":[[[-73.96417598599989,40.79236204500008],[-73.96933573299991,40.785293280000104],[-73.98188645923244,40.790516580467695],[-73.97639951965265,40.79827321084643],[-73.96417598599989,40.79236204500008]]]}},{"type":"Feature","id":239,"properties":{"zone_id":239,"zone":"Upper West Side South","borough":"Manhattan","service_zone":"Yellow Zone"},"geometry":{"type":"Polygon","coordinates":[[[-73.98188645923244,40.790516580467695],[-73.96933573299991,40.785293280000104],[-73.97499744000005,40.77753254600009],[-73.98507184299989,40.781779681000124],[-73.98567936099997,40.780312633000136],[-73.9881274613434,40.781401796723834],[-73.98546581197031,40.78536070057563],[-73.98617270496534,40.78606845225883],[-73.98711901394245,40.78521031900429],[-73.98612842248579,40.78623900133128],[-73.98542932126932,40.78541394218478],[-73.98576566029756,40.7861962748589],[-73.98465507883023,40.78653474180811],[-73.98594956155647,40.78648711396671],[-73.98461942858404,40.786586016349965],[-73.98188645923244,40.790516580467695]]]}},{"type":"Feature","id":240,"properties":{"zone_id":240,"zone":"Van Cortlandt Park","borough":"Bronx","service_zone":"Boro Zone"},"geometry":{"type":"Polygon","coordinates":[[[-73.87482041599985,40.89844543800012],[-73.8771197409999,40.895468664000155],[-73.87048672599987,40.8966402110001],[-73.86135927899984,40.89466231900012],[-73.86943471300005,40.878129199000135],[-73.87094367500002,40.87851076700016],[-73.87024100099985,40.880229353000146],[-73.87494589799991,40.87994766900007],[-73.87467601499999,40.88156285200011],[-73.87812594399992,40.88215382600009],[-73.87803562399996,40.88711832200008],[-73.88124422499992,40.8827096330001],[-73.88683486599984,40.884342026000134],[-73.89972588499982,40.88651488700011],[-73.89643170799985,40.89365527900007],[-73.89715717199994,40.89937182700006],[-73.89635785999997,40.90320013200009],[-73.89663333831646,40.91141737492334],[-73.86789043706806,40.90298695407629],[-73.87010369599989,40.90074194700009],[-73.87482041599985,40.89844543800012]]]}},{"type":"Feature","id":241,"properties":{"zone_id":241,"zone":"Van Cortlandt Village","borough":"Bronx","service_zone":"Boro Zone"},"geometry":{"type":"Polygon","coordinates":[[[-73.89661546599986,40.88595525600013],[-73.88705142599984,40.884349576000105],[-73.88716505199984,40.88257651100006],[-73.88567517999986,40.87887251100006],[-73.88773577599993,40.877033882000056],[-73.88937163799983,40.87338229800013],[-73.88785196299986,40.87211417600009],[-73.89157400099988,40.86968425300013],[-73.89438130299993,40.86606885100016],[-73.8974032329998,40.86747419000011],[-73.89656060499982,40.86856520000012],[-73.89891854299988,40.869658574000105],[-73.89942436199988,40.86788083800011],[-73.90235804799984,40.86869612100008],[-73.90442003199995,40.87036127600008],[-73.90452070499992,40.872495211000086],[-73.90608130599988,40.87323962900008],[-73.90369454799992,40.87850161800008],[-73.89855059899999,40.884374727000164],[-73.89661546599986,40.88595525600013]]]}},{"type":"Feature","id":242,"properties":{"zone_id":242,"zone":"Van Nest/Morris Park","borough":"Bronx","service_zone":"Boro Zone"},"geometry":{"type":"Polygon","coordinates":[[[-73.83463970199992,40.853817994000096],[-73.83771374799997,40.840406310000056],[-73.84204144699997,40.840645897000115],[-73.84458129199986,40.83853550800011],[-73.85052278099987,40.84278948900005],[-73.86347232399994,40.84130593300008],[-73.86920766899995,40.8396000460001],[-73.87359713599987,40.83979855500013],[-73.87099518100001,40.84311139200013],[-73.86804200399997,40.84481383900009],[-73.868926528,40.84688174100008],[-73.86785992999984,40.848864931000065],[-73.86920944599994,40.84923837300011],[-73.86823466099995,40.85091373700005],[-73.86860515599989,40.8520686460001],[-73.86518787199995,40.850164386000124],[-73.86303938099996,40.85061130700013],[-73.86250923799993,40.84836228100007],[-73.85457388299992,40.85150834600013],[-73.85304526899994,40.84954733200006],[-73.84968869799998,40.851058907000066],[-73.8443084699999,40.85119046400009],[-73.84494053799982,40.84821822100011],[-73.8404976739999,40.85418410500009],[-73.83499552599993,40.85657120100009],[-73.83667557299988,40.85665266300009],[-73.83681918499988,40.8572768090001],[-73.82847346699994,40.8607313530001],[-73.83283502299986,40.85603584500008],[-73.83129157699987,40.8554341050001],[-73.83463970199992,40.853817994000096]]]}},{"type":"Feature","id":243,"properties":{"zone_id":243,"zone":"Washington Heights North","borough":"Manhattan","service_zone":"Yellow Zone"},"geometry":{"type":"Polygon","coordinates":[[[-73.93235370807281,40.86975525529674],[-73.92726915099985,40.86553456000014],[-73.92474153399992,40.861593638000116],[-73.92709951599984,40.85827552100011],[-73.92691117499983,40.85750876100012],[-73.92518924999993,40.85802753700015],[-73.92467094699998,40.85681088900009],[-73.92769565799996,40.85248778200007],[-73.92703315699981,40.85220077500007],[-73.92747680599985,40.85069437000012],[-73.92970731599995,40.84812261200006],[-73.9306210789998,40.8484809770001],[-73.93139355399987,40.84742823100006],[-73.93639683100004,40.84954119500005],[-73.93575394299994,40.85016820300008],[-73.94203871799984,40.85193102900009],[-73.94317806099995,40.84979994300009],[-73.94692626452421,40.85052805583435],[-73.94186996426673,40.85386773944295],[-73.93251910022944,40.86741057820774],[-73.93235370807281,40.86975525529674]]]}},{"type":"Feature","id":244,"properties":{"zone_id":244,"zone":"Washington Heights South","borough":"Manhattan","service_zone":"Yellow Zone"},"geometry":{"type":"Polygon","coordinates":[[[-73.94203871799984,40.85193102900009],[-73.93575394299994,40.85016820300008],[-73.93639683100004,40.84954119500005],[-73.93139355399987,40.84742823100006],[-73.93556697199989,40.84171252800012],[-73.93505508799984,40.839333236000094],[-73.94024600800003,40.83184212100011],[-73.94034643299983,40.830457842000094],[-73.95015521048293,40.834396759408094],[-73.94856054520493,40.839564885664416],[-73.94612416421772,40.8438924965573],[-73.9469644175959,40.85046552581838],[-73.94317806099984,40.84979994400009],[-73.94203871799984,40.85193102900009]]]}},{"type":"Feature","id":245,"properties":{"zone_id":245,"zone":"West Brighton","borough":"Staten Island","service_zone":"Boro Zone"},"geometry":{"type":"Polygon","coordinates":[[[-74.09787969199995,40.640358055000085],[-74.09767290799995,40.63896067900007],[-74.09409312599998,40.63926691400017],[-74.09242513499993,40.63558181300012],[-74.08970378299989,40.63568250100011],[-74.08870582299987,40.636845206000054],[-74.0869059279999,40.63585724300009],[-74.08587882899995,40.63669159000011],[-74.08373397299994,40.63573714400011],[-74.08934045699996,40.629923285000125],[-74.09223971399994,40.625742916000085],[-74.10350925299994,40.61641607500012],[-74.10608939599997,40.618984195000124],[-74.11094392899994,40.62119448900007],[-74.11326249599989,40.62305442500014],[-74.11614321199995,40.62870226400007],[-74.11765722499997,40.63806246600014],[-74.11519147399999,40.63834768100006],[-74.11499559699989,40.63729222600011],[-74.10974833299994,40.63786583300012],[-74.09787969199995,40.640358055000085]]]}},{"type":"Feature","id":246,"properties":{"zone_id":246,"zone":"West Chelsea/Hudson Yards","borough":"Manhattan","service_zone":"Yellow Zone"},"geometry":{"type":"Polygon","coordinates":[[[-74.00439976203513,40.76267135909908],[-74.00220082073264,40.76172843222662],[-74.00153309083484,40.762644598063936],[-73.99547450199992,40.75962685700009],[-74.00820401899988,40.74214751800005],[-74.00958464345709,40.74326352048329],[-74.01213726936172,40.74353192705946],[-74.00951201767357,40.74367609376045],[-74.0087278005888,40.74485823291015],[-74.01183642872407,40.74512596367891],[-74.01167885505592,40.74597946181613],[-74.00946389855962,40.74575014365968],[-74.00936550495776,40.74633720086228],[-74.01150411235528,40.746990802505344],[-74.00924314592588,40.74676279075395],[-74.0091373625992,40.747359762803185],[-74.01133174441699,40.74800057534212],[-74.0090584790135,40.747785645333046],[-74.00894606502311,40.74841189316884],[-74.01121562130405,40.74869682117602],[-74.00994817938025,40.74893198800596],[-74.00956004978684,40.74993504179172],[-74.01080815800898,40.75031931136819],[-74.00925340917918,40.74998520622469],[-74.00853256925012,40.7518836093045],[-74.00934089245268,40.75235560954576],[-74.00842636447226,40.752157850239406],[-74.0099905581974,40.75281618714928],[-74.00997058797012,40.75293356415334],[-74.00835352838843,40.75235073934244],[-74.00774478605632,40.75433654271961],[-74.00480392560178,40.75780984316484],[-74.00700358904015,40.75923187034124],[-74.00647588371949,40.759893601268246],[-74.00390742032765,40.759375692183724],[-74.0043188942507,40.75991068576364],[-74.0036689145353,40.75970596957684],[-74.00233528130057,40.761543727001765],[-74.00439976203513,40.76267135909908]]]}},{"type":"Feature","id":247,"properties":{"zone_id":247,"zone":"West Concourse","borough":"Bronx","service_zone":"Boro Zone"},"geometry":{"type":"Polygon","coordinates":[[[-73.91193751499992,40.843202388000094],[-73.91383125899985,40.83863904500006],[-73.91986089399985,40.831947227000114],[-73.93027812699984,40.81324802500015],[-73.93242632000944,40.8141175189798],[-73.93307251084069,40.82815615201829],[-73.92850073899987,40.82935235000015],[-73.92399049499991,40.835052298000086],[-73.91901668400004,40.83838109300008],[-73.91618344399991,40.842334900000104],[-73.91794965199988,40.84222957100017],[-73.91729224999992,40.8451099400001],[-73.91193751499992,40.843202388000094]]]}},{"type":"Feature","id":248,"properties":{"zone_id":248,"zone":"West Farms/Bronx River","borough":"Bronx","service_zone":"Boro Zone"},"geometry":{"type":"Polygon","coordinates":[[[-73.86448011799995,40.841087797000135],[-73.86271114399993,40.832991509000166],[-73.87729930499995,40.82874277400009],[-73.88378414099992,40.828274292000145],[-73.88390094800003,40.829802816000075],[-73.88005188499987,40.834702059000094],[-73.87925239499992,40.83442479000009],[-73.87482228199985,40.83685948000005],[-73.874908511,40.837359610000185],[-73.87379590199993,40.83744513300009],[-73.87277204699981,40.83975128200016],[-73.86920766899992,40.83960004700009],[-73.86448011799995,40.841087797000135]]]}},{"type":"Feature","id":249,"properties":{"zone_id":249,"zone":"West Village","borough":"Manhattan","service_zone":"Yellow Zone"},"geometry":{"type":"Polygon","coordinates":[[[-73.99683993899998,40.73736088900014],[-74.00281726599992,40.72836312900013],[-74.0070902079999,40.72877225300012],[-74.00515808199998,40.7408580810001],[-73.99683993899998,40.73736088900014]]]}},{"type":"Feature","id":250,"properties":{"zone_id":250,"zone":"Westchester Village/Unionport","borough":"Bronx","service_zone":"Boro Zone"},"geometry":{"type":"Polygon","coordinates":[[[-73.85052278099987,40.84278948900005],[-73.84458129199986,40.83853550800011],[-73.84204144699997,40.840645897000115],[-73.83936452799995,40.84087706700015],[-73.84030282537191,40.839524313945134],[-73.83959108476135,40.83404168804544],[-73.84275884293768,40.830818484142995],[-73.84289527503903,40.82856917656104],[-73.84390624999996,40.82840783000012],[-73.84289858800003,40.82408305900006],[-73.85513639799981,40.82243618900005],[-73.85739121299999,40.83229737200004],[-73.86033845899995,40.83325316600014],[-73.85168459699997,40.8342010520001],[-73.85333524999986,40.84247015500008],[-73.85052278099987,40.84278948900005]]]}},{"type":"Feature","id":251,"properties":{"zone_id":251,"zone":"Westerleigh","borough":"Staten Island","service_zone":"Boro Zone"},"geometry":{"type":"Polygon","coordinates":[[[-74.13107460299995,40.63114772900014],[-74.13014141499997,40.62996520900011],[-74.1313098529999,40.626328343000175],[-74.12125677899994,40.62782275000009],[-74.11790654899988,40.62487746100009],[-74.11326249599989,40.62305442500014],[-74.11094392899994,40.62119448900007],[-74.10552598799994,40.61859233000011],[-74.0977696879999,40.610623593000085],[-74.10890146199993,40.61025158500014],[-74.1156683379999,40.61117538500009],[-74.12452618799996,40.60902231900012],[-74.13210459699991,40.6081529240001],[-74.14471100599997,40.608034297000145],[-74.14954343599996,40.609627173000085],[-74.14696864199988,40.6101513560001],[-74.14603562099998,40.61701277700016],[-74.13982184799993,40.61629982500006],[-74.13826358199992,40.62424377000015],[-74.13581008299997,40.6250643400001],[-74.13806393799992,40.627568471000096],[-74.13674237799992,40.628662537000054],[-74.13586108399996,40.6280615280001],[-74.13408698299992,40.62954168100004],[-74.13343731299992,40.629074346000095],[-74.13107460299995,40.63114772900014]]]}},{"type":"Feature","id":252,"properties":{"zone_id":252,"zone":"Whitestone","borough":"Queens","service_zone":"Boro Zone"},"geometry":{"type":"Polygon","coordinates":[[[-73.82049919995305,40.80101146781926],[-73.81369963725258,40.79707941566529],[-73.8122418447208,40.79812582792798],[-73.81160938202306,40.79737240944369],[-73.8063633145256,40.7963936054379],[-73.80623135012367,40.79681747758296],[-73.80529962989374,40.79615668358593],[-73.80008350203387,40.79662756747483],[-73.79443085877568,40.79481254334424],[-73.79497523156434,40.79187618141905],[-73.79375837416896,40.789073302118574],[-73.79338628565984,40.78958123095279],[-73.79362007276016,40.788996637750024],[-73.79286156729569,40.78878964771933],[-73.79179280401884,40.78935161654946],[-73.79058298999988,40.78819291000009],[-73.79582463099997,40.786130588000084],[-73.80242791599977,40.78606827400013],[-73.80379022899989,40.775610112000116],[-73.81485850699984,40.776485923000074],[-73.81452997799975,40.77888817500012],[-73.82331286899986,40.77957866000008],[-73.82224127699999,40.781693879000116],[-73.83869921299996,40.781676957000066],[-73.83824429099994,40.78778591600015],[-73.84008157499997,40.787851531000115],[-73.83992306199994,40.790649902000105],[-73.83900524099994,40.79061732200013],[-73.83895676099984,40.791438431000145],[-73.84081532599994,40.791504885000094],[-73.84067828300006,40.79390789200014],[-73.83663288911686,40.79251637576946],[-73.83653187324715,40.79174343240585],[-73.83764705075262,40.79102861194778],[-73.83681814957055,40.79046990635996],[-73.83748191403235,40.79043449792202],[-73.83728024446076,40.789009520772844],[-73.83713432989512,40.78956403301448],[-73.83568022069021,40.78957491756849],[-73.83379548109895,40.788517169043836],[-73.83251063648018,40.78862447662696],[-73.83143628889387,40.78918135654879],[-73.8321487200091,40.79003324485338],[-73.83166080927866,40.791102591159884],[-73.82836657648583,40.79239541955754],[-73.82922857533939,40.79301934041106],[-73.82829155299557,40.79251424596078],[-73.8278487557192,40.793087673214345],[-73.82801372355921,40.794932408770244],[-73.82945991534359,40.79682336759161],[-73.82741768831188,40.79678901882918],[-73.82673856166687,40.797796245453156],[-73.82506496699443,40.79737577656846],[-73.82049919995305,40.80101146781926]]]}},{"type":"Feature","id":253,"properties":{"zone_id":253,"zone":"Willets Point","borough":"Queens","service_zone":"Boro Zone"},"geometry":{"type":"Polygon","coordinates":[[[-73.83908354399988,40.76525691300011],[-73.83790429599993,40.76458779700008],[-73.83679107299986,40.76116667100011],[-73.83867321899987,40.757019979000134],[-73.84324381399976,40.75533680400015],[-73.84670933714986,40.76134526931997],[-73.84306961269657,40.76359256915395],[-73.84272819396486,40.76462854893186],[-73.83908354399988,40.76525691300011]]]}},{"type":"Feature","id":254,"properties":{"zone_id":254,"zone":"Williamsbridge/Olinville","borough":"Bronx","service_zone":"Boro Zone"},"geometry":{"type":"Polygon","coordinates":[[[-73.85248305800003,40.87946370500008],[-73.85091896099982,40.87789344100004],[-73.85254854099988,40.877091587000116],[-73.85068955699988,40.87548667800013],[-73.85363638799987,40.87330059900015],[-73.85651292399993,40.87421779300013],[-73.85661382499993,40.871250167000106],[-73.87056192499988,40.87151077800014],[-73.87019944899986,40.87631135500006],[-73.860710982,40.895370544000144],[-73.85695619399986,40.894167938000116],[-73.85736281700004,40.893411439000054],[-73.84590568599998,40.88974136900005],[-73.85248305800003,40.87946370500008]]]}},{"type":"Feature","id":255,"properties":{"zone_id":255,"zone":"Williamsburg (North Side)","borough":"Brooklyn","service_zone":"Boro Zone"},"geometry":{"type":"Polygon","coordinates":[[[-73.96176070375392,40.72522879205556],[-73.95771989199994,40.72428495700009],[-73.95477662900004,40.72245950500013],[-73.95164632299998,40.72348585700012],[-73.95064594299997,40.721705693000075],[-73.94907816799986,40.722540287000115],[-73.94841638599995,40.718455533000146],[-73.94721341799986,40.71856098600007],[-73.95348472199983,40.71407020800007],[-73.95433904200002,40.71407170200009],[-73.95547596099992,40.71226542600008],[-73.96736391666703,40.71648367952764],[-73.9665969033269,40.71796798088784],[-73.96729652521331,40.71831181417375],[-73.96652792581678,40.718032524197795],[-73.9658789353266,40.718755077686545],[-73.96662993360903,40.71913242786112],[-73.96654344630538,40.719222942469614],[-73.96552577399207,40.718900892712746],[-73.9653743106172,40.72009363306711],[-73.96435606131355,40.720163003598906],[-73.96408769147868,40.720755529522485],[-73.96504914549352,40.72135734425199],[-73.96399793724473,40.72093843807293],[-73.96298124491233,40.72203167639544],[-73.96176070375392,40.72522879205556]]]}},{"type":"Feature","id":256,"properties":{"zone_id":256,"zone":"Williamsburg (South Side)","borough":"Brooklyn","service_zone":"Boro Zone"},"geometry":{"type":"Polygon","coordinates":[[[-73.96736391666705,40.71648367902772],[-73.95547596099992,40.71226542600008],[-73.95433904200002,40.71407170200009],[-73.94937231899985,40.71406687800005],[-73.94865533499987,40.70972498300007],[-73.95087492699996,40.70951311500011],[-73.95023693799996,40.70547324700013],[-73.95790430799988,40.708427173000125],[-73.958455768,40.70725184700008],[-73.963278738,40.70772929900014],[-73.96929296374243,40.707093331047965],[-73.9700095322252,40.7104539376278],[-73.96736391666705,40.71648367902772]]]}},{"type":"Feature","id":257,"properties":{"zone_id":257,"zone":"Windsor Terrace","borough":"Brooklyn","service_zone":"Boro Zone"},"geometry":{"type":"Polygon","coordinates":[[[-73.982230342,40.662141492000146],[-73.97411953499982,40.65769375200011],[-73.97084113699994,40.64637857100012],[-73.974642245,40.6448132190001],[-73.97482741699987,40.645663421000144],[-73.97777380600002,40.64534187700017],[-73.97819074399992,40.64752599200011],[-73.98029115499993,40.64729716100007],[-73.98179568699996,40.65524609700011],[-73.98843135299977,40.65925121200015],[-73.98688464499989,40.660366389000096],[-73.98508679399998,40.659013288000075],[-73.982230342,40.662141492000146]]]}},{"type":"Feature","id":258,"properties":{"zone_id":258,"zone":"Woodhaven","borough":"Queens","service_zone":"Boro Zone"},"geometry":{"type":"Polygon","coordinates":[[[-73.8450419489999,40.689318947000146],[-73.84419150899994,40.68947440800011],[-73.8411960569998,40.68335136600009],[-73.84786817599985,40.68148683200012],[-73.85197864599989,40.682564211000056],[-73.85099089299987,40.68056836700007],[-73.85392389199987,40.67968615600007],[-73.85819836099995,40.67943084900006],[-73.85878576899987,40.680630463000085],[-73.86334943599995,40.6793516400001],[-73.86410096700003,40.68237285000008],[-73.86602666899996,40.68191805200011],[-73.86868454399996,40.69403469200011],[-73.86842489800001,40.69471812000013],[-73.85277238699999,40.69755711200008],[-73.85443455699989,40.700602952000146],[-73.85070842300001,40.70020312500008],[-73.8450419489999,40.689318947000146]]]}},{"type":"Feature","id":259,"properties":{"zone_id":259,"zone":"Woodlawn/Wakefield","borough":"Bronx","service_zone":"Boro Zone"},"geometry":{"type":"Polygon","coordinates":[[[-73.85107116191898,40.91037152011114],[-73.85347522366716,40.90753029351441],[-73.85092059381415,40.906616494244986],[-73.85017317542919,40.90750786582548],[-73.84481886992495,40.90552994983753],[-73.84489264904629,40.90419086689826],[-73.84138689269206,40.90417274176668],[-73.83919486690272,40.89935069221569],[-73.83964812806491,40.89733053517044],[-73.83839199161751,40.89406700802419],[-73.83737956161106,40.893924741304545],[-73.83554853999995,40.88913350400011],[-73.84704957999995,40.88767181600008],[-73.84590568599998,40.88974136900005],[-73.85736281700004,40.893411439000054],[-73.85695619399986,40.894167938000116],[-73.860710982,40.895370544000144],[-73.86135927899984,40.89466231900012],[-73.87048672599987,40.8966402110001],[-73.8771197409999,40.895468664000155],[-73.87482041599985,40.89844543800012],[-73.87010369599989,40.90074194700009],[-73.86789043706806,40.90298695407629],[-73.85946778750369,40.90051720913356],[-73.8588640130816,40.901711695025014],[-73.85957882974114,40.902440842885916],[-73.85816000002418,40.90230571010147],[-73.85711090489973,40.90364953284814],[-73.85717766087977,40.90528654183091],[-73.8560102334462,40.905305983813676],[-73.85681013619275,40.906155828163165],[-73.85374103615364,40.907787916367944],[-73.8547107831982,40.90800630947164],[-73.85458940544117,40.908939499149284],[-73.85295618460705,40.910353044089774],[-73.85227451608235,40.909854099321706],[-73.85107116191898,40.91037152011114]]]}},{"type":"Feature","id":260,"properties":{"zone_id":260,"zone":"Woodside","borough":"Queens","service_zone":"Boro Zone"},"geometry":{"type":"Polygon","coordinates":[[[-73.90356915599997,40.76578178900011],[-73.90147053099994,40.759633050000076],[-73.89866137799999,40.759921017000096],[-73.89976862099998,40.75666423700013],[-73.89480782,40.746062465000165],[-73.8949120899999,40.744281231000144],[-73.90057825399985,40.73949289600007],[-73.90926002999988,40.736403180000046],[-73.91068876399997,40.73347108100014],[-73.90628903499987,40.73240075200009],[-73.90516948899983,40.735859643000055],[-73.90107970900003,40.733914634000065],[-73.9071225309999,40.72742472800012],[-73.91174734199988,40.72991203300011],[-73.91205021299994,40.728506363000115],[-73.91505218099985,40.728601180000105],[-73.91507233799989,40.727970820000095],[-73.91796696699996,40.72850077100008],[-73.917342506,40.73138282600013],[-73.91903825199986,40.73200596600006],[-73.91689741899991,40.735444708000074],[-73.91651190599994,40.738944758000066],[-73.91567469599995,40.74078492900007],[-73.91443483199988,40.74053105300006],[-73.9137938869998,40.742514492000154],[-73.9119412979999,40.74238294900014],[-73.9112472229998,40.74578399300007],[-73.9124485379999,40.74592040200004],[-73.91190979099993,40.74810539500007],[-73.91164202799983,40.74868457600009],[-73.91015860699994,40.74850196800011],[-73.90945182799983,40.75065550700012],[-73.91067474899997,40.7529950770001],[-73.90901259099992,40.75427981500016],[-73.90631505099988,40.759843876000105],[-73.90779405499987,40.76051780000009],[-73.90356915599997,40.76578178900011]]]}},{"type":"Feature","id":261,"properties":{"zone_id":261,"zone":"World Trade Center","borough":"Manhattan","service_zone":"Yellow Zone"},"geometry":{"type":"Polygon","coordinates":[[[-74.00860085399992,40.711392240000144],[-74.01326979499997,40.704553496000166],[-74.01668613099999,40.70479933800012],[-74.01375388499997,40.713690555000056],[-74.00860085399992,40.711392240000144]]]}},{"type":"Feature","id":262,"properties":{"zone_id":262,"zone":"Yorkville East","borough":"Manhattan","service_zone":"Yellow Zone"},"geometry":{"type":"MultiPolygon","coordinates":[[[[-73.9437600529999,40.782828932000086],[-73.94200266722274,40.7761853173829],[-73.9474897547817,40.77011515400972],[-73.95268514999994,40.77233940500012],[-73.94472264499986,40.78324757200006],[-73.9437600529999,40.782828932000086]]],[[[-73.93830097951646,40.781362084365156],[-73.93759894622616,40.780467840861604],[-73.93953015793254,40.77952762026063],[-73.93830097951646,40.781362084365156]]]]}},{"type":"Feature","id":263,"properties":{"zone_id":263,"zone":"Yorkville West","borough":"Manhattan","service_zone":"Yellow Zone"},"geometry":{"type":"Polygon","coordinates":[[[-73.94472264499986,40.78324757200006],[-73.95268514999994,40.77233940500012],[-73.95729409999986,40.7742835550001],[-73.94933170599992,40.78519312700014],[-73.94472264499986,40.78324757200006]]]}}]}