date_day,service,service_label,day_type,is_holiday,holiday_name,trips,revenue,distance_mi,duration_s,tipped_trips,tip_observable_trips,tip_observable_tip,tip_observable_fare,trend,seasonal,resid
2021-07-01,fhvhv,High Volume For Hire Vehicle,weekday,false,,62326,1982640.06,277336.86,89163983.0,16040,62326,78734.92,1621661.32,61605.5043,817.0928,-96.5971
2021-07-01,green,Green Boro Taxi,weekday,false,,166,5443.22,541.96,171723.0,108,119,690.41,3201.55,148.0859,14.705,3.2091
2021-07-01,yellow,Yellow Medallion Taxi,weekday,false,,9814,286211.65,23758.83,7652251.0,6311,6829,29551.37,145673.41,9555.7348,294.8114,-36.5462
2021-07-02,fhvhv,High Volume For Hire Vehicle,weekday,false,,70421,2244277.77,313867.15,100787364.0,18323,70421,90624.38,1833650.12,61570.8938,8694.9006,155.2057
2021-07-02,green,Green Boro Taxi,weekday,false,,179,5713.38,548.12,181450.0,117,127,730.51,3340.08,151.2094,27.5713,0.2193
2021-07-02,yellow,Yellow Medallion Taxi,weekday,false,,11145,329903.69,27326.4,8805098.0,7156,7757,34384.62,168619.97,9559.2289,1534.2297,51.5414
2021-07-03,fhvhv,High Volume For Hire Vehicle,weekend,false,,75279,2296469.07,336615.49,97742053.0,19601,75279,92819.57,1872263.98,61537.8623,13670.8219,70.3158
2021-07-03,green,Green Boro Taxi,weekend,false,,200,5994.44,619.25,187079.0,128,140,655.47,3209.1,154.3197,51.0192,-5.3389
2021-07-03,yellow,Yellow Medallion Taxi,weekend,false,,11870,339682.5,29267.13,8604909.0,7619,8273,35194.3,173063.51,9562.7721,2319.8786,-12.6507
2021-07-04,fhvhv,High Volume For Hire Vehicle,weekend,true,Independence Day,34136,1045618.3,153199.78,44530456.0,8911,34136,42845.06,851944.81,61506.8247,-5390.8674,-21979.9572
2021-07-04,green,Green Boro Taxi,weekend,true,Independence Day,113,3665.21,399.14,113277.0,72,79,384.0,1963.66,157.3893,-42.4078,-1.9815
2021-07-04,yellow,Yellow Medallion Taxi,weekend,true,Independence Day,5507,156444.71,13538.55,3951002.0,3576,3875,16331.64,80101.9,9566.4309,-1267.0127,-2792.4183
2021-07-05,fhvhv,High Volume For Hire Vehicle,weekday,true,Independence Day (observed),32786,1048108.44,146795.28,47172193.0,8445,32786,41813.12,857213.52,61477.6375,-8241.8655,-20449.7721
2021-07-05,green,Green Boro Taxi,weekday,true,Independence Day (observed),88,2753.19,264.12,88306.0,58,65,330.42,1551.98,160.4029,-26.6857,-45.7172
2021-07-05,yellow,Yellow Medallion Taxi,weekday,true,Independence Day (observed),5033,150459.29,12601.57,4032948.0,3210,3491,15545.36,75736.72,9570.2636,-1445.9945,-3091.2691
2021-07-06,fhvhv,High Volume For Hire Vehicle,weekday,false,,54957,1751341.87,245019.13,78554462.0,14362,54957,71622.35,1430229.24,61449.2774,-6332.0789,-160.1985
2021-07-06,green,Green Boro Taxi,weekday,false,,159,4896.74,478.38,160260.0,94,107,525.81,2748.98,163.3635,-8.0127,3.6492
2021-07-06,yellow,Yellow Medallion Taxi,weekday,false,,8584,254146.86,21141.78,6826733.0,5551,5964,26729.98,128854.09,9574.3218,-1009.3995,19.0778
2021-07-07,fhvhv,High Volume For Hire Vehicle,weekday,false,,58063,1866178.68,261707.27,83909930.0,15094,58063,74943.59,1524756.3,61417.5726,-3317.5407,-37.0319
2021-07-07,green,Green Boro Taxi,weekday,false,,153,4548.48,461.81,140953.0,93,101,485.6,2533.43,166.3196,-14.0303,0.7107
2021-07-07,yellow,Yellow Medallion Taxi,weekday,false,,9137,272747.82,22687.38,7265589.0,5931,6384,29009.15,140970.15,9578.5111,-435.7517,-5.7594
2021-07-08,fhvhv,High Volume For Hire Vehicle,weekday,false,,62330,1986214.94,277681.12,89128421.0,16187,62330,80630.52,1622021.37,61371.9825,885.9708,72.0467
2021-07-08,green,Green Boro Taxi,weekday,false,,177,5857.06,578.37,187594.0,114,128,713.96,3490.85,169.4774,11.7433,-4.2208
2021-07-08,yellow,Yellow Medallion Taxi,weekday,false,,9867,290034.74,24007.95,7706884.0,6323,6814,29670.9,146177.28,9581.8606,276.9654,8.174
2021-07-09,fhvhv,High Volume For Hire Vehicle,weekday,false,,70031,2227667.11,311284.12,99884210.0,18193,70031,90456.61,1818768.23,61371.2749,8859.5068,-199.7817
2021-07-09,green,Green Boro Taxi,weekday,false,,203,6316.06,635.06,195355.0,122,138,726.79,3636.96,171.6611,24.7054,6.6335
2021-07-09,yellow,Yellow Medallion Taxi,weekday,false,,10943,320156.75,26558.03,8518252.0,7026,7620,32958.31,162535.26,9591.7568,1515.4861,-164.2429
2021-07-10,fhvhv,High Volume For Hire Vehicle,weekend,false,,75064,2284289.23,334073.97,97370029.0,19594,75064,91581.62,1863047.33,61396.8685,13771.921,-104.7895
2021-07-10,green,Green Boro Taxi,weekend,false,,239,7665.4,816.41,232008.0,162,177,924.48,4364.15,173.1204,51.8119,14.0676
2021-07-10,yellow,Yellow Medallion Taxi,weekend,false,,12166,343596.85,29805.47,8699682.0,7794,8457,35546.51,175762.3,9604.6774,2317.2638,244.0589
2021-07-11,fhvhv,High Volume For Hire Vehicle,weekend,false,,55853,1699851.53,249256.42,72323730.0,14598,55853,68312.17,1386410.0,61424.9784,-5639.0573,67.0789
2021-07-11,green,Green Boro Taxi,weekend,false,,140,4548.63,487.96,138211.0,92,100,524.14,2681.91,174.0105,-36.3389,2.3284
2021-07-11,yellow,Yellow Medallion Taxi,weekend,false,,8768,247185.41,21370.3,6201169.0,5656,6116,25706.95,126018.77,9617.9825,-1178.4583,328.4757
2021-07-12,fhvhv,High Volume For Hire Vehicle,weekday,false,,53063,1696013.41,237268.67,76192922.0,13805,53063,69385.36,1385384.04,61447.8342,-8338.8027,-46.0315
2021-07-12,green,Green Boro Taxi,weekday,false,,145,4714.77,455.01,152397.0,102,113,596.05,3221.04,174.6198,-28.0748,-1.5449
2021-07-12,yellow,Yellow Medallion Taxi,weekday,false,,8209,238179.37,19670.84,6344061.0,5248,5687,24267.1,120225.29,9630.8968,-1429.6605,7.7636
2021-07-13,fhvhv,High Volume For Hire Vehicle,weekday,false,,55248,1774028.81,248569.39,79933833.0,14262,55248,70654.49,1450799.43,61466.879,-6328.0407,109.1617
2021-07-13,green,Green Boro Taxi,weekday,false,,156,4884.81,478.89,156288.0,98,107,499.69,2475.02,174.8933,-9.7224,-9.171
2021-07-13,yellow,Yellow Medallion Taxi,weekday,false,,8561,250398.42,20897.59,6692656.0,5476,5905,25532.48,126877.97,9645.484,-1028.2099,-56.274
2021-07-14,fhvhv,High Volume For Hire Vehicle,weekday,false,,58245,1862117.69,260305.25,83792338.0,15216,58245,75344.92,1521844.65,61487.8501,-3318.6631,75.813
2021-07-14,green,Green Boro Taxi,weekday,false,,191,6024.17,592.7,190373.0,118,127,711.29,3367.13,174.8531,-12.3087,28.4556
2021-07-14,yellow,Yellow Medallion Taxi,weekday,false,,9236,270881.1,22402.09,7197856.0,5845,6341,27600.35,135818.08,9662.8439,-478.5308,51.687
2021-07-15,fhvhv,High Volume For Hire Vehicle,weekday,false,,62543,1996418.94,279293.47,89781698.0,16241,62543,80512.67,1631976.03,61511.9294,953.4044,77.6662
2021-07-15,green,Green Boro Taxi,weekday,false,,190,5713.09,556.05,181896.0,117,128,626.86,3041.8,174.9089,8.9864,6.1047
2021-07-15,yellow,Yellow Medallion Taxi,weekday,false,,9979,294003.41,24494.77,7842142.0,6421,6951,30822.08,151256.12,9679.9661,254.8752,44.1587
2021-07-16,fhvhv,High Volume For Hire Vehicle,weekday,false,,70537,2257893.62,316231.78,101481162.0,18311,70537,91209.62,1844965.68,61533.2954,9036.8813,-33.1768
2021-07-16,green,Green Boro Taxi,weekday,false,,193,5935.52,590.2,191242.0,116,126,622.39,3230.24,175.1159,22.5845,-4.7004
2021-07-16,yellow,Yellow Medallion Taxi,weekday,false,,11157,329829.18,27365.64,8792099.0,7173,7774,34055.65,167975.42,9693.9719,1495.6014,-32.5733
2021-07-17,fhvhv,High Volume For Hire Vehicle,weekend,false,,75332,2306171.77,337487.86,98269698.0,19774,75332,94265.46,1878933.51,61549.7094,13870.64,-88.3494
2021-07-17,green,Green Boro Taxi,weekend,false,,227,6436.03,672.67,189312.0,143,155,742.07,3666.8,175.3045,52.7331,-1.0376
2021-07-17,yellow,Yellow Medallion Taxi,weekend,false,,12041,339604.76,29532.68,8574184.0,7652,8281,34970.24,171235.12,9706.7887,2317.9643,16.2471
2021-07-18,fhvhv,High Volume For Hire Vehicle,weekend,false,,55520,1692581.38,247909.96,72086708.0,14535,55520,68348.22,1380160.09,61564.3607,-5879.8647,-164.496
2021-07-18,green,Green Boro Taxi,weekend,false,,176,5222.85,548.81,157606.0,105,113,588.24,2800.48,175.3087,-30.6607,31.352
2021-07-18,yellow,Yellow Medallion Taxi,weekend,false,,8595,244503.54,21054.26,6138071.0,5506,5966,25317.53,125220.75,9719.2046,-1096.0882,-28.1164
2021-07-19,fhvhv,High Volume For Hire Vehicle,weekday,false,,53180,1708048.32,239440.3,76900902.0,13755,53180,68296.56,1396461.49,61585.0867,-8444.1468,39.0601
2021-07-19,green,Green Boro Taxi,weekday,false,,146,4713.55,460.23,151208.0,91,102,560.44,2802.25,175.2102,-30.0798,0.8696
2021-07-19,yellow,Yellow Medallion Taxi,weekday,false,,8324,241589.17,20004.3,6448182.0,5387,5797,24985.12,123586.46,9728.8197,-1410.4673,5.6476
2021-07-20,fhvhv,High Volume For Hire Vehicle,weekday,false,,55394,1776089.48,249379.92,79899132.0,14249,55394,70837.78,1452712.56,61619.8697,-6335.2131,109.3433
2021-07-20,green,Green Boro Taxi,weekday,false,,176,5415.33,533.39,174516.0,112,123,605.77,3129.29,175.4698,-11.6422,12.1723
2021-07-20,yellow,Yellow Medallion Taxi,weekday,false,,8764,258875.9,21660.79,6948398.0,5620,6073,26627.61,131507.49,9736.019,-1047.0764,75.0574
2021-07-21,fhvhv,High Volume For Hire Vehicle,weekday,false,,58284,1857219.87,259561.84,83422012.0,15249,58284,75567.52,1517261.3,61668.5497,-3316.7227,-67.827
2021-07-21,green,Green Boro Taxi,weekday,false,,162,4830.05,475.03,154967.0,98,111,522.99,2673.43,176.3341,-10.5855,-3.7486
2021-07-21,yellow,Yellow Medallion Taxi,weekday,false,,9089,266530.75,22265.23,7101078.0,5854,6325,27464.07,135510.73,9740.5273,-518.1869,-133.3405
2021-07-22,fhvhv,High Volume For Hire Vehicle,weekday,false,,62617,1994380.06,278498.33,89540436.0,16324,62617,80347.35,1628618.65,61723.6046,1010.6053,-117.2099
2021-07-22,green,Green Boro Taxi,weekday,false,,165,4978.31,489.18,156727.0,109,121,581.1,2842.22,177.4369,6.9355,-19.3724
2021-07-22,yellow,Yellow Medallion Taxi,weekday,false,,10024,294695.61,24547.94,7892447.0,6449,6975,30360.25,149355.18,9741.6867,229.0182,53.2951
2021-07-23,fhvhv,High Volume For Hire Vehicle,weekday,false,,70890,2264070.0,316813.11,101813336.0,18337,70890,90488.01,1850692.15,61775.5246,9249.8076,-135.3322
2021-07-23,green,Green Boro Taxi,weekday,false,,191,5671.33,553.06,175749.0,127,139,679.95,3433.69,178.4791,20.4579,-7.9369
2021-07-23,yellow,Yellow Medallion Taxi,weekday,false,,11323,334606.98,27895.1,8974349.0,7317,7896,35073.96,171768.87,9740.5862,1480.5372,101.8766
2021-07-24,fhvhv,High Volume For Hire Vehicle,weekend,false,,75938,2316414.12,338833.05,98615520.0,19933,75938,94236.53,1887413.97,61821.1636,13973.0908,143.7456
2021-07-24,green,Green Boro Taxi,weekend,false,,231,6743.06,699.08,200688.0,153,167,757.31,3987.04,179.5104,52.6628,-1.1732
2021-07-24,yellow,Yellow Medallion Taxi,weekend,false,,11984,338135.69,29227.12,8507736.0,7638,8223,35080.77,171613.55,9736.8061,2319.7483,-72.5544
2021-07-25,fhvhv,High Volume For Hire Vehicle,weekend,false,,55870,1698133.31,248072.5,72272518.0,14641,55870,68876.34,1383752.78,61861.4404,-6119.3891,127.9487
2021-07-25,green,Green Boro Taxi,weekend,false,,165,5336.35,556.13,159866.0,109,116,681.47,3183.35,180.636,-24.5513,8.9153
2021-07-25,yellow,Yellow Medallion Taxi,weekend,false,,8800,249370.2,21570.18,6282041.0,5575,6063,25824.93,127265.87,9730.5046,-1020.346,89.8414
2021-07-26,fhvhv,High Volume For Hire Vehicle,weekday,false,,53441,1702475.29,238478.04,76479361.0,13824,53441,68346.32,1392022.12,61891.7082,-8541.5958,90.8876
2021-07-26,green,Green Boro Taxi,weekday,false,,158,4679.64,464.25,149567.0,97,113,490.57,2678.65,182.0251,-32.6737,8.6486
2021-07-26,yellow,Yellow Medallion Taxi,weekday,false,,8296,242289.51,20199.5,6467485.0,5278,5703,24553.64,121743.86,9724.4464,-1390.2344,-38.212
2021-07-27,fhvhv,High Volume For Hire Vehicle,weekday,false,,55621,1794554.23,251130.94,80968972.0,14399,55621,72454.16,1466747.83,61900.6115,-6353.1312,73.5197
2021-07-27,green,Green Boro Taxi,weekday,false,,165,5491.05,548.37,184395.0,109,119,564.95,2974.03,183.3329,-12.984,-5.349
2021-07-27,yellow,Yellow Medallion Taxi,weekday,false,,8602,250494.31,20800.15,6673673.0,5549,5977,26247.36,127439.7,9719.3438,-1059.0084,-58.3354
2021-07-28,fhvhv,High Volume For Hire Vehicle,weekday,false,,58583,1862684.91,260596.4,83541713.0,15365,58583,75510.53,1521702.48,61877.3066,-3312.0769,17.7703
2021-07-28,green,Green Boro Taxi,weekday,false,,177,5983.67,604.67,194736.0,111,122,665.09,3500.25,183.8147,-9.7497,2.935
2021-07-28,yellow,Yellow Medallion Taxi,weekday,false,,9207,269927.5,22445.03,7198373.0,5993,6425,28110.01,137178.85,9715.9513,-562.2756,53.3243
2021-07-29,fhvhv,High Volume For Hire Vehicle,weekday,false,,63011,2006428.48,280896.69,90111608.0,16287,63011,80537.29,1640177.13,61821.6531,1015.8331,173.5138
2021-07-29,green,Green Boro Taxi,weekday,false,,194,6087.43,602.13,198427.0,127,139,661.02,3512.02,183.581,5.9986,4.4204
2021-07-29,yellow,Yellow Medallion Taxi,weekday,false,,9818,290000.37,24029.08,7751014.0,6363,6861,30363.69,148920.89,9716.3931,194.8263,-93.2195
2021-07-30,fhvhv,High Volume For Hire Vehicle,weekday,false,,71462,2278233.59,318891.34,102400345.0,18535,71462,91212.84,1862603.16,61748.8858,9421.3971,291.7171
2021-07-30,green,Green Boro Taxi,weekday,false,,208,6490.97,640.93,203450.0,138,143,779.86,3609.6,183.0494,22.507,2.4435
2021-07-30,yellow,Yellow Medallion Taxi,weekday,false,,11176,328203.65,27113.23,8742804.0,7179,7757,33729.81,165644.56,9718.4789,1492.0773,-34.5562
2021-07-31,fhvhv,High Volume For Hire Vehicle,weekend,false,,75814,2320247.25,340316.66,98952498.0,19868,75814,93525.4,1892727.56,61676.2891,14072.8393,64.8716
2021-07-31,green,Green Boro Taxi,weekend,false,,237,6370.48,645.62,186427.0,165,177,765.75,3851.87,182.425,50.8505,3.7246
2021-07-31,yellow,Yellow Medallion Taxi,weekend,false,,12122,343107.79,29719.16,8637326.0,7748,8335,35397.9,173757.64,9719.367,2316.4764,86.1565
2021-08-01,fhvhv,High Volume For Hire Vehicle,weekend,false,,55186,1679657.86,245824.66,71527469.0,14280,55186,67238.5,1369586.36,61609.8959,-6278.1679,-145.728
2021-08-01,green,Green Boro Taxi,weekend,false,,152,4639.44,479.78,135157.0,104,112,616.9,2956.03,181.8045,-21.0818,-8.7227
2021-08-01,yellow,Yellow Medallion Taxi,weekend,false,,8715,246081.0,21261.38,6193329.0,5560,6038,25412.68,125140.39,9719.099,-964.3072,-39.7918
2021-08-02,fhvhv,High Volume For Hire Vehicle,weekday,false,,52645,1675645.13,233865.02,75253259.0,13642,52645,67504.77,1368468.67,61545.4501,-8586.1936,-314.2565
2021-08-02,green,Green Boro Taxi,weekday,false,,135,3845.02,377.81,118061.0,88,94,433.7,2226.4,181.038,-32.8498,-13.1882
2021-08-02,yellow,Yellow Medallion Taxi,weekday,false,,8429,250577.6,20890.82,6714008.0,5426,5858,25641.86,126975.46,9716.8906,-1378.5285,90.6379
2021-08-03,fhvhv,High Volume For Hire Vehicle,weekday,false,,54871,1748989.73,244550.92,78594569.0,14246,54871,70485.95,1429297.67,61490.3629,-6403.3623,-216.0006
2021-08-03,green,Green Boro Taxi,weekday,false,,170,5405.03,536.48,173628.0,110,115,616.28,2998.5,180.0538,-17.2278,7.174
2021-08-03,yellow,Yellow Medallion Taxi,weekday,false,,8683,252844.92,20973.23,6731884.0,5601,6055,26277.21,128830.08,9713.4547,-1076.9556,46.5009
2021-08-04,fhvhv,High Volume For Hire Vehicle,weekday,false,,58130,1859359.36,260146.94,83649435.0,14976,58130,74684.05,1519724.51,61456.0996,-3293.2697,-32.8299
2021-08-04,green,Green Boro Taxi,weekday,false,,188,5378.98,512.16,165749.0,128,137,674.86,3120.41,179.0744,-11.9741,20.8998
2021-08-04,yellow,Yellow Medallion Taxi,weekday,false,,9110,264811.45,21792.65,7011622.0,5914,6385,27282.6,134815.1,9707.8968,-580.6674,-17.2294
2021-08-05,fhvhv,High Volume For Hire Vehicle,weekday,false,,62395,1997192.31,279699.26,89836948.0,16261,62395,80632.28,1632574.15,61449.2951,1039.6726,-93.9677
2021-08-05,green,Green Boro Taxi,weekday,false,,181,5953.35,594.74,189885.0,116,124,701.94,3400.14,178.3063,7.5605,-4.8668
2021-08-05,yellow,Yellow Medallion Taxi,weekday,false,,9868,288425.66,24105.13,7713944.0,6395,6917,30069.69,148355.88,9698.8254,166.2127,2.9618
2021-08-06,fhvhv,High Volume For Hire Vehicle,weekday,false,,71233,2270104.34,317494.87,101920745.0,18516,71233,91905.21,1854547.83,61469.5713,9460.7814,302.6473
2021-08-06,green,Green Boro Taxi,weekday,false,,207,7213.59,701.93,240922.0,131,138,827.38,4065.07,177.7371,26.9334,2.3295
2021-08-06,yellow,Yellow Medallion Taxi,weekday,false,,11124,329206.26,27567.83,8834881.0,7191,7777,34306.67,168697.54,9688.4766,1507.0932,-71.5698
2021-08-07,fhvhv,High Volume For Hire Vehicle,weekend,false,,75261,2290370.51,335408.72,97354035.0,19501,75261,92527.34,1866369.88,61507.4898,14184.3349,-430.8247
2021-08-07,green,Green Boro Taxi,weekend,false,,225,6735.5,708.74,201726.0,139,150,757.27,3685.75,177.3469,48.4877,-0.8346
2021-08-07,yellow,Yellow Medallion Taxi,weekend,false,,11743,330057.91,28487.54,8277591.0,7502,8105,34056.68,166784.29,9680.1808,2298.8754,-236.0562
2021-08-08,fhvhv,High Volume For Hire Vehicle,weekend,false,,55107,1679118.66,245621.96,71448052.0,14317,55107,67770.88,1368119.11,61547.3572,-6376.4789,-63.8783
2021-08-08,green,Green Boro Taxi,weekend,false,,158,5003.85,514.23,154358.0,104,110,630.79,2967.37,176.9543,-19.5842,0.6299
2021-08-08,yellow,Yellow Medallion Taxi,weekend,false,,8868,251460.51,21870.73,6406476.0,5659,6143,25780.84,127022.06,9675.931,-946.4978,138.5669
2021-08-09,fhvhv,High Volume For Hire Vehicle,weekday,false,,53042,1696051.89,237188.6,76244760.0,13724,53042,68432.92,1385598.08,61584.1328,-8616.513,74.3802
2021-08-09,green,Green Boro Taxi,weekday,false,,141,4396.52,437.54,137270.0,93,99,520.18,2442.32,176.807,-31.1339,-4.673
2021-08-09,yellow,Yellow Medallion Taxi,weekday,false,,8265,247511.94,20414.78,6584286.0,5342,5770,25907.57,127320.72,9676.9854,-1354.8794,-57.1059
2021-08-10,fhvhv,High Volume For Hire Vehicle,weekday,false,,55250,1761814.75,246246.52,79056243.0,14513,55250,72197.08,1438448.46,61619.2242,-6414.9552,45.731
2021-08-10,green,Green Boro Taxi,weekday,false,,153,4855.24,484.34,158513.0,98,106,542.19,2785.9,177.3973,-21.2023,-3.195
2021-08-10,yellow,Yellow Medallion Taxi,weekday,false,,8556,249402.15,20697.17,6639399.0,5583,6043,26066.79,128141.28,9680.2972,-1071.349,-52.9482
2021-08-11,fhvhv,High Volume For Hire Vehicle,weekday,false,,58486,1869717.21,261931.94,83981758.0,15310,58486,76024.03,1527782.06,61654.445,-3301.0514,132.6064
2021-08-11,green,Green Boro Taxi,weekday,false,,154,4390.46,431.84,135829.0,97,103,510.65,2471.64,178.4319,-13.2554,-11.1765
2021-08-11,yellow,Yellow Medallion Taxi,weekday,false,,9075,266800.49,22047.93,7116713.0,5864,6313,27844.11,135692.8,9683.7347,-583.0238,-25.7109
2021-08-12,fhvhv,High Volume For Hire Vehicle,weekday,false,,62750,1999140.36,279114.55,89944470.0,16079,62750,80225.09,1634049.5,61686.1993,1080.7382,-16.9375
2021-08-12,green,Green Boro Taxi,weekday,false,,198,6105.12,621.95,191015.0,122,133,667.81,3335.73,179.282,8.2903,10.4277
2021-08-12,yellow,Yellow Medallion Taxi,weekday,false,,9862,290155.71,24072.09,7759200.0,6324,6871,29661.88,148099.91,9685.703,151.6936,24.6033
2021-08-13,fhvhv,High Volume For Hire Vehicle,weekday,false,,70880,2259715.47,316400.35,101491436.0,18473,70880,90246.4,1846957.17,61711.0116,9406.4182,-237.4297
2021-08-13,green,Green Boro Taxi,weekday,false,,210,6441.96,638.77,208163.0,132,145,707.59,3574.05,179.9606,30.2873,-0.248
2021-08-13,yellow,Yellow Medallion Taxi,weekday,false,,11333,331818.23,27685.79,8886149.0,7245,7841,34173.75,168486.53,9686.0688,1519.0703,127.8609
2021-08-14,fhvhv,High Volume For Hire Vehicle,weekend,false,,76186,2325662.13,340348.77,99101494.0,19947,76186,94709.85,1895838.75,61724.6764,14239.1671,222.1565
2021-08-14,green,Green Boro Taxi,weekend,false,,194,5449.38,555.32,162172.0,134,146,655.12,3194.63,180.5254,44.4576,-30.983
2021-08-14,yellow,Yellow Medallion Taxi,weekend,false,,12002,339779.76,29380.7,8554018.0,7678,8315,35119.46,172136.73,9688.618,2248.9606,64.4214
2021-08-15,fhvhv,High Volume For Hire Vehicle,weekend,false,,55331,1673853.01,244492.72,71140796.0,14423,55331,67493.75,1364214.27,61732.3715,-6423.7309,22.3594
2021-08-15,green,Green Boro Taxi,weekend,false,,169,4389.87,455.46,124156.0,110,116,489.51,2271.11,181.0539,-17.3509,5.297
2021-08-15,yellow,Yellow Medallion Taxi,weekend,false,,8649,245989.61,21369.39,6257154.0,5518,5990,25864.01,125758.19,9693.8115,-936.2018,-108.6096
2021-08-16,fhvhv,High Volume For Hire Vehicle,weekday,false,,53179,1691414.91,236686.86,75896322.0,13879,53179,68380.33,1382128.55,61741.8342,-8641.4348,78.6007
2021-08-16,green,Green Boro Taxi,weekday,false,,162,5064.12,504.31,164636.0,101,110,529.3,2792.99,181.3807,-27.7019,8.3212
2021-08-16,yellow,Yellow Medallion Taxi,weekday,false,,8346,244930.67,20299.1,6503180.0,5446,5883,25624.96,125738.29,9698.05,-1344.7877,-7.2624
2021-08-17,fhvhv,High Volume For Hire Vehicle,weekday,false,,55320,1773638.94,248120.0,79848307.0,14350,55320,71476.07,1449499.11,61755.7453,-6353.3811,-82.3642
2021-08-17,green,Green Boro Taxi,weekday,false,,151,5159.68,498.33,169765.0,103,110,632.64,3124.68,181.3178,-23.7678,-6.55
2021-08-17,yellow,Yellow Medallion Taxi,weekday,false,,8615,249708.34,20767.9,6682369.0,5494,5959,25647.42,127087.98,9702.1393,-1046.1657,-40.9737
2021-08-18,fhvhv,High Volume For Hire Vehicle,weekday,false,,58368,1865268.3,261410.72,83867892.0,15112,58368,74792.48,1525211.12,61775.4832,-3347.1343,-60.349
2021-08-18,green,Green Boro Taxi,weekday,false,,166,5717.43,579.99,191434.0,98,114,607.19,3453.47,180.9941,-15.8812,0.8871
2021-08-18,yellow,Yellow Medallion Taxi,weekday,false,,9105,268107.3,22266.96,7173452.0,5821,6312,27647.56,136531.75,9710.825,-562.905,-42.92
2021-08-19,fhvhv,High Volume For Hire Vehicle,weekday,false,,62236,1995309.79,278850.35,89706829.0,16255,62236,81588.46,1629039.79,61798.6602,1178.8263,-741.4865
2021-08-19,green,Green Boro Taxi,weekday,false,,181,5432.63,544.99,170505.0,115,120,623.72,3055.86,180.8845,7.9954,-7.8799
2021-08-19,yellow,Yellow Medallion Taxi,weekday,false,,9876,288130.51,23939.53,7701988.0,6342,6848,29772.64,145899.32,9727.6174,134.6266,13.756
2021-08-20,fhvhv,High Volume For Hire Vehicle,weekday,false,,71079,2272947.51,317660.52,102124879.0,18569,71079,91768.94,1855996.33,61823.0148,9317.8311,-61.8459
2021-08-20,green,Green Boro Taxi,weekday,false,,213,6919.47,692.13,216381.0,147,155,866.39,4072.19,181.0309,31.7689,0.2001
2021-08-20,yellow,Yellow Medallion Taxi,weekday,false,,11266,333426.95,27655.47,8893502.0,7211,7833,34671.63,169999.9,9748.8981,1548.8943,-31.7925
2021-08-21,fhvhv,High Volume For Hire Vehicle,weekend,false,,76170,2304107.34,336444.09,97876338.0,19968,76170,94120.74,1877241.92,61850.8834,14333.7993,-14.6827
2021-08-21,green,Green Boro Taxi,weekend,false,,223,6080.4,613.89,180681.0,154,167,728.01,3587.56,181.4521,43.9304,-2.3825
2021-08-21,yellow,Yellow Medallion Taxi,weekend,false,,11902,336634.2,29141.32,8473996.0,7650,8254,34813.15,169832.97,9767.7215,2189.6569,-55.3783
2021-08-22,fhvhv,High Volume For Hire Vehicle,weekend,false,,55424,1686002.35,247184.25,71727890.0,14559,55424,67898.5,1375096.82,61880.6975,-6393.8245,-62.8729
2021-08-22,green,Green Boro Taxi,weekend,false,,163,4702.39,483.34,140609.0,112,120,565.29,2780.69,182.0261,-15.1207,-3.9055
2021-08-22,yellow,Yellow Medallion Taxi,weekend,false,,8967,251754.2,21714.98,6343317.0,5738,6229,26017.21,128928.45,9781.0762,-956.2349,142.1587
2021-08-23,fhvhv,High Volume For Hire Vehicle,weekday,false,,53242,1689356.94,236465.11,75711636.0,13787,53242,68239.39,1380329.99,61911.8771,-8755.8725,85.9954
2021-08-23,green,Green Boro Taxi,weekday,false,,162,5065.76,497.48,164398.0,102,113,575.98,3085.55,182.456,-26.5757,6.1197
2021-08-23,yellow,Yellow Medallion Taxi,weekday,false,,8521,252795.11,21160.58,6797749.0,5472,5879,26200.25,128084.72,9789.7432,-1342.1129,73.3698
2021-08-24,fhvhv,High Volume For Hire Vehicle,weekday,false,,55692,1775602.46,248206.38,79733746.0,14607,55692,72507.22,1450341.52,61945.4874,-6389.0241,135.5367
2021-08-24,green,Green Boro Taxi,weekday,false,,163,5294.7,523.32,172775.0,101,107,614.87,2866.08,182.4177,-26.3215,6.9038
2021-08-24,yellow,Yellow Medallion Taxi,weekday,false,,8855,261605.86,21781.61,7053346.0,5627,6110,26834.79,132755.8,9793.7636,-1017.3287,78.5651
2021-08-25,fhvhv,High Volume For Hire Vehicle,weekday,false,,58545,1851505.56,258749.48,82972498.0,15362,58545,74797.34,1512858.63,61986.4036,-3459.4522,18.0485
2021-08-25,green,Green Boro Taxi,weekday,false,,166,5184.26,510.3,165385.0,106,112,588.87,2854.77,181.7856,-15.0181,-0.7675
2021-08-25,yellow,Yellow Medallion Taxi,weekday,false,,9301,271681.52,22634.46,7230244.0,5869,6374,27996.48,137366.11,9794.8493,-531.7975,37.9482
2021-08-26,fhvhv,High Volume For Hire Vehicle,weekday,false,,63249,2009769.8,281045.22,90093064.0,16428,63249,81227.64,1641391.94,62032.4883,1251.9832,-35.4716
2021-08-26,green,Green Boro Taxi,weekday,false,,196,5902.35,588.54,187857.0,120,131,659.67,3203.47,180.7637,3.8821,11.3543
2021-08-26,yellow,Yellow Medallion Taxi,weekday,false,,9859,288713.28,24094.54,7761547.0,6331,6853,29640.64,145903.31,9793.5164,112.5544,-47.0708
2021-08-27,fhvhv,High Volume For Hire Vehicle,weekday,false,,71258,2284759.33,319661.42,102756579.0,18586,71258,93340.92,1866345.33,62088.4827,9420.1499,-250.6326
2021-08-27,green,Green Boro Taxi,weekday,false,,213,7209.42,718.58,237387.0,138,150,809.64,4048.3,179.7447,33.0865,0.1688
2021-08-27,yellow,Yellow Medallion Taxi,weekday,false,,11329,337413.66,28256.67,9074673.0,7181,7780,34721.36,170776.06,9788.6972,1560.6839,-20.3811
2021-08-28,fhvhv,High Volume For Hire Vehicle,weekend,false,,76387,2333577.96,341767.44,99420509.0,19932,76387,94796.93,1902359.36,62200.598,14395.2444,-208.8424
2021-08-28,green,Green Boro Taxi,weekend,false,,207,6585.27,679.0,207787.0,135,143,747.7,3927.95,178.6069,47.9691,-19.576
2021-08-28,yellow,Yellow Medallion Taxi,weekend,false,,11801,330940.63,28498.05,8281091.0,7591,8181,34396.35,168906.55,9788.2366,2175.8105,-163.0472
2021-08-29,fhvhv,High Volume For Hire Vehicle,weekend,false,,55920,1706017.12,249697.32,72737834.0,14468,55920,68167.99,1391290.9,62401.0314,-6321.1573,-159.8741
2021-08-29,green,Green Boro Taxi,weekend,false,,163,4827.46,516.43,140668.0,98,110,547.97,2883.52,177.3334,-16.4931,2.1596
2021-08-29,yellow,Yellow Medallion Taxi,weekend,false,,8784,249544.61,21570.26,6242143.0,5641,6086,25792.9,127110.63,9798.4945,-971.6034,-42.8911
2021-08-30,fhvhv,High Volume For Hire Vehicle,weekday,false,,53587,1706924.83,238508.19,76530965.0,14244,53587,70891.81,1393214.4,62628.865,-8825.4391,-216.4259
2021-08-30,green,Green Boro Taxi,weekday,false,,139,4344.26,440.19,138574.0,87,90,473.34,2293.52,176.3718,-26.0329,-11.3389
2021-08-30,yellow,Yellow Medallion Taxi,weekday,false,,8429,247920.14,20644.27,6643957.0,5373,5803,25500.35,125686.16,9816.7947,-1352.5434,-35.2513
2021-08-31,fhvhv,High Volume For Hire Vehicle,weekday,false,,55557,1773603.06,248057.43,79667347.0,14396,55557,71659.63,1448838.15,62846.1372,-6473.1991,-815.9381
2021-08-31,green,Green Boro Taxi,weekday,false,,146,4697.83,461.16,154328.0,95,100,520.31,2496.92,175.9628,-26.637,-3.3258
2021-08-31,yellow,Yellow Medallion Taxi,weekday,false,,8830,261419.69,21637.27,6955118.0,5641,6101,26898.07,131833.6,9840.4273,-994.1144,-16.3129
2021-09-01,fhvhv,High Volume For Hire Vehicle,weekday,false,,60289,1922480.74,268794.01,86396916.0,15660,60289,77178.99,1570982.78,63060.6113,-3536.0928,764.4815
2021-09-01,green,Green Boro Taxi,weekday,false,,167,4958.35,476.08,160577.0,106,117,551.5,2789.58,176.2201,-15.9489,6.7288
2021-09-01,yellow,Yellow Medallion Taxi,weekday,false,,9616,279920.92,23162.45,7430136.0,6157,6653,28849.71,141588.99,9870.1161,-516.2131,262.097
2021-09-02,fhvhv,High Volume For Hire Vehicle,weekday,false,,64921,2063762.38,289010.09,92552665.0,16800,64921,82811.55,1686511.21,63251.316,1242.7914,426.8926
2021-09-02,green,Green Boro Taxi,weekday,false,,171,5277.58,520.56,167232.0,113,119,632.63,2901.65,176.8647,-2.0813,-3.7834
2021-09-02,yellow,Yellow Medallion Taxi,weekday,false,,10014,297069.55,24566.31,7919766.0,6398,6951,30669.07,151377.38,9904.2294,98.2212,11.5495
2021-09-03,fhvhv,High Volume For Hire Vehicle,weekday,false,,73222,2354005.61,330471.11,105851046.0,19008,73222,94935.33,1923989.68,63425.1011,9500.7268,296.1721
2021-09-03,green,Green Boro Taxi,weekday,false,,208,6086.42,593.64,189153.0,146,157,726.05,3588.4,177.1586,35.528,-4.6866
2021-09-03,yellow,Yellow Medallion Taxi,weekday,false,,11537,338853.03,28035.33,9007880.0,7399,8003,35203.59,172957.77,9938.6644,1565.52,32.8155
2021-09-04,fhvhv,High Volume For Hire Vehicle,weekend,false,,78303,2397036.5,350721.42,102246215.0,20461,78303,98039.7,1953795.44,63594.844,14433.0635,275.0925
2021-09-04,green,Green Boro Taxi,weekend,false,,243,7439.21,782.98,232205.0,145,163,787.71,4032.76,177.1244,55.3323,10.5432
2021-09-04,yellow,Yellow Medallion Taxi,weekend,false,,12190,346957.51,30184.5,8762856.0,7853,8483,36101.73,176709.75,9969.8152,2197.788,22.3968
2021-09-05,fhvhv,High Volume For Hire Vehicle,weekend,false,,57618,1760955.21,257824.71,74989321.0,15040,57618,71881.65,1434970.56,63683.6393,-6219.0954,153.4561
2021-09-05,green,Green Boro Taxi,weekend,false,,164,4499.39,448.68,139112.0,104,110,494.73,2416.27,177.2536,-20.308,7.0544
2021-09-05,yellow,Yellow Medallion Taxi,weekend,false,,8991,252040.86,21745.12,6326840.0,5756,6243,25820.51,127858.18,9996.8713,-983.13,-22.7413
2021-09-06,fhvhv,High Volume For Hire Vehicle,weekday,true,Labor Day,33980,1082078.87,151426.21,48701490.0,8617,33980,42704.1,885360.35,63668.5859,-8871.9665,-20816.6194
2021-09-06,green,Green Boro Taxi,weekday,true,Labor Day,113,3606.53,366.97,114970.0,70,75,395.81,1895.48,177.5347,-24.3089,-40.2259
2021-09-06,yellow,Yellow Medallion Taxi,weekday,true,Labor Day,5298,155613.76,12852.18,4095730.0,3366,3625,16026.04,78471.18,10018.2843,-1378.3105,-3341.9738
2021-09-07,fhvhv,High Volume For Hire Vehicle,weekday,false,,57006,1820575.82,255157.89,81655934.0,14918,57006,73853.55,1487035.57,63640.5178,-6531.5446,-102.9732
2021-09-07,green,Green Boro Taxi,weekday,false,,146,4796.59,469.52,156822.0,99,108,573.68,2886.54,177.7068,-26.3384,-5.3684
2021-09-07,yellow,Yellow Medallion Taxi,weekday,false,,9077,265077.53,22015.55,7052926.0,5885,6360,28068.59,137299.94,10035.0428,-1004.5189,46.4761
2021-09-08,fhvhv,High Volume For Hire Vehicle,weekday,false,,59918,1908965.73,267383.74,85524730.0,15623,59918,77624.7,1558722.49,63622.8606,-3593.9271,-110.9335
2021-09-08,green,Green Boro Taxi,weekday,false,,154,4505.74,447.27,138413.0,97,105,531.07,2679.82,177.9953,-16.2847,-7.7106
2021-09-08,yellow,Yellow Medallion Taxi,weekday,false,,9557,280120.74,23244.47,7468574.0,6146,6629,29052.64,142820.9,10049.7682,-520.6219,27.8538
2021-09-09,fhvhv,High Volume For Hire Vehicle,weekday,false,,64675,2064576.04,288555.78,92776995.0,16882,64675,83829.49,1686524.01,63609.2269,1113.4794,-47.7062
2021-09-09,green,Green Boro Taxi,weekday,false,,214,6428.62,619.99,206251.0,138,152,740.3,3540.83,178.3811,-7.508,43.127
2021-09-09,yellow,Yellow Medallion Taxi,weekday,false,,10148,294820.4,24451.88,7835880.0,6493,7054,30449.4,149507.42,10061.9954,96.906,-10.9013
2021-09-10,fhvhv,High Volume For Hire Vehicle,weekday,false,,74085,2374345.48,331795.57,106813040.0,19405,74085,97151.99,1939155.05,63606.9383,9585.1004,892.9614
2021-09-10,green,Green Boro Taxi,weekday,false,,219,6753.44,652.88,214115.0,143,151,803.22,3739.63,178.9527,36.4522,3.5951
2021-09-10,yellow,Yellow Medallion Taxi,weekday,false,,11656,339485.39,28228.69,9043388.0,7510,8144,35163.05,173886.42,10070.795,1569.5437,15.6612
2021-09-11,fhvhv,High Volume For Hire Vehicle,weekend,false,,78003,2379215.65,348531.05,101305306.0,20223,78003,95603.72,1939741.54,63625.4811,14512.5186,-134.9998
2021-09-11,green,Green Boro Taxi,weekend,false,,241,7088.41,732.5,221685.0,147,169,778.35,4183.77,180.2027,61.3228,-0.5255
2021-09-11,yellow,Yellow Medallion Taxi,weekend,false,,12323,347041.87,29846.86,8699446.0,7890,8490,36060.34,176484.3,10075.3845,2260.5126,-12.8972
2021-09-12,fhvhv,High Volume For Hire Vehicle,weekend,false,,57531,1751913.67,256370.59,74818967.0,14776,57531,69121.1,1430243.7,63659.138,-6085.6198,-42.5182
2021-09-12,green,Green Boro Taxi,weekend,false,,145,4445.46,457.81,133737.0,95,102,548.19,2673.8,182.2054,-23.0788,-14.1266
2021-09-12,yellow,Yellow Medallion Taxi,weekend,false,,9113,261430.16,22671.83,6616894.0,5849,6339,27272.52,133419.58,10076.9135,-983.943,20.0295
2021-09-13,fhvhv,High Volume For Hire Vehicle,weekday,false,,54942,1744654.73,243729.28,78274154.0,14389,54942,71174.75,1425163.18,63696.4839,-8896.021,141.5371
2021-09-13,green,Green Boro Taxi,weekday,false,,180,5639.23,565.1,177792.0,115,127,643.01,3334.76,184.4158,-24.2297,19.8139
2021-09-13,yellow,Yellow Medallion Taxi,weekday,false,,8696,254089.04,21074.05,6788349.0,5553,6024,26049.12,128412.16,10079.0975,-1404.0933,20.9957
2021-09-14,fhvhv,High Volume For Hire Vehicle,weekday,false,,57076,1825287.31,255453.73,82037022.0,14985,57076,74087.7,1491354.47,63735.3838,-6520.3845,-138.9993
2021-09-14,green,Green Boro Taxi,weekday,false,,166,5899.51,613.67,191146.0,91,102,645.47,3126.96,186.558,-23.1826,2.6247
2021-09-14,yellow,Yellow Medallion Taxi,weekday,false,,9020,262668.52,21729.2,6968172.0,5847,6322,27515.55,134717.39,10081.4215,-1022.7124,-38.7092
2021-09-15,fhvhv,High Volume For Hire Vehicle,weekday,false,,60297,1927485.17,269530.95,86695292.0,15755,60297,78443.91,1575123.88,63773.4905,-3658.4953,182.0047
2021-09-15,green,Green Boro Taxi,weekday,false,,171,5991.37,597.87,199482.0,112,119,686.4,3376.47,188.2596,-15.615,-1.6446
2021-09-15,yellow,Yellow Medallion Taxi,weekday,false,,9533,278641.24,23151.51,7427673.0,6085,6582,28822.08,141104.7,10081.9411,-543.3897,-5.5514
2021-09-16,fhvhv,High Volume For Hire Vehicle,weekday,false,,64760,2072087.59,289659.89,93093967.0,16946,64760,85202.95,1691887.38,63809.2775,896.2979,54.4246
2021-09-16,green,Green Boro Taxi,weekday,false,,174,5471.24,536.93,166979.0,108,118,630.31,3259.36,189.5744,-9.2669,-6.3075
2021-09-16,yellow,Yellow Medallion Taxi,weekday,false,,10212,299269.83,24890.43,7973752.0,6542,7038,30599.77,149810.44,10080.1932,103.9748,27.832
2021-09-17,fhvhv,High Volume For Hire Vehicle,weekday,false,,73375,2347586.69,327972.57,105548860.0,19266,73375,95684.46,1917171.59,63836.082,9631.8256,-92.9076
2021-09-17,green,Green Boro Taxi,weekday,false,,241,7520.68,753.57,240678.0,146,158,815.62,4090.08,190.7213,34.7628,15.5159
2021-09-17,yellow,Yellow Medallion Taxi,weekday,false,,11614,342213.24,28637.8,9194275.0,7382,7966,35588.17,174335.38,10075.6466,1566.5399,-28.1866
2021-09-18,fhvhv,High Volume For Hire Vehicle,weekend,false,,78490,2395780.33,350586.93,102139194.0,20472,78490,96483.08,1953431.95,63849.7884,14534.6725,105.5391
2021-09-18,green,Green Boro Taxi,weekend,false,,200,5962.61,629.9,181827.0,120,138,615.35,3334.31,191.3012,56.7138,-48.0149
2021-09-18,yellow,Yellow Medallion Taxi,weekend,false,,12485,353038.23,30740.99,8935677.0,8031,8694,36644.84,180339.33,10068.9472,2298.4985,117.5542
2021-09-19,fhvhv,High Volume For Hire Vehicle,weekend,false,,57890,1762556.96,258166.75,75038190.0,15076,57890,71110.03,1437316.81,63857.8687,-5984.8634,16.9947
2021-09-19,green,Green Boro Taxi,weekend,false,,170,5185.64,549.24,159376.0,106,113,547.42,2890.81,191.2609,-25.6899,4.429
2021-09-19,yellow,Yellow Medallion Taxi,weekend,false,,9080,259459.82,22554.31,6587811.0,5867,6349,27382.98,134789.61,10063.7113,-977.094,-6.6173
2021-09-20,fhvhv,High Volume For Hire Vehicle,weekday,false,,54898,1749912.69,244890.91,78618003.0,14163,54898,70213.27,1430283.96,63867.0913,-8901.0171,-68.0742
2021-09-20,green,Green Boro Taxi,weekday,false,,168,5164.86,519.15,166909.0,98,107,535.56,2736.53,191.1384,-22.3419,-0.7966
2021-09-20,yellow,Yellow Medallion Taxi,weekday,false,,8623,250918.76,20903.33,6688409.0,5526,5972,25531.46,124624.72,10061.053,-1417.6817,-20.3713
2021-09-21,fhvhv,High Volume For Hire Vehicle,weekday,false,,57700,1838996.27,257217.59,82569887.0,15023,57700,74067.42,1502410.42,63877.3659,-6412.4508,235.0849
2021-09-21,green,Green Boro Taxi,weekday,false,,172,5846.45,579.88,190002.0,116,129,702.62,3668.93,190.6017,-16.8651,-1.7366
2021-09-21,yellow,Yellow Medallion Taxi,weekday,false,,9041,267799.11,22370.61,7177167.0,5826,6331,27593.84,137296.57,10061.1475,-1033.9827,13.8352
2021-09-22,fhvhv,High Volume For Hire Vehicle,weekday,false,,60095,1914094.1,267934.17,85776471.0,15735,60095,77810.39,1562857.92,63887.0179,-3614.0546,-177.9633
2021-09-22,green,Green Boro Taxi,weekday,false,,187,5977.51,573.79,194623.0,124,130,724.88,3508.49,189.121,-14.4177,12.2967
2021-09-22,yellow,Yellow Medallion Taxi,weekday,false,,9369,276796.06,23048.95,7368771.0,6054,6540,28837.61,142231.93,10063.565,-536.3724,-158.1925
2021-09-23,fhvhv,High Volume For Hire Vehicle,weekday,false,,64531,2056467.26,287632.91,92190333.0,16942,64531,84092.79,1678811.55,63889.8204,836.3455,-195.1659
2021-09-23,green,Green Boro Taxi,weekday,false,,180,4949.9,487.47,154207.0,112,123,537.06,2603.07,187.0447,-4.3215,-2.7232
2021-09-23,yellow,Yellow Medallion Taxi,weekday,false,,10125,297005.63,24619.98,7899195.0,6497,7019,30729.72,151547.49,10066.3321,128.3887,-69.7208
2021-09-24,fhvhv,High Volume For Hire Vehicle,weekday,false,,73595,2351260.83,328811.58,105757978.0,19202,73595,94407.02,1921676.16,63886.1738,9566.2704,142.5558
2021-09-24,green,Green Boro Taxi,weekday,false,,211,6158.73,606.99,193635.0,133,145,685.41,3381.62,185.0081,32.6324,-6.6405
2021-09-24,yellow,Yellow Medallion Taxi,weekday,false,,11662,343996.88,28635.21,9177099.0,7474,8081,35649.08,175075.93,10069.5432,1549.1515,43.3053
2021-09-25,fhvhv,High Volume For Hire Vehicle,weekend,false,,78426,2384771.51,348782.89,101544019.0,20385,78426,96167.25,1944316.97,63881.3822,14439.3488,105.269
2021-09-25,green,Green Boro Taxi,weekend,false,,249,7111.35,718.38,211802.0,167,179,904.02,4426.16,183.2615,48.8107,16.9278
2021-09-25,yellow,Yellow Medallion Taxi,weekend,false,,12363,349709.46,30409.84,8823829.0,7818,8464,36071.08,176835.8,10075.0393,2305.2689,-17.3083
2021-09-26,fhvhv,High Volume For Hire Vehicle,weekend,false,,58018,1768193.28,258891.8,75205504.0,15213,58018,72363.83,1440803.3,63875.6361,-5961.8198,104.1837
2021-09-26,green,Green Boro Taxi,weekend,false,,154,4770.95,501.0,145232.0,102,111,554.4,2888.51,181.6329,-24.4182,-3.2147
2021-09-26,yellow,Yellow Medallion Taxi,weekend,false,,9170,259726.68,22561.81,6539437.0,5913,6409,26929.71,133447.91,10082.7619,-997.649,84.8871
2021-09-27,fhvhv,High Volume For Hire Vehicle,weekday,false,,54913,1752496.3,244683.19,78748364.0,14387,54913,71187.83,1431126.71,63862.7695,-8956.0287,6.2593
2021-09-27,green,Green Boro Taxi,weekday,false,,141,4259.31,421.85,137125.0,84,95,445.54,2276.61,179.9391,-28.996,-9.9432
2021-09-27,yellow,Yellow Medallion Taxi,weekday,false,,8703,259214.6,21549.5,6936183.0,5607,6036,27400.93,133607.62,10088.3606,-1444.8714,59.5107
2021-09-28,fhvhv,High Volume For Hire Vehicle,weekday,false,,57394,1834824.72,256263.29,82491272.0,14971,57394,74603.39,1498459.03,63656.8565,-6328.0764,65.2198
2021-09-28,green,Green Boro Taxi,weekday,false,,170,5701.47,582.05,184306.0,108,119,617.49,3210.27,178.4776,-13.1453,4.6678
2021-09-28,yellow,Yellow Medallion Taxi,weekday,false,,9019,264520.09,21986.16,7068193.0,5739,6203,26856.16,132681.02,10070.2818,-1007.9764,-43.3054
2021-09-29,fhvhv,High Volume For Hire Vehicle,weekday,false,,60897,1933923.51,270662.15,86756439.0,15860,60897,77642.49,1580604.76,63107.0078,-3511.7689,1301.7612
2021-09-29,green,Green Boro Taxi,weekday,false,,158,4858.22,489.17,154014.0,102,110,523.3,2764.62,177.612,-12.7421,-6.87
2021-09-29,yellow,Yellow Medallion Taxi,weekday,false,,9592,284472.73,23851.1,7642668.0,6163,6671,29341.29,145314.27,10014.594,-515.1979,92.6039
2021-09-30,fhvhv,High Volume For Hire Vehicle,weekday,false,,65094,2077090.89,290650.5,93276164.0,17043,65094,85319.94,1696966.18,62713.9429,844.8297,1535.2274
2021-09-30,green,Green Boro Taxi,weekday,false,,194,5763.34,561.94,184415.0,121,126,632.25,2993.83,177.326,4.5872,12.0868
2021-09-30,yellow,Yellow Medallion Taxi,weekday,false,,10217,302257.13,25048.05,8054817.0,6678,7161,31723.19,154387.3,9953.3621,140.2112,123.4268
2021-10-01,fhvhv,High Volume For Hire Vehicle,weekday,false,,70053,2235863.05,312747.72,100538096.0,18159,70053,89911.52,1827559.77,62413.815,9500.1469,-1860.9619
2021-10-01,green,Green Boro Taxi,weekday,false,,202,6085.26,605.27,189203.0,131,142,683.53,3458.41,177.5878,29.7232,-5.311
2021-10-01,yellow,Yellow Medallion Taxi,weekday,false,,10938,317395.43,26239.87,8365186.0,6973,7585,32602.48,161705.74,9897.1864,1520.6301,-479.8165
2021-10-02,fhvhv,High Volume For Hire Vehicle,weekend,false,,74657,2280392.22,333804.62,97236886.0,19398,74657,92319.42,1859460.68,62115.6146,14307.1495,-1765.7641
2021-10-02,green,Green Boro Taxi,weekend,false,,207,5718.09,592.97,170167.0,132,145,607.24,3150.93,178.1936,41.9875,-13.1812
2021-10-02,yellow,Yellow Medallion Taxi,weekend,false,,11744,331915.92,28561.65,8328436.0,7581,8139,34398.25,168006.87,9842.2649,2281.7551,-380.0199
2021-10-03,fhvhv,High Volume For Hire Vehicle,weekend,false,,54933,1660146.94,242467.75,70639029.0,14181,54933,66152.46,1353980.1,61727.3166,-5963.0751,-831.2415
2021-10-03,green,Green Boro Taxi,weekend,false,,158,4657.32,473.01,141961.0,110,122,544.57,2808.37,178.7503,-21.2733,0.523
2021-10-03,yellow,Yellow Medallion Taxi,weekend,false,,8590,241993.78,20873.07,6094855.0,5560,6028,24852.18,122370.05,9787.636,-1010.8918,-186.7442
2021-10-04,fhvhv,High Volume For Hire Vehicle,weekday,false,,52205,1669876.27,233471.45,75146669.0,13657,52205,68028.7,1364725.93,61195.5113,-8851.0804,-139.4309
2021-10-04,green,Green Boro Taxi,weekday,false,,151,4554.89,460.14,142674.0,105,110,496.95,2483.69,178.9031,-29.2844,1.3813
2021-10-04,yellow,Yellow Medallion Taxi,weekday,false,,8218,242527.38,20312.11,6496542.0,5238,5697,24940.58,123354.42,9728.0095,-1458.1699,-51.8396
2021-10-05,fhvhv,High Volume For Hire Vehicle,weekday,false,,54575,1748481.28,244970.53,78666346.0,14112,54575,70366.14,1429385.05,61001.9725,-6345.8552,-81.1173
2021-10-05,green,Green Boro Taxi,weekday,false,,174,5160.38,503.73,159540.0,111,118,607.65,2693.46,178.783,-14.187,9.4039
2021-10-05,yellow,Yellow Medallion Taxi,weekday,false,,8690,258522.26,21413.52,6885713.0,5568,6043,26843.53,132922.45,9665.5232,-962.4281,-13.0951
2021-10-06,fhvhv,High Volume For Hire Vehicle,weekday,false,,57580,1832805.96,256228.39,82293305.0,14940,57580,73886.12,1497467.23,60974.4392,-3399.4188,4.9796
2021-10-06,green,Green Boro Taxi,weekday,false,,193,6092.23,608.23,185938.0,134,144,793.54,3788.89,178.5193,-13.2067,27.6873
2021-10-06,yellow,Yellow Medallion Taxi,weekday,false,,9095,268153.35,22365.51,7187558.0,5963,6410,28195.24,137879.77,9630.743,-470.4363,-65.3067
2021-10-07,fhvhv,High Volume For Hire Vehicle,weekday,false,,61945,1972481.87,276139.5,88557579.0,16089,61945,79556.52,1612153.39,60966.1855,851.3031,127.5114
2021-10-07,green,Green Boro Taxi,weekday,false,,188,5683.97,552.94,181973.0,121,130,658.53,3182.85,178.0266,11.4147,-1.4412
2021-10-07,yellow,Yellow Medallion Taxi,weekday,false,,9757,287928.82,23911.1,7686950.0,6246,6772,29799.1,146154.92,9623.945,164.4901,-31.4351
2021-10-08,fhvhv,High Volume For Hire Vehicle,weekday,false,,70290,2240743.35,313187.1,100670885.0,18325,70290,90564.35,1830691.61,60988.22,9440.156,-138.3759
2021-10-08,green,Green Boro Taxi,weekday,false,,213,6884.63,680.59,220431.0,142,147,802.75,3874.22,177.3466,25.1964,10.457
2021-10-08,yellow,Yellow Medallion Taxi,weekday,false,,11112,325785.84,27158.14,8677059.0,7219,7770,33966.84,166684.16,9623.6119,1483.1971,5.191
2021-10-09,fhvhv,High Volume For Hire Vehicle,weekend,false,,74989,2291468.43,335747.38,97779977.0,19353,74989,91518.41,1869605.08,61023.8791,14210.2214,-245.1006
2021-10-09,green,Green Boro Taxi,weekend,false,,207,6181.2,639.28,187583.0,137,147,728.93,3555.72,176.5161,35.271,-4.7871
2021-10-09,yellow,Yellow Medallion Taxi,weekend,false,,11889,334625.55,29027.29,8416665.0,7629,8248,34340.04,168373.82,9622.4643,2249.4279,17.1077
2021-10-10,fhvhv,High Volume For Hire Vehicle,weekend,false,,54965,1679005.0,245997.9,71568254.0,14288,54965,68020.06,1369269.21,61057.567,-6005.2798,-87.2872
2021-10-10,green,Green Boro Taxi,weekend,false,,153,4656.57,483.3,139495.0,101,107,575.77,2624.13,175.4966,-15.5916,-6.905
2021-10-10,yellow,Yellow Medallion Taxi,weekend,false,,8579,241686.09,20954.21,6107812.0,5589,6044,25379.9,124749.22,9619.4691,-1040.9021,0.433
2021-10-11,fhvhv,High Volume For Hire Vehicle,weekday,true,Columbus Day,32358,1029173.29,144149.14,46070212.0,8368,32358,41887.04,840244.4,61088.4056,-8716.6008,-20013.8048
2021-10-11,green,Green Boro Taxi,weekday,true,Columbus Day,82,2759.69,282.05,88135.0,52,56,316.17,1489.04,174.738,-24.641,-68.0971
2021-10-11,yellow,Yellow Medallion Taxi,weekday,true,Columbus Day,5231,154296.71,12953.06,4169191.0,3273,3562,15576.71,76364.99,9616.7556,-1480.4213,-2905.3343
2021-10-12,fhvhv,High Volume For Hire Vehicle,weekday,false,,54838,1747862.29,244326.38,78489547.0,14234,54838,70929.96,1427764.65,61123.0935,-6418.0685,132.9749
2021-10-12,green,Green Boro Taxi,weekday,false,,151,5403.72,554.99,170227.0,104,109,710.53,3198.41,174.5427,-18.7473,-4.7955
2021-10-12,yellow,Yellow Medallion Taxi,weekday,false,,8731,256054.74,21207.05,6838164.0,5701,6160,26763.51,131291.21,9616.5764,-896.6473,11.0708
2021-10-13,fhvhv,High Volume For Hire Vehicle,weekday,false,,58014,1845205.16,258122.23,82643624.0,15357,58014,75467.51,1506250.79,61164.7717,-3283.4204,132.6487
2021-10-13,green,Green Boro Taxi,weekday,false,,162,5425.57,547.17,174993.0,105,114,628.69,3123.88,174.4805,-13.4409,0.9604
2021-10-13,yellow,Yellow Medallion Taxi,weekday,false,,9235,273130.08,22644.51,7275924.0,5959,6443,28133.13,139814.08,9617.835,-454.2308,71.3958
2021-10-14,fhvhv,High Volume For Hire Vehicle,weekday,false,,62065,1984902.49,277760.24,89241949.0,16188,62065,80104.14,1621976.75,61205.2143,810.5937,49.1919
2021-10-14,green,Green Boro Taxi,weekday,false,,190,5705.77,560.86,182659.0,105,114,611.95,2965.29,174.6044,12.8749,2.5207
2021-10-14,yellow,Yellow Medallion Taxi,weekday,false,,9730,288690.13,23943.77,7690633.0,6279,6744,29911.67,145946.12,9619.1743,192.1264,-81.3008
2021-10-15,fhvhv,High Volume For Hire Vehicle,weekday,false,,70631,2260622.23,316237.41,101773206.0,18277,70631,90960.68,1848036.02,61224.2207,9394.2509,12.5284
2021-10-15,green,Green Boro Taxi,weekday,false,,231,7159.29,709.16,231451.0,153,163,803.36,3900.14,175.1044,19.6451,36.2505
2021-10-15,yellow,Yellow Medallion Taxi,weekday,false,,11018,321846.24,26670.93,8561987.0,7116,7700,33244.29,163844.63,9621.116,1439.7374,-42.8534
2021-10-16,fhvhv,High Volume For Hire Vehicle,weekend,false,,75357,2284183.04,333387.39,97099897.0,19574,75357,92554.73,1860643.7,61212.8237,14211.8834,-67.7071
2021-10-16,green,Green Boro Taxi,weekend,false,,212,5849.29,596.87,176984.0,132,143,621.41,2981.56,175.6117,37.0125,-0.6241
2021-10-16,yellow,Yellow Medallion Taxi,weekend,false,,11808,333076.98,28787.98,8357698.0,7560,8238,34416.48,170039.24,9624.9015,2238.4998,-55.4013
2021-10-17,fhvhv,High Volume For Hire Vehicle,weekend,false,,55273,1686373.53,246648.54,71951411.0,14374,55273,67974.94,1375383.52,61185.834,-6121.1509,208.3169
2021-10-17,green,Green Boro Taxi,weekend,false,,172,5111.39,548.02,150417.0,106,112,584.23,2762.33,175.7577,-11.8085,8.0508
2021-10-17,yellow,Yellow Medallion Taxi,weekend,false,,8609,243935.13,21108.25,6116643.0,5495,5933,25318.97,123822.06,9628.0737,-1078.7716,59.6979
2021-10-18,fhvhv,High Volume For Hire Vehicle,weekday,false,,52722,1692616.01,237009.96,76233787.0,13754,52722,68054.84,1383681.08,61163.4617,-8586.9277,145.466
2021-10-18,green,Green Boro Taxi,weekday,false,,152,5188.51,511.02,162713.0,101,108,649.67,3122.34,175.69,-17.7683,-5.9217
2021-10-18,yellow,Yellow Medallion Taxi,weekday,false,,8165,239070.82,19900.01,6361265.0,5260,5675,24686.05,121061.61,9629.2671,-1509.2665,44.9994
2021-10-19,fhvhv,High Volume For Hire Vehicle,weekday,false,,54275,1729182.2,242106.42,77636538.0,14033,54275,69196.01,1413237.86,61149.6555,-6447.529,-427.1265
2021-10-19,green,Green Boro Taxi,weekday,false,,151,4558.32,451.94,144628.0,94,98,512.02,2420.47,175.5911,-27.1408,2.5497
2021-10-19,yellow,Yellow Medallion Taxi,weekday,false,,8541,249877.23,20809.61,6676926.0,5427,5856,25523.01,125150.02,9629.9461,-832.7316,-256.2145
2021-10-20,fhvhv,High Volume For Hire Vehicle,weekday,false,,57806,1850787.52,259332.9,83246091.0,14988,57806,74653.43,1513040.89,61146.9119,-3310.965,-29.9469
2021-10-20,green,Green Boro Taxi,weekday,false,,162,5661.41,588.39,183734.0,101,108,622.3,3076.1,175.6718,-11.6262,-2.0456
2021-10-20,yellow,Yellow Medallion Taxi,weekday,false,,9158,271642.99,22579.49,7260854.0,5875,6364,28133.14,139383.06,9631.186,-459.889,-13.297
2021-10-21,fhvhv,High Volume For Hire Vehicle,weekday,false,,61673,1973820.99,276336.69,88856371.0,15990,61673,78867.97,1613966.9,61156.7726,703.3409,-187.1135
2021-10-21,green,Green Boro Taxi,weekday,false,,190,5952.93,600.95,192898.0,112,125,626.15,3265.88,175.4809,11.6415,2.8775
2021-10-21,yellow,Yellow Medallion Taxi,weekday,false,,9979,294456.03,24569.47,7928510.0,6377,6882,30405.76,148940.34,9632.5291,211.7995,134.6713
2021-10-22,fhvhv,High Volume For Hire Vehicle,weekday,false,,70584,2251391.18,315140.66,101140580.0,18462,70584,91870.85,1840022.46,61178.0597,9543.0404,-137.1
2021-10-22,green,Green Boro Taxi,weekday,false,,175,5365.29,543.8,170086.0,106,117,571.24,2749.55,174.7216,16.523,-16.2446
2021-10-22,yellow,Yellow Medallion Taxi,weekday,false,,11043,325195.52,26901.01,8654103.0,7060,7652,33557.47,165130.94,9632.8844,1456.5828,-46.4672
2021-10-23,fhvhv,High Volume For Hire Vehicle,weekend,false,,75693,2310695.76,337806.42,98485469.0,19778,75693,93485.23,1883144.79,61214.4186,14457.2414,21.34
2021-10-23,green,Green Boro Taxi,weekend,false,,237,6834.74,720.17,208859.0,131,150,691.39,3668.29,173.6066,38.5289,24.8645
2021-10-23,yellow,Yellow Medallion Taxi,weekend,false,,11852,337460.95,29195.16,8449361.0,7665,8273,35200.38,172590.12,9631.9953,2253.6645,-33.6598
2021-10-24,fhvhv,High Volume For Hire Vehicle,weekend,false,,54858,1676969.85,245958.03,71424800.0,14288,54858,67218.44,1367408.21,61272.2812,-6265.1123,-149.1689
2021-10-24,green,Green Boro Taxi,weekend,false,,169,4809.32,493.81,142868.0,110,120,576.97,2749.58,172.6576,-11.3596,7.702
2021-10-24,yellow,Yellow Medallion Taxi,weekend,false,,8458,236539.72,20375.93,5924700.0,5438,5876,24323.63,119578.75,9634.065,-1134.9473,-41.1176
2021-10-25,fhvhv,High Volume For Hire Vehicle,weekday,false,,52746,1686035.18,236137.56,75703813.0,13861,52746,68876.04,1377350.72,61344.1027,-8680.2776,82.1749
2021-10-25,green,Green Boro Taxi,weekday,false,,166,5171.5,514.61,162152.0,101,109,600.53,2933.17,172.0742,-16.122,10.0478
2021-10-25,yellow,Yellow Medallion Taxi,weekday,false,,8052,234486.03,19453.11,6224080.0,5200,5593,24215.43,120135.46,9644.822,-1528.9821,-63.8399
2021-10-26,fhvhv,High Volume For Hire Vehicle,weekday,false,,55048,1749836.5,244299.67,78646834.0,14362,55048,70743.6,1430100.72,61420.3548,-6546.2097,173.855
2021-10-26,green,Green Boro Taxi,weekday,false,,135,4319.84,432.49,137302.0,93,97,508.24,2460.59,171.7556,-28.2126,-8.5431
2021-10-26,yellow,Yellow Medallion Taxi,weekday,false,,8883,261175.95,21659.69,6966159.0,5711,6181,26925.64,133592.73,9666.845,-823.4737,39.6287
2021-10-27,fhvhv,High Volume For Hire Vehicle,weekday,false,,58105,1852999.65,258831.5,83196742.0,15003,58105,75327.75,1513009.15,61494.2102,-3349.0551,-40.1551
2021-10-27,green,Green Boro Taxi,weekday,false,,157,4595.38,452.12,144591.0,94,102,500.53,2330.01,171.4412,-7.9634,-6.4779
2021-10-27,yellow,Yellow Medallion Taxi,weekday,false,,9194,271057.54,22503.52,7227643.0,5913,6417,28306.68,139126.31,9697.9935,-490.3336,-13.6599
2021-10-28,fhvhv,High Volume For Hire Vehicle,weekday,false,,62171,1995730.15,279728.56,89867564.0,16059,62171,80004.84,1631877.06,61834.8593,740.1839,-404.0433
2021-10-28,green,Green Boro Taxi,weekday,false,,174,5052.28,497.86,151725.0,115,124,624.29,3018.33,171.308,10.8203,-8.1283
2021-10-28,yellow,Yellow Medallion Taxi,weekday,false,,9895,292175.46,24452.3,7829182.0,6322,6840,29882.75,148118.06,9736.5959,254.0766,-95.6725
2021-10-29,fhvhv,High Volume For Hire Vehicle,weekday,false,,70678,2249739.83,314768.11,101043119.0,18350,70678,90069.89,1838857.89,62645.2283,9758.1036,-1725.3319
2021-10-29,green,Green Boro Taxi,weekday,false,,185,5775.15,564.11,191549.0,113,123,604.0,2910.95,172.5003,15.5548,-3.0551
2021-10-29,yellow,Yellow Medallion Taxi,weekday,false,,11052,323022.53,26820.42,8613744.0,7083,7641,33334.31,163569.31,9785.5632,1499.5813,-233.1445
2021-10-30,fhvhv,High Volume For Hire Vehicle,weekend,false,,75676,2306454.56,337846.27,98184479.0,19666,75676,92335.8,1880434.15,63207.0223,14648.6616,-2179.6839
2021-10-30,green,Green Boro Taxi,weekend,false,,217,6812.61,734.78,205784.0,127,145,730.51,3719.58,175.1912,38.4725,3.3363
2021-10-30,yellow,Yellow Medallion Taxi,weekend,false,,12122,341675.89,29274.33,8563374.0,7787,8406,35412.56,173431.06,9860.2589,2302.8915,-41.1505
2021-10-31,fhvhv,High Volume For Hire Vehicle,weekend,false,,55201,1679744.69,246397.91,71479815.0,14216,55201,66545.77,1370329.12,63644.7956,-6411.6403,-2032.1553
2021-10-31,green,Green Boro Taxi,weekend,false,,158,4861.69,498.15,144548.0,107,111,650.25,2982.79,178.3106,-14.2558,-6.0547
2021-10-31,yellow,Yellow Medallion Taxi,weekend,false,,8737,246349.72,21305.95,6194235.0,5602,6038,25461.82,124557.02,9947.5022,-1192.2937,-18.2085
2021-11-01,fhvhv,High Volume For Hire Vehicle,weekday,false,,56128,1780038.93,248808.95,79918388.0,14482,56128,70888.22,1455166.07,64088.9563,-9000.8771,1039.9208
2021-11-01,green,Green Boro Taxi,weekday,false,,190,5703.67,571.08,176042.0,119,126,673.76,3156.13,181.1169,-19.0371,27.9202
2021-11-01,yellow,Yellow Medallion Taxi,weekday,false,,8965,263004.21,21690.45,6971013.0,5789,6267,27484.17,134306.34,10026.4573,-1528.1195,466.6623
2021-11-02,fhvhv,High Volume For Hire Vehicle,weekday,true,Election Day,36616,1175809.03,164556.5,52919155.0,9536,36616,48535.98,960653.51,64713.0036,-6582.0687,-21514.9348
2021-11-02,green,Green Boro Taxi,weekday,true,Election Day,98,2933.93,286.79,92116.0,64,72,341.95,1609.59,183.4179,-26.9257,-58.4922
2021-11-02,yellow,Yellow Medallion Taxi,weekday,true,Election Day,5620,165181.51,13791.1,4435485.0,3622,3930,17069.67,84773.48,10099.3751,-844.7968,-3634.5783
2021-11-03,fhvhv,High Volume For Hire Vehicle,weekday,false,,62064,1976407.61,276803.54,88802678.0,15970,62064,78707.62,1616180.61,65501.4607,-3389.8572,-47.6035
2021-11-03,green,Green Boro Taxi,weekday,false,,189,6192.62,619.72,201182.0,123,139,688.13,3753.0,185.318,-4.7282,8.4102
2021-11-03,yellow,Yellow Medallion Taxi,weekday,false,,9927,292283.05,24434.61,7885310.0,6369,6906,30198.19,149702.03,10172.1844,-531.6975,286.5131
2021-11-04,fhvhv,High Volume For Hire Vehicle,weekday,false,,66836,2130913.83,298087.49,95767381.0,17206,66836,85937.25,1741680.0,65767.6001,925.0546,143.3453
2021-11-04,green,Green Boro Taxi,weekday,false,,200,6467.4,651.26,212363.0,119,128,683.76,3301.14,187.0328,7.6398,5.3274
2021-11-04,yellow,Yellow Medallion Taxi,weekday,false,,10574,313129.36,26068.36,8416020.0,6765,7330,32149.14,159455.33,10244.1254,226.7451,103.1295
2021-11-05,fhvhv,High Volume For Hire Vehicle,weekday,false,,75882,2432582.39,340862.31,109451299.0,19781,75882,98196.08,1988576.8,65849.9905,9954.3732,77.6363
2021-11-05,green,Green Boro Taxi,weekday,false,,225,7335.27,717.84,231855.0,148,162,951.78,4485.82,188.3066,26.2861,10.4073
2021-11-05,yellow,Yellow Medallion Taxi,weekday,false,,11961,355056.67,29515.64,9457577.0,7617,8263,36972.03,180091.7,10319.245,1553.7595,87.9955
2021-11-06,fhvhv,High Volume For Hire Vehicle,weekend,false,,80901,2459434.74,359579.39,104580430.0,21117,80901,100525.76,2003760.49,65922.1549,14781.0127,197.8324
2021-11-06,green,Green Boro Taxi,weekend,false,,218,6557.82,681.31,201129.0,138,148,744.26,3531.71,188.1556,35.5726,-5.7282
2021-11-06,yellow,Yellow Medallion Taxi,weekend,false,,12810,359783.08,31044.74,9046801.0,8252,8947,37674.0,185755.63,10376.9184,2366.2331,66.8485
2021-11-07,fhvhv,High Volume For Hire Vehicle,weekend,false,,59496,1810964.31,265532.19,76970193.0,15619,59496,73093.16,1476236.06,65987.9079,-6537.828,45.9201
2021-11-07,green,Green Boro Taxi,weekend,false,,166,4756.14,475.31,143372.0,118,122,594.2,2742.41,186.7324,-19.8041,-0.9282
2021-11-07,yellow,Yellow Medallion Taxi,weekend,false,,9131,260604.87,22701.26,6591989.0,5858,6318,27084.36,133134.91,10391.0726,-1195.4116,-64.661
2021-11-08,fhvhv,High Volume For Hire Vehicle,weekday,false,,56663,1813517.61,253912.06,81680434.0,14612,56663,72516.82,1483283.42,66033.9269,-9294.6075,-76.3193
2021-11-08,green,Green Boro Taxi,weekday,false,,158,5807.12,599.96,190717.0,101,111,643.35,3358.18,185.3187,-22.6957,-4.6231
2021-11-08,yellow,Yellow Medallion Taxi,weekday,false,,8856,260545.85,21799.67,7001628.0,5653,6122,26814.61,131133.17,10390.2252,-1513.3253,-20.8999
2021-11-09,fhvhv,High Volume For Hire Vehicle,weekday,false,,59282,1894140.33,265080.92,85210331.0,15343,59282,76094.39,1548543.54,66055.3851,-6618.3209,-155.0642
2021-11-09,green,Green Boro Taxi,weekday,false,,162,4930.45,486.3,154949.0,98,108,574.29,2639.94,184.0486,-24.6306,2.5821
2021-11-09,yellow,Yellow Medallion Taxi,weekday,false,,9517,279291.92,23291.81,7476566.0,6092,6570,28647.09,140779.88,10386.824,-921.0414,51.2174
2021-11-10,fhvhv,High Volume For Hire Vehicle,weekday,false,,62889,2000895.66,279680.74,89909089.0,16186,62889,80760.41,1635455.72,66058.544,-3461.5746,292.0305
2021-11-10,green,Green Boro Taxi,weekday,false,,179,5881.88,586.14,187040.0,116,128,722.12,3530.46,182.8878,-1.1227,-2.7652
2021-11-10,yellow,Yellow Medallion Taxi,weekday,false,,9857,292609.53,24145.36,7772100.0,6257,6796,29996.27,147725.4,10384.4829,-571.1823,43.6995
2021-11-11,fhvhv,High Volume For Hire Vehicle,weekday,true,Veterans Day,41364,1330622.5,186015.31,59976737.0,10852,41364,54399.04,1087218.03,66057.8367,1182.1645,-25876.0012
2021-11-11,green,Green Boro Taxi,weekday,true,Veterans Day,129,3816.41,372.14,120477.0,85,92,444.07,2152.01,182.0062,4.7142,-57.7203
2021-11-11,yellow,Yellow Medallion Taxi,weekday,true,Veterans Day,6587,195107.47,16127.08,5172913.0,4304,4653,20821.16,101429.72,10381.7101,182.642,-3977.352
2021-11-12,fhvhv,High Volume For Hire Vehicle,weekday,false,,76349,2431916.16,340260.86,109359565.0,19710,76349,96789.82,1988741.28,66057.0879,10079.1357,212.7764
2021-11-12,green,Green Boro Taxi,weekday,false,,218,7002.79,674.84,225793.0,150,163,872.3,4205.54,181.5327,32.4628,4.0045
2021-11-12,yellow,Yellow Medallion Taxi,weekday,false,,11935,352475.68,29316.02,9398535.0,7641,8217,36478.44,178019.13,10378.1396,1616.6045,-59.7441
2021-11-13,fhvhv,High Volume For Hire Vehicle,weekend,false,,80839,2462033.63,360014.84,104844427.0,21044,80839,99519.81,2006689.44,66059.2861,14825.3583,-45.6444
2021-11-13,green,Green Boro Taxi,weekend,false,,212,6456.13,668.07,192281.0,144,152,810.49,3828.2,181.2979,34.3884,-3.6864
2021-11-13,yellow,Yellow Medallion Taxi,weekend,false,,12805,359051.45,31174.5,9072338.0,8285,8956,37282.53,183563.29,10374.6303,2418.359,12.0108
2021-11-14,fhvhv,High Volume For Hire Vehicle,weekend,false,,59371,1813314.51,266149.22,77266184.0,15354,59371,72997.11,1479509.62,66058.121,-6576.6942,-110.4268
2021-11-14,green,Green Boro Taxi,weekend,false,,158,4790.8,490.37,147263.0,105,110,584.84,2755.17,181.1981,-23.2407,0.0426
2021-11-14,yellow,Yellow Medallion Taxi,weekend,false,,9192,259345.04,22214.63,6472722.0,5904,6383,26887.64,131896.71,10371.7273,-1145.5404,-34.1869
2021-11-15,fhvhv,High Volume For Hire Vehicle,weekday,false,,56412,1790787.58,250203.67,80374483.0,14650,56412,72381.19,1463257.74,66049.1142,-9474.7162,-162.398
2021-11-15,green,Green Boro Taxi,weekday,false,,150,5016.71,507.3,168458.0,94,102,510.09,2549.03,181.2983,-26.6536,-4.6447
2021-11-15,yellow,Yellow Medallion Taxi,weekday,false,,8979,266319.25,22187.08,7146771.0,5854,6300,27850.21,136783.27,10372.2933,-1490.9641,97.6708
2021-11-16,fhvhv,High Volume For Hire Vehicle,weekday,false,,59563,1896920.7,265105.73,85171403.0,15533,59563,77612.53,1549534.76,66044.1501,-6664.4897,183.3395
2021-11-16,green,Green Boro Taxi,weekday,false,,160,4877.99,488.92,148576.0,104,114,610.16,2905.31,181.8763,-20.2503,-1.626
2021-11-16,yellow,Yellow Medallion Taxi,weekday,false,,9308,272564.69,22788.56,7289256.0,5984,6452,28287.42,138860.41,10379.9902,-982.3232,-89.667
2021-11-17,fhvhv,High Volume For Hire Vehicle,weekday,false,,62347,1986889.93,277991.57,89305725.0,16011,62347,79452.21,1624289.91,66053.0371,-3511.9614,-194.0756
2021-11-17,green,Green Boro Taxi,weekday,false,,184,6384.1,638.58,205620.0,118,121,770.43,3552.33,183.075,0.3904,0.5345
2021-11-17,yellow,Yellow Medallion Taxi,weekday,false,,9724,287853.83,24112.1,7751627.0,6258,6768,29795.97,147254.79,10390.8975,-609.5959,-57.3016
2021-11-18,fhvhv,High Volume For Hire Vehicle,weekday,false,,67493,2146751.59,300329.74,96348072.0,17414,67493,86553.67,1754233.82,66067.4272,1393.3209,32.2518
2021-11-18,green,Green Boro Taxi,weekday,false,,184,5592.43,559.51,180709.0,110,122,558.15,2971.18,184.8057,0.135,-0.9408
2021-11-18,yellow,Yellow Medallion Taxi,weekday,false,,10511,307428.31,25694.87,8239186.0,6764,7377,31537.67,156607.15,10400.7141,134.4926,-24.2067
2021-11-19,fhvhv,High Volume For Hire Vehicle,weekday,false,,76066,2425305.95,339084.85,109042973.0,19797,76066,97582.88,1982335.15,66088.3307,10070.3886,-92.7193
2021-11-19,green,Green Boro Taxi,weekday,false,,217,6758.26,688.58,214377.0,138,156,728.34,3927.2,187.002,34.4123,-4.4143
2021-11-19,yellow,Yellow Medallion Taxi,weekday,false,,12097,355740.52,29578.32,9504459.0,7822,8451,36974.01,182180.84,10410.7859,1633.6314,52.5827
2021-11-20,fhvhv,High Volume For Hire Vehicle,weekend,false,,80923,2459296.02,359872.69,104582563.0,20939,80923,99259.14,2004446.68,66113.4358,14760.1862,49.378
2021-11-20,green,Green Boro Taxi,weekend,false,,223,7312.69,762.4,225714.0,156,161,900.49,4318.79,189.5353,37.1313,-3.6666
2021-11-20,yellow,Yellow Medallion Taxi,weekend,false,,12875,364406.92,31482.46,9240524.0,8196,8865,37638.73,185024.26,10424.0869,2422.989,27.9241
2021-11-21,fhvhv,High Volume For Hire Vehicle,weekend,false,,59721,1828240.31,267873.61,78016741.0,15529,59721,73743.75,1491184.28,66141.6262,-6609.2054,188.5793
2021-11-21,green,Green Boro Taxi,weekend,false,,166,5583.21,591.74,190306.0,97,110,461.67,2620.61,192.4165,-26.2098,-0.2066
2021-11-21,yellow,Yellow Medallion Taxi,weekend,false,,9414,264543.78,22753.72,6643132.0,6101,6553,27544.65,133903.95,10441.7024,-1073.0145,45.3121
2021-11-22,fhvhv,High Volume For Hire Vehicle,weekday,false,,56746,1808796.79,252824.91,81242485.0,14805,56746,73691.93,1477639.93,66171.0715,-9348.711,-76.3606
2021-11-22,green,Green Boro Taxi,weekday,false,,173,5200.48,518.29,163098.0,105,114,552.52,2774.1,195.6712,-26.2345,3.5633
2021-11-22,yellow,Yellow Medallion Taxi,weekday,false,,8909,260185.81,21630.67,6938818.0,5704,6163,26957.01,132147.79,10460.6435,-1453.3228,-98.3207
2021-11-23,fhvhv,High Volume For Hire Vehicle,weekday,false,,59470,1896324.6,265138.65,85166252.0,15594,59470,77291.27,1549124.98,66193.0395,-6549.4506,-173.5889
2021-11-23,green,Green Boro Taxi,weekday,false,,179,5833.44,572.47,187148.0,107,114,698.2,3322.55,199.0717,-17.5797,-2.4921
2021-11-23,yellow,Yellow Medallion Taxi,weekday,false,,9442,275764.27,22964.62,7406305.0,6072,6547,28367.46,138292.39,10473.429,-1007.3385,-24.0905
2021-11-24,fhvhv,High Volume For Hire Vehicle,weekday,false,,62743,1999137.14,279688.17,89774310.0,16288,62743,80811.7,1633586.17,66203.264,-3594.5566,134.2927
2021-11-24,green,Green Boro Taxi,weekday,false,,203,5733.86,540.08,179461.0,134,148,679.94,3367.33,201.8652,-0.0528,1.1875
2021-11-24,yellow,Yellow Medallion Taxi,weekday,false,,9876,288986.25,23853.41,7686526.0,6407,6903,29973.58,147277.08,10475.2188,-631.6544,32.4357
2021-11-25,fhvhv,High Volume For Hire Vehicle,weekday,true,Thanksgiving Day,41651,1329429.44,185997.62,59751983.0,10897,41651,54580.51,1086480.47,66200.6755,1208.6291,-25758.3046
2021-11-25,green,Green Boro Taxi,weekday,true,Thanksgiving Day,103,3549.36,365.08,121133.0,64,70,336.84,1881.45,204.0073,-2.5673,-98.44
2021-11-25,yellow,Yellow Medallion Taxi,weekday,true,Thanksgiving Day,6363,185129.63,15408.69,4905286.0,4082,4420,18910.71,92752.06,10468.7666,100.3801,-4206.1466
2021-11-26,fhvhv,High Volume For Hire Vehicle,weekday,false,,76312,2434912.33,340168.33,109257340.0,20017,76312,100283.74,1987476.41,66191.8579,10004.7978,115.3443
2021-11-26,green,Green Boro Taxi,weekday,false,,242,8498.29,860.98,278134.0,162,174,993.65,4825.18,205.4769,33.1902,3.333
2021-11-26,yellow,Yellow Medallion Taxi,weekday,false,,12199,357876.32,29852.04,9598171.0,7817,8439,37045.89,182335.75,10454.4478,1616.2593,128.293
2021-11-27,fhvhv,High Volume For Hire Vehicle,weekend,false,,81719,2494370.54,364889.06,106223119.0,21459,81719,101963.7,2032506.37,66180.9237,14780.1177,757.9585
2021-11-27,green,Green Boro Taxi,weekend,false,,257,7928.94,821.55,237120.0,177,187,982.28,4608.6,205.5185,39.0132,12.4682
2021-11-27,yellow,Yellow Medallion Taxi,weekend,false,,12916,366940.3,32006.91,9333706.0,8334,9024,37936.49,187161.0,10429.1819,2380.4331,106.385
2021-11-28,fhvhv,High Volume For Hire Vehicle,weekend,false,,59564,1809713.31,265147.7,76866949.0,15414,59564,72511.59,1474881.98,66161.5291,-6593.9872,-3.5419
2021-11-28,green,Green Boro Taxi,weekend,false,,148,4596.83,482.53,141137.0,99,106,523.05,2673.06,204.4507,-25.9901,-30.4606
2021-11-28,yellow,Yellow Medallion Taxi,weekend,false,,9467,269539.86,23293.89,6773642.0,6145,6618,28148.24,137849.74,10392.5073,-1032.1306,106.6233
2021-11-29,fhvhv,High Volume For Hire Vehicle,weekday,false,,57112,1826667.33,255631.5,82186022.0,14838,57112,73440.4,1493201.08,66074.4497,-9229.0814,266.6317
2021-11-29,green,Green Boro Taxi,weekday,false,,178,5439.58,557.24,168080.0,113,122,621.35,2933.18,202.7554,-26.3889,1.6335
2021-11-29,yellow,Yellow Medallion Taxi,weekday,false,,8938,262018.38,21819.01,6999943.0,5730,6201,27142.1,133630.53,10342.3411,-1414.5063,10.1652
2021-11-30,fhvhv,High Volume For Hire Vehicle,weekday,false,,59440,1902223.03,266244.31,85444571.0,15507,59440,77739.46,1553613.76,65758.5871,-6454.6445,136.0575
2021-11-30,green,Green Boro Taxi,weekday,false,,193,6373.44,638.22,199969.0,124,130,796.13,3800.66,200.0751,-17.2659,10.1908
2021-11-30,yellow,Yellow Medallion Taxi,weekday,false,,9343,274747.58,22716.71,7271964.0,6024,6497,28262.98,139974.45,10275.1045,-1019.2024,87.0978
2021-12-01,fhvhv,High Volume For Hire Vehicle,weekday,false,,59734,1907478.43,266661.49,85792821.0,15510,59734,76829.3,1558901.68,65403.0332,-3592.3445,-2076.6887
2021-12-01,green,Green Boro Taxi,weekday,false,,142,5217.94,533.13,171736.0,91,98,618.88,2816.76,196.424,1.5045,-55.9285
2021-12-01,yellow,Yellow Medallion Taxi,weekday,false,,9415,272102.09,22475.53,7221283.0,6144,6604,28418.04,139433.04,10201.6959,-612.5319,-174.1639
2021-12-02,fhvhv,High Volume For Hire Vehicle,weekday,false,,64023,2044611.25,286222.43,91860793.0,16698,64023,82512.58,1670799.85,65104.1208,1073.8637,-2154.9845
2021-12-02,green,Green Boro Taxi,weekday,false,,181,5763.96,587.65,182470.0,124,132,659.39,3111.53,192.422,-0.6514,-10.7707
2021-12-02,yellow,Yellow Medallion Taxi,weekday,false,,10191,301952.04,25152.53,8088942.0,6583,7109,31387.92,154341.38,10135.174,118.5043,-62.6784
2021-12-03,fhvhv,High Volume For Hire Vehicle,weekday,false,,73124,2336575.26,327206.23,104998345.0,18914,73124,93271.8,1909591.32,64811.0313,9952.1574,-1639.1887
2021-12-03,green,Green Boro Taxi,weekday,false,,219,6718.02,670.88,207315.0,148,164,837.41,4225.4,188.2646,27.4575,3.2779
2021-12-03,yellow,Yellow Medallion Taxi,weekday,false,,11572,338868.29,28134.4,9040016.0,7467,8104,34966.0,172119.42,10078.5857,1592.1752,-98.7609
2021-12-04,fhvhv,High Volume For Hire Vehicle,weekend,false,,77587,2371705.53,347544.25,101121191.0,20214,77587,95155.53,1934274.69,64511.1875,14732.5522,-1656.7397
2021-12-04,green,Green Boro Taxi,weekend,false,,223,6492.07,689.59,197177.0,135,149,679.11,3334.05,184.6326,40.0217,-1.6543
2021-12-04,yellow,Yellow Medallion Taxi,weekend,false,,12277,343227.52,29615.62,8607330.0,7809,8457,35258.81,173678.41,10032.8243,2298.476,-54.3002
2021-12-05,fhvhv,High Volume For Hire Vehicle,weekend,false,,57189,1740894.59,255111.84,74130023.0,14904,57189,70183.54,1420053.95,64149.545,-6533.3141,-427.2309
2021-12-05,green,Green Boro Taxi,weekend,false,,149,4278.91,445.79,129352.0,91,99,465.36,2253.66,181.872,-23.6235,-9.2485
2021-12-05,yellow,Yellow Medallion Taxi,weekend,false,,8858,249230.87,21479.64,6293336.0,5721,6172,25479.72,125401.39,9999.8864,-997.6384,-144.2481
2021-12-06,fhvhv,High Volume For Hire Vehicle,weekday,false,,54693,1738315.68,242564.62,78013041.0,14257,54693,70368.51,1419426.83,63759.6106,-9158.8074,92.1969
2021-12-06,green,Green Boro Taxi,weekday,false,,151,5219.96,513.76,172296.0,101,105,620.21,3185.41,180.5835,-28.257,-1.3266
2021-12-06,yellow,Yellow Medallion Taxi,weekday,false,,8625,254636.74,21190.57,6831842.0,5548,5980,26237.88,128774.81,9984.0416,-1367.0854,8.0437
2021-12-07,fhvhv,High Volume For Hire Vehicle,weekday,false,,57186,1815935.59,254089.01,81443447.0,14862,57186,72474.6,1483897.2,63605.3058,-6373.9789,-45.3269
2021-12-07,green,Green Boro Taxi,weekday,false,,159,4855.56,462.79,153354.0,108,115,614.25,2874.14,180.6591,-15.7208,-5.9383
2021-12-07,yellow,Yellow Medallion Taxi,weekday,false,,8894,261802.75,21731.26,7008044.0,5816,6250,27374.96,133957.61,9982.6384,-1018.5867,-70.0517
2021-12-08,fhvhv,High Volume For Hire Vehicle,weekday,false,,59753,1905759.75,266687.55,85534341.0,15519,59753,77153.45,1556714.18,63552.7854,-3532.4413,-267.3442
2021-12-08,green,Green Boro Taxi,weekday,false,,177,5412.93,536.05,170996.0,117,129,595.19,3025.04,181.1207,4.366,-8.4867
2021-12-08,yellow,Yellow Medallion Taxi,weekday,false,,9416,273950.79,22802.45,7292215.0,6051,6542,27698.08,138443.62,9987.9594,-580.2517,8.2922
2021-12-09,fhvhv,High Volume For Hire Vehicle,weekday,false,,64324,2050655.58,286537.35,92086534.0,16819,64324,83141.22,1674819.54,63515.9866,833.3144,-25.301
2021-12-09,green,Green Boro Taxi,weekday,false,,196,6311.14,636.2,197882.0,117,129,726.57,3478.85,181.6458,1.8672,12.487
2021-12-09,yellow,Yellow Medallion Taxi,weekday,false,,10182,295346.34,24581.85,7847149.0,6531,7090,30377.39,150705.54,9998.0683,143.3111,40.6205
2021-12-10,fhvhv,High Volume For Hire Vehicle,weekday,false,,73256,2337593.61,327138.48,105009608.0,19108,73256,94770.72,1910168.03,63494.2786,9903.4806,-141.7592
2021-12-10,green,Green Boro Taxi,weekday,false,,231,7072.44,692.31,229160.0,147,160,779.71,3915.88,182.6256,19.2227,29.1517
2021-12-10,yellow,Yellow Medallion Taxi,weekday,false,,11525,337097.81,28267.84,9056617.0,7388,7977,34664.42,170146.03,10010.1849,1564.5961,-49.7811
2021-12-11,fhvhv,High Volume For Hire Vehicle,weekend,false,,78234,2391825.2,350326.35,101936761.0,20318,78234,95974.78,1949934.62,63483.4685,14764.7783,-14.2468
2021-12-11,green,Green Boro Taxi,weekend,false,,219,6233.33,667.58,184662.0,131,143,650.47,3199.58,183.7224,39.4983,-4.2207
2021-12-11,yellow,Yellow Medallion Taxi,weekend,false,,12271,345332.15,29896.08,8713919.0,7948,8582,35748.29,175816.78,10021.0488,2172.9809,76.9703
2021-12-12,fhvhv,High Volume For Hire Vehicle,weekend,false,,57132,1744046.36,255371.6,74394255.0,14701,57132,69411.19,1422670.62,63482.3617,-6483.5564,133.1947
2021-12-12,green,Green Boro Taxi,weekend,false,,172,5271.61,549.44,162236.0,110,116,601.92,2829.86,184.5379,-19.4704,6.9325
2021-12-12,yellow,Yellow Medallion Taxi,weekend,false,,9028,253164.3,21777.01,6321748.0,5785,6243,26130.86,127407.76,10028.14,-963.4987,-36.6413
2021-12-13,fhvhv,High Volume For Hire Vehicle,weekday,false,,54050,1728132.15,242118.89,77680046.0,14109,54050,69176.73,1412619.8,63491.3993,-9155.7721,-285.6272
2021-12-13,green,Green Boro Taxi,weekday,false,,156,4850.68,464.94,156434.0,103,113,576.05,2813.37,184.9914,-31.6143,2.6229
2021-12-13,yellow,Yellow Medallion Taxi,weekday,false,,8740,259631.47,21593.35,6962548.0,5568,6027,26684.11,132588.38,10030.5468,-1333.1155,42.5687
2021-12-14,fhvhv,High Volume For Hire Vehicle,weekday,false,,57280,1825867.11,255456.02,82085337.0,14860,57280,73024.12,1492732.11,63503.2263,-6373.7162,150.4899
2021-12-14,green,Green Boro Taxi,weekday,false,,165,5076.66,497.0,161688.0,104,110,595.88,2791.21,184.8141,-13.7931,-6.021
2021-12-14,yellow,Yellow Medallion Taxi,weekday,false,,9020,266544.35,22230.36,7165528.0,5889,6356,28062.13,136671.88,10028.3387,-1040.8063,32.4676
2021-12-15,fhvhv,High Volume For Hire Vehicle,weekday,false,,60104,1906363.47,266004.03,85440793.0,15729,60104,77693.97,1556173.23,63512.7201,-3469.9206,61.2005
2021-12-15,green,Green Boro Taxi,weekday,false,,207,6298.53,619.9,201358.0,131,139,713.17,3438.2,184.0462,6.8312,16.1226
2021-12-15,yellow,Yellow Medallion Taxi,weekday,false,,9503,276384.85,22850.96,7342013.0,6052,6550,28388.45,139056.3,10022.1869,-534.5145,15.3276
2021-12-16,fhvhv,High Volume For Hire Vehicle,weekday,false,,64538,2062194.6,288451.72,92721632.0,16707,64538,83240.44,1685194.34,63518.7132,1018.9837,0.3031
2021-12-16,green,Green Boro Taxi,weekday,false,,185,5557.88,564.27,180556.0,111,118,542.79,2658.24,183.2723,4.3365,-2.6088
2021-12-16,yellow,Yellow Medallion Taxi,weekday,false,,10212,297885.42,24797.89,7973950.0,6565,7105,30502.08,151231.62,10012.4208,171.8338,27.7454
2021-12-17,fhvhv,High Volume For Hire Vehicle,weekday,false,,73441,2351412.49,329557.83,105818030.0,18918,73441,95442.76,1922941.95,63524.1143,9930.0503,-13.1646
2021-12-17,green,Green Boro Taxi,weekday,false,,189,5818.18,566.41,185644.0,121,129,691.14,3277.46,182.4636,8.4994,-1.9629
2021-12-17,yellow,Yellow Medallion Taxi,weekday,false,,11606,341311.46,28401.04,9114319.0,7479,8046,35526.38,172309.77,9999.5386,1605.8903,0.5712
2021-12-18,fhvhv,High Volume For Hire Vehicle,weekend,false,,77868,2382522.83,348099.42,101495015.0,20649,77868,98838.24,1940000.5,63532.8012,14348.9471,-13.7483
2021-12-18,green,Green Boro Taxi,weekend,false,,221,6734.07,687.16,201658.0,151,161,877.26,4032.61,181.5084,40.1767,-0.6851
2021-12-18,yellow,Yellow Medallion Taxi,weekend,false,,11974,339603.36,29337.44,8561269.0,7722,8332,35415.23,173859.84,9984.1244,2025.73,-35.8544
2021-12-19,fhvhv,High Volume For Hire Vehicle,weekend,false,,57141,1745229.79,255975.2,74316069.0,14895,57141,70022.86,1423162.25,63543.8633,-6368.7757,-34.0876
2021-12-19,green,Green Boro Taxi,weekend,false,,167,4703.52,497.03,145062.0,93,99,442.29,2301.68,180.5639,-16.604,3.0401
2021-12-19,yellow,Yellow Medallion Taxi,weekend,false,,9086,254838.23,22002.04,6396822.0,5828,6294,26236.92,129446.88,9966.0462,-912.1243,32.0781
2021-12-20,fhvhv,High Volume For Hire Vehicle,weekday,false,,54421,1748676.3,244822.79,78780920.0,14280,54421,70336.84,1429425.38,63558.0001,-9158.3824,21.3823
2021-12-20,green,Green Boro Taxi,weekday,false,,139,4294.41,437.69,130553.0,91,100,508.12,2544.59,179.6386,-32.2391,-8.3995
2021-12-20,yellow,Yellow Medallion Taxi,weekday,false,,8599,253763.96,21044.01,6761134.0,5486,5926,25877.51,127891.62,9949.8098,-1335.0679,-15.7419
2021-12-21,fhvhv,High Volume For Hire Vehicle,weekday,false,,56925,1813766.91,253627.86,81398089.0,14805,56925,73202.1,1481403.35,63581.3028,-6382.6794,-273.6234
2021-12-21,green,Green Boro Taxi,weekday,false,,173,5269.56,530.41,168482.0,111,119,563.4,2733.41,178.7022,-14.4896,8.7874
2021-12-21,yellow,Yellow Medallion Taxi,weekday,false,,8869,262731.82,21869.27,7068492.0,5742,6224,27264.58,134700.37,9948.9219,-1044.863,-35.059
2021-12-22,fhvhv,High Volume For Hire Vehicle,weekday,false,,60399,1927266.33,270019.05,86645231.0,15529,60399,76662.14,1576079.43,63608.8089,-3305.3366,95.5276
2021-12-22,green,Green Boro Taxi,weekday,false,,182,6211.13,618.33,200633.0,114,123,753.82,3547.4,177.8928,6.2447,-2.1375
2021-12-22,yellow,Yellow Medallion Taxi,weekday,false,,9457,279121.69,23372.35,7477971.0,6066,6544,28779.02,141779.02,9962.958,-499.5291,-6.4288
2021-12-23,fhvhv,High Volume For Hire Vehicle,weekday,false,,64806,2073854.97,290417.78,93244046.0,16724,64806,84039.77,1694909.23,63638.9033,1119.4882,47.6085
2021-12-23,green,Green Boro Taxi,weekday,false,,218,7054.28,687.25,229664.0,142,148,808.0,3786.61,177.6599,5.867,34.4731
2021-12-23,yellow,Yellow Medallion Taxi,weekday,false,,10031,296412.12,24453.36,7894624.0,6476,7002,31129.61,152278.79,9975.0897,189.4453,-133.535
2021-12-24,fhvhv,High Volume For Hire Vehicle,weekday,true,Christmas Day (observed),45274,1442840.95,201878.99,64819402.0,11799,45274,58633.5,1179242.22,63668.7707,9611.4644,-28006.2351
2021-12-24,green,Green Boro Taxi,weekday,true,Christmas Day (observed),126,3869.33,386.54,119086.0,84,88,465.95,2114.88,177.7691,9.808,-61.5771
2021-12-24,yellow,Yellow Medallion Taxi,weekday,true,Christmas Day (observed),7134,211876.81,17701.28,5677949.0,4554,4947,21738.12,106842.5,9984.9934,1562.6375,-4413.631
2021-12-25,fhvhv,High Volume For Hire Vehicle,weekend,true,Christmas Day,48596,1496764.93,219761.93,63916157.0,12630,48596,60561.8,1220729.8,63700.5388,14382.2334,-29486.7722
2021-12-25,green,Green Boro Taxi,weekend,true,Christmas Day,128,3540.04,360.97,105971.0,80,93,425.27,2203.42,177.6664,48.4067,-98.0731
2021-12-25,yellow,Yellow Medallion Taxi,weekend,true,Christmas Day,7594,214017.41,18643.76,5424417.0,4883,5280,22017.48,108890.71,9997.1026,2033.7999,-4436.9025
2021-12-26,fhvhv,High Volume For Hire Vehicle,weekend,false,,57456,1758092.99,257565.71,74927035.0,14969,57456,70732.12,1433165.1,63732.5506,-6286.0404,9.4898
2021-12-26,green,Green Boro Taxi,weekend,false,,155,4761.96,502.21,144552.0,110,118,537.05,2760.5,177.3938,-18.1635,-4.2303
2021-12-26,yellow,Yellow Medallion Taxi,weekend,false,,9231,262961.95,22731.73,6637237.0,5913,6404,27229.11,133095.81,10014.0464,-898.5644,115.518
2021-12-27,fhvhv,High Volume For Hire Vehicle,weekday,false,,54668,1751911.02,245359.73,78718406.0,14327,54668,71541.59,1431029.58,63747.5125,-9061.885,-17.6275
2021-12-27,green,Green Boro Taxi,weekday,false,,181,5402.67,538.8,165152.0,116,126,661.57,3071.43,176.9736,-35.0333,39.0597
2021-12-27,yellow,Yellow Medallion Taxi,weekday,false,,8696,256933.55,21488.12,6893699.0,5639,6078,26707.03,131263.96,10034.3035,-1361.228,22.9246
2021-12-28,fhvhv,High Volume For Hire Vehicle,weekday,false,,57482,1838549.19,257213.21,82714095.0,15034,57482,74915.58,1502695.89,63694.5837,-6426.2865,213.7029
2021-12-28,green,Green Boro Taxi,weekday,false,,162,5306.59,533.48,164923.0,110,119,661.24,3195.15,177.3486,-16.2205,0.8718
2021-12-28,yellow,Yellow Medallion Taxi,weekday,false,,8953,266727.25,22119.23,7122143.0,5764,6260,27907.3,136848.95,10048.0799,-1017.139,-77.9409
2021-12-29,fhvhv,High Volume For Hire Vehicle,weekday,false,,60421,1932500.64,270116.94,86876696.0,15638,60421,78738.96,1578452.19,63571.7946,-3253.7136,102.919
2021-12-29,green,Green Boro Taxi,weekday,false,,184,6003.92,610.66,190116.0,122,132,705.48,3278.7,178.885,-0.2523,5.3673
2021-12-29,yellow,Yellow Medallion Taxi,weekday,false,,9576,279628.3,23302.28,7451202.0,6153,6698,28916.8,143200.85,10043.2263,-486.0774,18.8511
2021-12-30,fhvhv,High Volume For Hire Vehicle,weekday,false,,65018,2077909.19,290426.41,93413472.0,16954,65018,84801.06,1697421.8,63416.0011,1085.9228,516.0761
2021-12-30,green,Green Boro Taxi,weekday,false,,168,5290.9,524.59,170189.0,104,117,604.75,3040.84,180.5249,9.7894,-22.3143
2021-12-30,yellow,Yellow Medallion Taxi,weekday,false,,10321,304343.11,25279.93,8081645.0,6664,7231,31574.22,156255.21,10027.3451,197.5364,96.1184
2021-12-31,fhvhv,High Volume For Hire Vehicle,weekday,true,New Year's Day (observed),45690,1462075.66,204736.45,65828765.0,11811,45690,59039.43,1195727.53,63258.7354,9467.4569,-27036.1923
2021-12-31,green,Green Boro Taxi,weekday,true,New Year's Day (observed),134,4542.48,456.12,147812.0,87,96,517.88,2581.9,181.7501,12.4542,-60.2042
2021-12-31,yellow,Yellow Medallion Taxi,weekday,true,New Year's Day (observed),7281,215198.28,17772.93,5690392.0,4678,5065,22496.03,109727.56,10009.5463,1541.1825,-4269.7288
2022-01-01,fhvhv,High Volume For Hire Vehicle,weekend,true,New Year's Day,47326,1450443.45,211008.96,61571647.0,12310,47326,58582.14,1176982.8,63109.3473,14356.4726,-30139.8199
2022-01-01,green,Green Boro Taxi,weekend,true,New Year's Day,159,5046.12,537.11,153197.0,105,112,587.86,2987.45,182.7423,52.3615,-76.1038
2022-01-01,yellow,Yellow Medallion Taxi,weekend,true,New Year's Day,7554,214547.02,18413.96,5349961.0,4841,5240,22171.89,108803.92,9990.6257,2043.6535,-4480.2791
2022-01-02,fhvhv,High Volume For Hire Vehicle,weekend,false,,56675,1741177.98,253355.72,73936468.0,14829,56675,70756.71,1412576.43,62958.3664,-6264.8554,-18.511
2022-01-02,green,Green Boro Taxi,weekend,false,,164,4298.09,442.02,128449.0,96,105,430.07,2186.82,183.564,-19.7895,0.2255
2022-01-02,yellow,Yellow Medallion Taxi,weekend,false,,9045,255480.64,21945.07,6429616.0,5769,6260,26346.52,128854.99,9971.6352,-933.2989,6.6637
2022-01-03,fhvhv,High Volume For Hire Vehicle,weekday,false,,53753,1707960.87,237439.67,76270616.0,14030,53753,69044.94,1389582.19,62793.7251,-8888.0483,-152.6768
2022-01-03,green,Green Boro Taxi,weekday,false,,159,5265.47,526.96,169814.0,105,113,624.61,3023.11,184.4208,-37.7614,12.3406
2022-01-03,yellow,Yellow Medallion Taxi,weekday,false,,8525,252462.52,20939.52,6706345.0,5535,5939,26362.46,127699.76,9949.9605,-1377.6226,-47.3379
2022-01-04,fhvhv,High Volume For Hire Vehicle,weekday,false,,56026,1795031.45,250001.77,80359714.0,14503,56026,71617.24,1460960.92,62647.4944,-6374.9769,-246.5175
2022-01-04,green,Green Boro Taxi,weekday,false,,163,4938.67,480.63,154179.0,110,119,604.23,2899.15,185.3516,-19.9165,-2.4351
2022-01-04,yellow,Yellow Medallion Taxi,weekday,false,,9003,264404.34,21870.79,7020687.0,5824,6327,27132.55,134075.33,9922.6148,-993.2982,73.6833
2022-01-05,fhvhv,High Volume For Hire Vehicle,weekday,false,,59211,1901534.84,265189.93,85043871.0,15448,59211,75799.33,1546928.08,62580.9685,-3264.8179,-105.1506
2022-01-05,green,Green Boro Taxi,weekday,false,,159,5062.15,500.31,162012.0,97,110,594.11,3007.3,185.598,-5.8592,-20.7388
2022-01-05,yellow,Yellow Medallion Taxi,weekday,false,,9417,277057.76,22980.54,7390558.0,6057,6569,28487.07,140287.65,9896.4209,-473.3582,-6.0627
2022-01-06,fhvhv,High Volume For Hire Vehicle,weekday,false,,63412,2042138.09,284644.56,91522923.0,16301,63412,81663.35,1661919.87,62570.6,1113.7724,-272.3725
2022-01-06,green,Green Boro Taxi,weekday,false,,206,6576.75,656.4,209493.0,132,138,769.78,3654.57,184.9357,13.6804,7.384
2022-01-06,yellow,Yellow Medallion Taxi,weekday,false,,10023,294300.83,24248.16,7794094.0,6406,6926,29727.97,147773.79,9877.992,243.3049,-98.2969
2022-01-07,fhvhv,High Volume For Hire Vehicle,weekday,false,,71707,2308781.97,321535.45,103402490.0,18539,71707,93243.66,1877821.38,62574.9175,9203.6885,-71.606
2022-01-07,green,Green Boro Taxi,weekday,false,,199,6273.26,621.22,201456.0,121,129,673.05,3358.09,184.1661,13.8203,1.0136
2022-01-07,yellow,Yellow Medallion Taxi,weekday,false,,11378,336199.85,27830.68,8968616.0,7313,7896,34530.42,170217.69,9864.2306,1510.0753,3.6941
2022-01-08,fhvhv,High Volume For Hire Vehicle,weekend,false,,76885,2353098.5,342385.44,99727440.0,19890,76885,93611.43,1908599.41,62589.6125,14335.5236,-40.1362
2022-01-08,green,Green Boro Taxi,weekend,false,,248,7581.42,779.04,227420.0,161,177,929.43,4522.98,183.7082,61.7798,2.512
2022-01-08,yellow,Yellow Medallion Taxi,weekend,false,,11870,340492.96,29391.69,8572544.0,7599,8225,35401.54,172655.6,9852.4369,2057.3876,-39.8245
2022-01-09,fhvhv,High Volume For Hire Vehicle,weekend,false,,56729,1743212.82,254124.29,74010452.0,14743,56729,69679.77,1414962.72,62620.2803,-6335.1555,443.8752
2022-01-09,green,Green Boro Taxi,weekend,false,,163,4866.31,502.12,147241.0,99,109,557.11,2735.38,183.5534,-19.4848,-1.0686
2022-01-09,yellow,Yellow Medallion Taxi,weekend,false,,8821,249729.67,21575.27,6284525.0,5626,6098,25498.36,125846.79,9842.3998,-1006.1646,-15.2352
2022-01-10,fhvhv,High Volume For Hire Vehicle,weekday,false,,54044,1725335.8,240385.82,77180505.0,13864,54044,68159.27,1404770.2,62652.9897,-8646.5764,37.5867
2022-01-10,green,Green Boro Taxi,weekday,false,,136,4412.01,448.01,138667.0,86,89,514.62,2391.7,183.4803,-39.3732,-8.1071
2022-01-10,yellow,Yellow Medallion Taxi,weekday,false,,8452,248321.24,20498.55,6583566.0,5512,5952,25861.07,127385.25,9835.9493,-1371.9198,-12.0295
2022-01-11,fhvhv,High Volume For Hire Vehicle,weekday,false,,56335,1815820.91,253200.95,81473863.0,14665,56335,72348.77,1478550.77,62673.9724,-6302.1677,-36.8047
2022-01-11,green,Green Boro Taxi,weekday,false,,159,5572.15,559.09,178100.0,98,101,670.72,3076.45,183.1746,-20.9656,-3.2089
2022-01-11,yellow,Yellow Medallion Taxi,weekday,false,,8908,261115.92,21565.13,6917845.0,5780,6238,26983.6,132715.35,9832.6207,-994.7253,70.1046
2022-01-12,fhvhv,High Volume For Hire Vehicle,weekday,false,,59416,1906449.17,265865.78,85326762.0,15348,59416,75120.47,1551718.23,62681.524,-3323.4513,57.9273
2022-01-12,green,Green Boro Taxi,weekday,false,,173,5542.96,544.99,179753.0,112,124,637.24,3150.71,182.7115,-10.1049,0.3934
2022-01-12,yellow,Yellow Medallion Taxi,weekday,false,,9329,273517.57,22330.63,7204403.0,6031,6499,28213.35,137397.18,9829.4562,-487.4032,-13.053
2022-01-13,fhvhv,High Volume For Hire Vehicle,weekday,false,,62955,2018755.84,281306.52,90341356.0,16373,62955,80429.18,1642773.22,62675.289,1086.2892,-806.5782
2022-01-13,green,Green Boro Taxi,weekday,false,,211,6713.03,688.54,218847.0,132,147,667.43,3379.73,182.3359,15.4704,13.1937
2022-01-13,yellow,Yellow Medallion Taxi,weekday,false,,10112,299252.68,24729.78,7958671.0,6516,7021,30662.02,151342.95,9824.8694,275.1673,11.9634
2022-01-14,fhvhv,High Volume For Hire Vehicle,weekday,false,,72069,2293889.52,318846.45,102326789.0,18588,72069,92496.21,1864644.15,62660.2553,9267.237,141.5077
2022-01-14,green,Green Boro Taxi,weekday,false,,204,6256.67,628.32,198900.0,130,143,703.18,3669.56,182.1498,19.4891,2.361
2022-01-14,yellow,Yellow Medallion Taxi,weekday,false,,11247,333755.06,27617.94,8928085.0,7129,7715,34275.4,168308.33,9824.3414,1483.1228,-60.4642
2022-01-15,fhvhv,High Volume For Hire Vehicle,weekend,false,,77253,2368502.42,345069.92,100385359.0,20163,77253,95382.4,1921366.98,62643.484,14565.6881,43.8279
2022-01-15,green,Green Boro Taxi,weekend,false,,228,6352.88,638.72,186957.0,157,170,794.94,3808.7,182.0114,50.8528,-4.8641
2022-01-15,yellow,Yellow Medallion Taxi,weekend,false,,12118,343407.31,29654.21,8660906.0,7670,8291,34831.94,172106.27,9828.4249,2194.8769,94.6983
2022-01-16,fhvhv,High Volume For Hire Vehicle,weekend,false,,55977,1710426.7,248724.01,72573836.0,14485,55977,68262.57,1388207.71,62625.491,-6375.3488,-273.1422
2022-01-16,green,Green Boro Taxi,weekend,false,,167,4776.78,483.84,144608.0,108,114,569.69,2726.84,181.7053,-15.2628,0.5575
2022-01-16,yellow,Yellow Medallion Taxi,weekend,false,,8642,248152.84,21458.09,6266762.0,5624,6039,25529.9,126028.67,9834.227,-1077.7418,-114.4851
2022-01-17,fhvhv,High Volume For Hire Vehicle,weekday,true,Martin Luther King Jr. Day,33513,1076147.71,150123.73,48130904.0,8714,33513,43134.87,875574.52,62601.6552,-9158.8557,-19929.7995
2022-01-17,green,Green Boro Taxi,weekday,true,Martin Luther King Jr. Day,91,2602.85,256.46,80284.0,60,62,300.0,1396.27,180.9485,-41.683,-48.2655
2022-01-17,yellow,Yellow Medallion Taxi,weekday,true,Martin Luther King Jr. Day,5261,156237.9,13022.12,4173595.0,3374,3660,16305.03,79932.47,9841.4448,-1360.2343,-3220.2105
2022-01-18,fhvhv,High Volume For Hire Vehicle,weekday,false,,56533,1808037.44,251760.38,80880324.0,14506,56533,71597.35,1471354.69,62571.9923,-6172.6938,133.7015
2022-01-18,green,Green Boro Taxi,weekday,false,,160,5325.25,537.52,171182.0,106,114,623.87,3072.61,179.9451,-16.5604,-3.3847
2022-01-18,yellow,Yellow Medallion Taxi,weekday,false,,8723,260079.3,21587.58,6953140.0,5620,6090,26827.01,132674.3,9851.2198,-1037.0169,-91.2029
2022-01-19,fhvhv,High Volume For Hire Vehicle,weekday,false,,59135,1892548.36,263360.6,84768726.0,15424,59135,75859.74,1540591.19,62545.7686,-3331.6231,-79.1455
2022-01-19,green,Green Boro Taxi,weekday,false,,173,5607.28,550.63,183089.0,109,119,657.43,3222.48,179.1381,-11.8267,5.6886
2022-01-19,yellow,Yellow Medallion Taxi,weekday,false,,9404,277206.26,22706.93,7342662.0,6096,6593,28900.97,142185.93,9862.5499,-534.5468,75.997
2022-01-20,fhvhv,High Volume For Hire Vehicle,weekday,false,,63774,2045561.43,284764.83,91627914.0,16564,63774,81303.6,1664757.4,62534.4346,1120.0835,119.4819
2022-01-20,green,Green Boro Taxi,weekday,false,,188,6670.15,683.29,216339.0,122,129,793.33,3736.05,178.793,11.9675,-2.7605
2022-01-20,yellow,Yellow Medallion Taxi,weekday,false,,10197,303070.79,25056.01,8092375.0,6516,7052,31049.63,153250.77,9875.5303,311.5776,9.8921
2022-01-21,fhvhv,High Volume For Hire Vehicle,weekday,false,,71690,2311012.08,322593.21,103412942.0,18831,71690,94253.04,1879868.66,62543.6603,9288.1063,-141.7666
2022-01-21,green,Green Boro Taxi,weekday,false,,205,6663.86,692.06,215409.0,130,137,685.78,3522.85,178.5564,22.876,3.5676
2022-01-21,yellow,Yellow Medallion Taxi,weekday,false,,11357,338797.96,28252.06,9067710.0,7367,7980,35397.45,173331.08,9889.1141,1488.6144,-20.7284
2022-01-22,fhvhv,High Volume For Hire Vehicle,weekend,false,,77220,2361430.72,344194.11,99992273.0,20143,77220,95674.11,1915996.31,62564.5365,14765.5243,-110.0608
2022-01-22,green,Green Boro Taxi,weekend,false,,216,6306.57,644.78,192447.0,139,148,726.11,3539.63,178.0019,47.3206,-9.3224
2022-01-22,yellow,Yellow Medallion Taxi,weekend,false,,12206,345643.35,29764.94,8704761.0,7823,8497,35572.51,176396.94,9900.4675,2276.6708,28.8617
2022-01-23,fhvhv,High Volume For Hire Vehicle,weekend,false,,56091,1717168.95,250282.56,72736284.0,14628,56091,68957.0,1393190.33,62588.8997,-6389.9346,-107.9651
2022-01-23,green,Green Boro Taxi,weekend,false,,165,4906.74,504.81,147380.0,106,115,597.11,2908.06,177.0844,-13.0827,0.9982
2022-01-23,yellow,Yellow Medallion Taxi,weekend,false,,8829,249806.66,21534.29,6266692.0,5700,6162,26180.14,128237.53,9906.3367,-1123.6859,46.3492
2022-01-24,fhvhv,High Volume For Hire Vehicle,weekday,false,,54062,1739970.48,242672.94,77820093.0,14112,54062,71501.37,1414995.06,62621.1342,-9349.9433,790.8092
2022-01-24,green,Green Boro Taxi,weekday,false,,138,4474.37,444.31,141913.0,79,86,538.16,2384.49,176.3443,-42.9678,4.6234
2022-01-24,yellow,Yellow Medallion Taxi,weekday,false,,8565,251526.39,20562.75,6579578.0,5510,5962,26039.11,127459.74,9911.2017,-1367.3165,21.1148
2022-01-25,fhvhv,High Volume For Hire Vehicle,weekday,false,,56421,1802773.44,250616.96,80594766.0,14671,56421,72930.92,1466073.13,62701.4689,-6277.4513,-3.0176
2022-01-25,green,Green Boro Taxi,weekday,false,,172,5331.02,531.22,173038.0,109,118,585.66,2914.3,176.2179,-12.4414,8.2234
2022-01-25,yellow,Yellow Medallion Taxi,weekday,false,,8840,260862.05,21669.2,6964020.0,5672,6152,26716.52,131758.61,9916.8702,-1068.1034,-8.7668
2022-01-26,fhvhv,High Volume For Hire Vehicle,weekday,false,,59410,1905535.54,265148.06,85315220.0,15498,59410,76897.48,1550204.15,62896.1157,-3391.8114,-94.3043
2022-01-26,green,Green Boro Taxi,weekday,false,,159,5022.13,506.53,157731.0,110,117,585.98,2921.62,176.6178,-12.3498,-5.268
2022-01-26,yellow,Yellow Medallion Taxi,weekday,false,,9275,273513.15,22641.75,7252337.0,5978,6459,27943.23,138426.36,9922.8224,-589.449,-58.3734
2022-01-27,fhvhv,High Volume For Hire Vehicle,weekday,false,,63869,2055033.31,286321.17,92092871.0,16529,63869,82885.25,1672370.43,63126.4673,1180.1158,-437.5831
2022-01-27,green,Green Boro Taxi,weekday,false,,171,5288.77,529.55,166328.0,108,121,613.76,3100.51,177.3249,7.9003,-14.2253
2022-01-27,yellow,Yellow Medallion Taxi,weekday,false,,10026,295226.54,24436.55,7878049.0,6483,7007,30472.4,150462.65,9928.1204,333.6659,-235.7863
2022-01-28,fhvhv,High Volume For Hire Vehicle,weekday,false,,72173,2317414.33,322723.21,103748037.0,18690,72173,92818.29,1885359.11,63366.8656,9678.4855,-872.3511
2022-01-28,green,Green Boro Taxi,weekday,false,,194,6220.71,618.17,199230.0,127,132,737.57,3420.13,178.2104,25.7527,-9.9632
2022-01-28,yellow,Yellow Medallion Taxi,weekday,false,,11470,340819.41,28253.22,9096845.0,7315,7924,34876.26,172016.18,9943.5056,1538.2262,-11.7317
2022-01-29,fhvhv,High Volume For Hire Vehicle,weekend,false,,77461,2375315.82,345759.2,100729322.0,20364,77461,95812.77,1926741.32,63632.2141,15028.1831,-1199.3972
2022-01-29,green,Green Boro Taxi,weekend,false,,228,6634.43,705.33,198963.0,140,155,700.27,3481.3,179.408,46.7791,1.8128
2022-01-29,yellow,Yellow Medallion Taxi,weekend,false,,12275,343757.04,29475.8,8601483.0,7827,8450,35071.12,172339.83,9993.3961,2320.4709,-38.867
2022-01-30,fhvhv,High Volume For Hire Vehicle,weekend,false,,56476,1729527.19,252297.71,73425232.0,14630,56476,68761.8,1405029.1,63921.5256,-6359.3268,-1086.1989
2022-01-30,green,Green Boro Taxi,weekend,false,,177,5311.54,545.45,154572.0,129,134,706.74,3321.36,181.3877,-14.5503,10.1626
2022-01-30,yellow,Yellow Medallion Taxi,weekend,false,,8855,251440.96,21524.35,6241197.0,5731,6159,26299.93,128093.09,10061.9696,-1125.9064,-81.0633
2022-01-31,fhvhv,High Volume For Hire Vehicle,weekday,false,,54277,1745881.04,243400.81,78223346.0,14173,54277,70871.32,1421010.2,64366.3049,-9978.5359,-110.769
2022-01-31,green,Green Boro Taxi,weekday,false,,134,4319.53,425.34,139393.0,87,93,512.02,2541.18,184.2721,-40.6524,-9.6197
2022-01-31,yellow,Yellow Medallion Taxi,weekday,false,,8424,246024.14,20294.53,6517614.0,5432,5888,25608.97,125350.97,10140.1852,-1390.4979,-325.6873
2022-02-01,fhvhv,High Volume For Hire Vehicle,weekday,false,,61082,1957483.37,272310.47,87595017.0,15908,61082,78635.29,1592170.12,64926.7526,-6528.259,2683.5064
2022-02-01,green,Green Boro Taxi,weekday,false,,176,5414.42,534.82,168022.0,118,127,678.71,3213.46,187.5103,-11.6799,0.1696
2022-02-01,yellow,Yellow Medallion Taxi,weekday,false,,9483,281236.0,23228.69,7477466.0,6164,6623,29163.38,143626.09,10218.0396,-1089.7878,354.7482
2022-02-02,fhvhv,High Volume For Hire Vehicle,weekday,false,,64398,2067030.08,287979.22,92580187.0,16680,64398,81959.6,1682373.47,65390.6711,-3457.2557,2464.5846
2022-02-02,green,Green Boro Taxi,weekday,false,,173,5362.07,529.14,169074.0,120,132,646.57,3285.94,190.524,-12.4498,-5.0742
2022-02-02,yellow,Yellow Medallion Taxi,weekday,false,,10118,294383.35,24339.6,7773965.0,6470,6987,29818.68,146305.0,10292.7109,-622.671,447.9601
2022-02-03,fhvhv,High Volume For Hire Vehicle,weekday,false,,69350,2219046.95,309288.0,99187835.0,17875,69350,88253.26,1805535.15,65895.1321,1186.2063,2268.6616
2022-02-03,green,Green Boro Taxi,weekday,false,,204,5850.06,565.91,181229.0,135,144,667.92,3191.68,193.3084,6.1039,4.5877
2022-02-03,yellow,Yellow Medallion Taxi,weekday,false,,10762,316137.36,26109.34,8405584.0,6918,7502,32598.53,160573.85,10369.5138,329.7512,62.735
2022-02-04,fhvhv,High Volume For Hire Vehicle,weekday,false,,78293,2494014.66,347393.96,111460363.0,20148,78293,97854.33,2030287.18,66403.6808,9879.8015,2009.5177
2022-02-04,green,Green Boro Taxi,weekday,false,,233,7126.67,688.39,220755.0,154,168,872.81,4182.54,196.0946,26.6863,10.2191
2022-02-04,yellow,Yellow Medallion Taxi,weekday,false,,12391,364112.19,30030.66,9687099.0,7912,8558,37103.91,183721.13,10455.5903,1574.1984,361.2113
2022-02-05,fhvhv,High Volume For Hire Vehicle,weekend,false,,83603,2570397.53,374591.8,109168651.0,21785,83603,102461.67,2086310.41,66961.561,15168.5641,1472.8749
2022-02-05,green,Green Boro Taxi,weekend,false,,249,7619.05,793.47,237573.0,149,166,832.61,4211.48,198.7675,48.9575,1.275
2022-02-05,yellow,Yellow Medallion Taxi,weekend,false,,13285,378906.65,32534.36,9500755.0,8630,9307,39801.45,194828.76,10543.3512,2352.1355,389.5133
2022-02-06,fhvhv,High Volume For Hire Vehicle,weekend,false,,61323,1884268.71,274357.76,79928606.0,16041,61323,76617.79,1528207.54,67619.5158,-6456.1912,159.6754
2022-02-06,green,Green Boro Taxi,weekend,false,,173,4834.48,483.44,143154.0,110,122,618.48,2827.01,200.9958,-18.6337,-9.3622
2022-02-06,yellow,Yellow Medallion Taxi,weekend,false,,9504,267997.43,23062.59,6680331.0,6121,6579,27725.91,135299.55,10604.0679,-1108.4375,8.3696
2022-02-07,fhvhv,High Volume For Hire Vehicle,weekday,false,,58582,1871201.86,260960.35,83707413.0,15074,58582,74059.08,1523887.49,67929.2546,-9355.0559,7.8013
2022-02-07,green,Green Boro Taxi,weekday,false,,166,4751.06,472.93,151458.0,91,102,472.47,2484.24,202.5848,-35.8149,-0.7698
2022-02-07,yellow,Yellow Medallion Taxi,weekday,false,,9225,271854.72,22547.56,7276687.0,5970,6447,28332.33,139575.03,10655.3261,-1436.5448,6.2188
2022-02-08,fhvhv,High Volume For Hire Vehicle,weekday,false,,61118,1962767.23,273892.78,87755620.0,16093,61118,79694.74,1596818.71,68040.4644,-6940.8718,18.4074
2022-02-08,green,Green Boro Taxi,weekday,false,,196,6181.92,607.28,194656.0,133,140,742.52,3640.56,203.6317,-18.891,11.2593
2022-02-08,yellow,Yellow Medallion Taxi,weekday,false,,9659,284216.49,23480.04,7532790.0,6264,6704,29508.23,144188.7,10704.0446,-1100.1703,55.1257
2022-02-09,fhvhv,High Volume For Hire Vehicle,weekday,false,,64513,2060005.66,286877.67,92036525.0,16673,64513,82341.52,1675895.0,68134.4058,-3636.9598,15.554
2022-02-09,green,Green Boro Taxi,weekday,false,,201,6540.64,641.85,205110.0,137,150,849.68,4063.95,204.1018,-11.8772,8.7753
2022-02-09,yellow,Yellow Medallion Taxi,weekday,false,,10065,297960.76,24677.04,7964792.0,6508,7051,30741.17,150852.71,10745.9487,-629.9882,-50.9604
2022-02-10,fhvhv,High Volume For Hire Vehicle,weekday,false,,69410,2232978.03,311043.0,100096975.0,18033,69410,88747.17,1817361.76,68207.4973,1077.2287,125.274
2022-02-10,green,Green Boro Taxi,weekday,false,,211,7038.71,697.18,222985.0,140,151,867.72,4039.68,203.8294,9.5478,-2.3771
2022-02-10,yellow,Yellow Medallion Taxi,weekday,false,,11100,330649.25,27463.24,8766028.0,7136,7700,34269.79,167676.7,10776.4109,310.0745,13.5146
2022-02-11,fhvhv,High Volume For Hire Vehicle,weekday,false,,78460,2510283.59,349679.6,112330807.0,20253,78460,100204.31,2043276.91,68264.0561,10105.2752,90.6687
2022-02-11,green,Green Boro Taxi,weekday,false,,229,7502.14,765.92,240589.0,128,143,805.08,3923.63,202.893,28.9397,-2.8327
2022-02-11,yellow,Yellow Medallion Taxi,weekday,false,,12502,370040.87,30645.84,9853827.0,8085,8751,38010.21,188142.99,10799.1752,1597.677,105.1478
2022-02-12,fhvhv,High Volume For Hire Vehicle,weekend,false,,83693,2563961.99,373907.05,108753700.0,21556,83693,102200.54,2081673.57,68320.4076,15269.883,102.7094
2022-02-12,green,Green Boro Taxi,weekend,false,,220,6639.91,684.62,202791.0,141,152,783.04,3770.91,201.4039,49.7498,-31.1537
2022-02-12,yellow,Yellow Medallion Taxi,weekend,false,,13253,376409.29,32468.87,9464114.0,8525,9256,39042.14,193119.24,10816.6541,2387.5867,48.7592
2022-02-13,fhvhv,High Volume For Hire Vehicle,weekend,false,,61706,1906916.28,278723.8,81067743.0,15996,61706,75893.84,1548605.99,68379.777,-6617.4712,-56.3058
2022-02-13,green,Green Boro Taxi,weekend,false,,194,5353.04,543.0,159055.0,128,136,637.4,3011.63,199.5524,-24.8455,19.293
2022-02-13,yellow,Yellow Medallion Taxi,weekend,false,,9802,276417.6,23930.06,6993320.0,6289,6797,28492.14,139430.86,10827.5411,-1077.3562,51.8151
2022-02-14,fhvhv,High Volume For Hire Vehicle,weekday,false,,58770,1884855.29,262125.89,84471899.0,15325,58770,76193.39,1533870.75,68434.0179,-8711.2478,-952.77
2022-02-14,green,Green Boro Taxi,weekday,false,,172,6043.19,596.23,199874.0,114,122,715.13,3492.12,197.7209,-27.6164,1.8956
2022-02-14,yellow,Yellow Medallion Taxi,weekday,false,,9373,277792.47,22972.57,7365809.0,6085,6583,28915.06,142731.08,10831.1946,-1475.183,16.9884
2022-02-15,fhvhv,High Volume For Hire Vehicle,weekday,false,,61069,1955345.81,271953.51,87441795.0,15849,61069,78419.8,1590045.37,68474.999,-7184.6713,-221.3277
2022-02-15,green,Green Boro Taxi,weekday,false,,149,4487.78,446.53,136927.0,88,95,550.3,2501.32,195.9444,-27.3806,-19.5638
2022-02-15,yellow,Yellow Medallion Taxi,weekday,false,,9644,284625.08,23663.04,7619401.0,6204,6721,29552.11,144677.06,10826.9221,-1101.7904,-81.1317
2022-02-16,fhvhv,High Volume For Hire Vehicle,weekday,false,,64840,2078414.0,289362.56,92891165.0,17136,64840,84745.05,1689859.92,68502.1723,-3639.9197,-22.2526
2022-02-16,green,Green Boro Taxi,weekday,false,,182,5881.91,592.3,187960.0,104,118,626.32,3129.81,194.2314,-11.9584,-0.273
2022-02-16,yellow,Yellow Medallion Taxi,weekday,false,,10312,301403.84,24814.45,7968489.0,6662,7215,31177.92,153944.25,10814.3888,-595.7434,93.3546
2022-02-17,fhvhv,High Volume For Hire Vehicle,weekday,false,,69828,2239179.84,311808.79,100205751.0,18410,69828,91492.45,1821730.57,68514.8914,1132.7219,180.3867
2022-02-17,green,Green Boro Taxi,weekday,false,,247,7332.75,732.08,230050.0,147,165,777.76,4064.09,192.7087,13.18,41.1113
2022-02-17,yellow,Yellow Medallion Taxi,weekday,false,,11069,327360.93,27156.54,8801794.0,7125,7719,33488.59,165983.36,10795.7364,248.4231,24.8404
2022-02-18,fhvhv,High Volume For Hire Vehicle,weekday,false,,78854,2517124.52,349786.34,112659408.0,20501,78854,101149.84,2048254.53,68517.6311,10011.3486,325.0203
2022-02-18,green,Green Boro Taxi,weekday,false,,221,7052.51,705.82,230061.0,136,152,741.87,3789.97,192.0317,30.2053,-1.237
2022-02-18,yellow,Yellow Medallion Taxi,weekday,false,,12349,363677.6,30065.56,9660766.0,7936,8593,37588.25,184980.82,10771.4105,1585.4429,-7.8533
2022-02-19,fhvhv,High Volume For Hire Vehicle,weekend,false,,84711,2588364.21,376353.07,109656153.0,22222,84711,105137.92,2099173.59,68511.0566,14861.746,1338.1974
2022-02-19,green,Green Boro Taxi,weekend,false,,243,7317.76,760.1,222504.0,152,165,837.97,4161.24,192.1853,50.0826,0.7321
2022-02-19,yellow,Yellow Medallion Taxi,weekend,false,,13170,371542.89,32031.76,9376478.0,8444,9131,37816.92,186930.41,10742.6331,2380.9045,46.4624
2022-02-20,fhvhv,High Volume For Hire Vehicle,weekend,false,,61959,1902604.68,276870.92,80760117.0,16129,61959,76794.77,1543443.91,68491.2922,-6507.3899,-24.9024
2022-02-20,green,Green Boro Taxi,weekend,false,,151,4726.09,501.74,138735.0,108,115,611.36,2968.39,192.8819,-27.6339,-14.248
2022-02-20,yellow,Yellow Medallion Taxi,weekend,false,,9669,274426.37,23673.27,6883327.0,6261,6790,28809.82,141421.44,10708.794,-1030.9455,-8.8485
2022-02-21,fhvhv,High Volume For Hire Vehicle,weekday,true,Washington's Birthday,36470,1168241.16,162870.69,52325814.0,9519,36470,46354.06,951405.66,68456.0482,-8925.2579,-23060.7903
2022-02-21,green,Green Boro Taxi,weekday,true,Washington's Birthday,88,2959.22,300.51,92160.0,60,64,360.18,1748.27,193.875,-18.4167,-87.4583
2022-02-21,yellow,Yellow Medallion Taxi,weekday,true,Washington's Birthday,5781,170516.28,14158.42,4521961.0,3678,4031,17543.38,87073.07,10668.3126,-1480.0424,-3407.2703
2022-02-22,fhvhv,High Volume For Hire Vehicle,weekday,false,,61455,1965158.65,273449.3,87895771.0,16018,61455,78621.45,1598777.45,68396.6341,-6997.2679,55.6338
2022-02-22,green,Green Boro Taxi,weekday,false,,161,5540.99,542.98,179861.0,113,120,704.69,3354.12,194.8189,-34.2661,0.4472
2022-02-22,yellow,Yellow Medallion Taxi,weekday,false,,9613,288647.71,24132.14,7719774.0,6161,6652,29543.2,145380.66,10623.633,-1093.9272,83.2942
2022-02-23,fhvhv,High Volume For Hire Vehicle,weekday,false,,64965,2084232.17,290031.83,93201780.0,17149,64965,85123.12,1694517.11,68317.4988,-3467.2187,114.7199
2022-02-23,green,Green Boro Taxi,weekday,false,,185,5398.47,538.73,168086.0,107,115,571.29,2747.27,195.724,-16.2065,5.4825
2022-02-23,yellow,Yellow Medallion Taxi,weekday,false,,9992,294365.73,24485.98,7844512.0,6437,6992,30376.23,150335.39,10534.4792,-530.1597,-12.3195
2022-02-24,fhvhv,High Volume For Hire Vehicle,weekday,false,,69308,2213056.22,307245.53,98894545.0,18163,69308,89174.64,1798778.21,68234.9026,1178.9265,-105.8292
2022-02-24,green,Green Boro Taxi,weekday,false,,215,6595.89,639.63,211108.0,137,144,788.53,3774.62,196.3622,15.2418,3.396
2022-02-24,yellow,Yellow Medallion Taxi,weekday,false,,11093,329318.03,27374.4,8816018.0,7224,7826,34124.27,169259.78,10371.1147,209.7681,512.1172
2022-02-25,fhvhv,High Volume For Hire Vehicle,weekday,false,,79537,2563353.44,357258.97,114857468.0,20888,79537,104480.28,2085524.51,67269.2419,9780.5236,2487.2345
2022-02-25,green,Green Boro Taxi,weekday,false,,232,7273.04,717.48,234640.0,140,153,811.32,4058.34,196.399,31.2749,4.326
2022-02-25,yellow,Yellow Medallion Taxi,weekday,false,,12561,370344.82,30630.71,9869432.0,8137,8764,38206.11,187839.6,10251.0605,1546.5864,763.3531
2022-02-26,fhvhv,High Volume For Hire Vehicle,weekend,false,,84409,2582409.37,376495.78,109508792.0,21878,84409,103133.68,2096732.81,65843.2386,14417.2095,4148.5519
2022-02-26,green,Green Boro Taxi,weekend,false,,245,7776.74,812.19,233889.0,155,173,961.38,4690.19,195.329,48.2096,1.4614
2022-02-26,yellow,Yellow Medallion Taxi,weekend,false,,13357,377731.2,32444.9,9473723.0,8590,9269,38917.32,190812.19,10145.4777,2310.9773,900.5451
2022-02-27,fhvhv,High Volume For Hire Vehicle,weekend,false,,61741,1879772.55,273547.87,79651078.0,16031,61741,74842.29,1526080.06,65006.5698,-6363.5211,3097.9514
2022-02-27,green,Green Boro Taxi,weekend,false,,169,4906.62,498.37,147200.0,125,134,597.35,3208.3,193.4824,-28.9724,4.4901
2022-02-27,yellow,Yellow Medallion Taxi,weekend,false,,9765,277310.27,23979.46,6997091.0,6245,6772,28795.98,141593.77,10031.7529,-1005.6727,738.9198
2022-02-28,fhvhv,High Volume For Hire Vehicle,weekday,false,,58495,1860766.25,259012.86,83035278.0,15288,58495,74646.3,1513698.99,64302.3913,-8488.0115,2680.6203
2022-02-28,green,Green Boro Taxi,weekday,false,,182,5413.49,528.86,173868.0,108,115,607.92,2936.85,191.7278,-13.3851,3.6573
2022-02-28,yellow,Yellow Medallion Taxi,weekday,false,,9255,274173.07,22612.22,7296583.0,5966,6447,28195.3,138687.46,9895.3317,-1458.7408,818.4091
2022-03-01,fhvhv,High Volume For Hire Vehicle,weekday,false,,54641,1757794.79,245229.84,78707072.0,14245,54641,69815.03,1430553.67,63455.209,-6791.6037,-2022.6053
2022-03-01,green,Green Boro Taxi,weekday,false,,145,4690.23,454.58,147977.0,97,105,589.43,2872.58,190.0856,-33.347,-11.7386
2022-03-01,yellow,Yellow Medallion Taxi,weekday,false,,8626,256429.81,21199.1,6807875.0,5572,6030,26198.88,129849.2,9716.4242,-1047.6446,-42.7797
2022-03-02,fhvhv,High Volume For Hire Vehicle,weekday,false,,57639,1851733.2,257625.79,82842645.0,15052,57639,75277.31,1505363.85,61826.976,-3377.3588,-810.6172
2022-03-02,green,Green Boro Taxi,weekday,false,,165,5236.63,516.36,164717.0,112,118,642.46,3089.54,188.6459,-19.3367,-4.3093
2022-03-02,yellow,Yellow Medallion Taxi,weekday,false,,9195,271083.94,22391.45,7186371.0,5890,6389,27644.41,137159.45,9655.996,-497.2306,36.2346
2022-03-03,fhvhv,High Volume For Hire Vehicle,weekday,false,,62234,2003937.66,279469.3,89727509.0,16145,62234,80300.71,1630406.59,60997.3876,1163.4987,73.1137
2022-03-03,green,Green Boro Taxi,weekday,false,,171,5175.06,524.82,159012.0,109,117,583.06,2974.52,187.2842,15.9536,-32.2378
2022-03-03,yellow,Yellow Medallion Taxi,weekday,false,,9788,288702.59,23827.35,7612059.0,6354,6859,30033.34,147124.96,9657.6228,190.6297,-60.2524
2022-03-04,fhvhv,High Volume For Hire Vehicle,weekday,false,,70429,2261250.1,315404.2,101180278.0,18258,70429,90029.73,1840171.03,61061.6041,9544.87,-177.4741
2022-03-04,green,Green Boro Taxi,weekday,false,,217,6553.32,646.03,209342.0,137,146,740.54,3664.45,185.3201,33.2959,-1.616
2022-03-04,yellow,Yellow Medallion Taxi,weekday,false,,11138,330499.59,27371.15,8786180.0,7249,7831,34747.25,169741.71,9660.201,1525.9106,-48.1116
2022-03-05,fhvhv,High Volume For Hire Vehicle,weekend,false,,75112,2308373.59,336882.76,97894995.0,19548,75112,92871.09,1873384.88,61118.94,13931.2814,61.7786
2022-03-05,green,Green Boro Taxi,weekend,false,,242,6890.35,736.82,202972.0,166,177,754.76,3798.9,183.312,39.778,18.91
2022-03-05,yellow,Yellow Medallion Taxi,weekend,false,,11913,338929.56,29068.25,8484423.0,7640,8267,34995.11,171694.28,9664.4704,2243.3561,5.1735
2022-03-06,fhvhv,High Volume For Hire Vehicle,weekend,false,,55052,1680681.3,245020.54,71192337.0,14312,55052,67252.39,1364410.48,61170.5851,-6207.3812,88.7961
2022-03-06,green,Green Boro Taxi,weekend,false,,195,6363.11,685.29,188445.0,123,134,712.49,3444.69,181.697,-26.5607,39.8637
2022-03-06,yellow,Yellow Medallion Taxi,weekend,false,,8752,246237.3,21374.25,6206214.0,5574,6033,25220.05,123891.16,9671.0385,-988.8338,69.7953
2022-03-07,fhvhv,High Volume For Hire Vehicle,weekday,false,,52774,1694357.63,236190.49,75766414.0,13623,52774,67654.76,1378144.3,61213.0879,-8436.0024,-3.0855
2022-03-07,green,Green Boro Taxi,weekday,false,,133,4287.13,417.67,136353.0,93,96,557.56,2508.07,180.3255,-11.8118,-35.5137
2022-03-07,yellow,Yellow Medallion Taxi,weekday,false,,8190,242065.42,20060.85,6417815.0,5255,5683,24892.23,123114.09,9676.6394,-1456.4307,-30.2087
2022-03-08,fhvhv,High Volume For Hire Vehicle,weekday,false,,54723,1756394.37,244546.78,78651084.0,14285,54723,70598.83,1429113.68,61245.6228,-6547.4151,24.7922
2022-03-08,green,Green Boro Taxi,weekday,false,,155,5148.44,513.93,161819.0,98,107,653.07,2970.54,178.7983,-27.3727,3.5744
2022-03-08,yellow,Yellow Medallion Taxi,weekday,false,,8652,255023.09,21182.84,6779925.0,5534,5996,26166.5,129352.83,9678.5685,-993.2025,-33.366
2022-03-09,fhvhv,High Volume For Hire Vehicle,weekday,false,,58015,1862037.58,259800.77,83278812.0,15114,58015,74561.03,1515196.33,61269.971,-3321.1814,66.2105
2022-03-09,green,Green Boro Taxi,weekday,false,,141,5047.71,500.74,168078.0,92,102,612.52,3013.7,176.9793,-18.4893,-17.49
2022-03-09,yellow,Yellow Medallion Taxi,weekday,false,,9234,273333.15,22754.88,7297784.0,5882,6351,27987.95,138084.49,9678.6255,-500.9875,56.3619
2022-03-10,fhvhv,High Volume For Hire Vehicle,weekday,false,,62536,2012909.47,280056.22,90092850.0,16429,62536,81907.74,1636208.65,61286.7523,1144.0214,105.2263
2022-03-10,green,Green Boro Taxi,weekday,false,,190,5509.71,530.01,172461.0,132,140,654.84,3166.12,175.1275,12.2002,2.6723
2022-03-10,yellow,Yellow Medallion Taxi,weekday,false,,9881,289550.74,23866.54,7666843.0,6345,6893,29518.46,145817.96,9677.9581,180.7626,22.2793
2022-03-11,fhvhv,High Volume For Hire Vehicle,weekday,false,,70631,2257503.09,314715.91,100937421.0,18314,70631,90494.92,1837591.98,61293.2798,9328.7383,8.9819
2022-03-11,green,Green Boro Taxi,weekday,false,,184,5635.83,547.0,176783.0,127,135,711.93,3404.71,174.2586,35.7723,-26.0309
2022-03-11,yellow,Yellow Medallion Taxi,weekday,false,,11327,337923.56,28129.04,9015938.0,7309,7896,35477.15,173043.42,9675.138,1500.3365,151.5255
2022-03-12,fhvhv,High Volume For Hire Vehicle,weekend,false,,74686,2274010.24,330823.21,96097977.0,19673,74686,92505.32,1843616.11,61288.8983,13946.3092,-549.2075
2022-03-12,green,Green Boro Taxi,weekend,false,,198,5595.45,576.0,168731.0,131,139,624.5,3182.78,174.7911,31.3084,-8.0995
2022-03-12,yellow,Yellow Medallion Taxi,weekend,false,,11764,332680.33,28714.39,8361712.0,7454,8077,34106.93,168078.87,9670.6633,2184.258,-90.9213
2022-03-13,fhvhv,High Volume For Hire Vehicle,weekend,false,,55230,1688149.72,245868.18,71543110.0,14340,55230,67565.45,1370012.55,61277.9946,-6165.4279,117.4333
2022-03-13,green,Green Boro Taxi,weekend,false,,147,4288.11,456.94,122265.0,94,102,477.95,2472.37,175.7246,-23.1282,-5.5964
2022-03-13,yellow,Yellow Medallion Taxi,weekend,false,,8580,243024.4,20924.86,6069315.0,5575,6064,25258.58,124694.19,9662.866,-981.3008,-101.5652
2022-03-14,fhvhv,High Volume For Hire Vehicle,weekday,false,,52849,1699301.45,236849.5,76141092.0,13545,52849,67431.66,1383126.02,61264.929,-8453.1298,37.2007
2022-03-14,green,Green Boro Taxi,weekday,false,,166,4902.87,458.54,155965.0,112,118,592.71,2945.8,176.8693,-14.8012,3.9318
2022-03-14,yellow,Yellow Medallion Taxi,weekday,false,,8351,246407.52,20297.78,6497068.0,5367,5784,25637.74,125003.43,9651.9244,-1380.7498,79.8254
2022-03-15,fhvhv,High Volume For Hire Vehicle,weekday,false,,54900,1772784.32,247546.64,79478466.0,14235,54900,70681.58,1443134.13,61251.7037,-6397.0698,45.3661
2022-03-15,green,Green Boro Taxi,weekday,false,,161,5277.95,531.59,169484.0,108,117,625.28,3278.24,178.4796,-19.7182,2.2385
2022-03-15,yellow,Yellow Medallion Taxi,weekday,false,,8773,260203.88,21578.6,6932204.0,5549,6004,26316.59,129159.9,9641.2746,-955.2674,86.9928
2022-03-16,fhvhv,High Volume For Hire Vehicle,weekday,false,,57897,1846325.55,257038.28,82329500.0,15012,57897,74200.13,1500804.66,61245.2243,-3352.4865,4.2622
2022-03-16,green,Green Boro Taxi,weekday,false,,172,5722.97,585.39,179886.0,112,121,676.63,3263.34,180.0379,-15.4738,7.4359
2022-03-16,yellow,Yellow Medallion Taxi,weekday,false,,8962,268382.55,22218.12,7143720.0,5761,6196,27820.74,136416.69,9633.9937,-525.9798,-146.0138
2022-03-17,fhvhv,High Volume For Hire Vehicle,weekday,false,,62117,1994598.39,278222.05,89130466.0,16249,62117,81332.65,1622100.64,61246.4612,1125.0776,-254.5389
2022-03-17,green,Green Boro Taxi,weekday,false,,187,5910.59,576.23,187512.0,116,133,698.89,3481.16,180.9377,9.6312,-3.5689
2022-03-17,yellow,Yellow Medallion Taxi,weekday,false,,9847,292283.19,24381.27,7815679.0,6259,6747,29880.74,146659.76,9629.6754,170.0696,47.255
2022-03-18,fhvhv,High Volume For Hire Vehicle,weekday,false,,70529,2258105.6,314047.45,100975499.0,18307,70529,91760.73,1836182.39,61250.6757,9297.4184,-19.0941
2022-03-18,green,Green Boro Taxi,weekday,false,,223,6707.82,673.15,220614.0,130,140,646.36,3420.13,180.9874,36.4706,5.5419
2022-03-18,yellow,Yellow Medallion Taxi,weekday,false,,11017,323975.89,26613.9,8544717.0,7157,7725,33795.64,165113.57,9627.7525,1481.3619,-92.1144
2022-03-19,fhvhv,High Volume For Hire Vehicle,weekend,false,,75336,2306404.27,335654.16,97668909.0,19743,75336,93576.73,1870020.53,61260.9646,13993.4506,81.5847
2022-03-19,green,Green Boro Taxi,weekend,false,,203,6094.67,624.64,186359.0,136,146,717.38,3769.95,180.4618,20.6808,1.8574
2022-03-19,yellow,Yellow Medallion Taxi,weekend,false,,11784,335945.07,28974.34,8430656.0,7569,8214,34636.88,171857.61,9625.5633,2175.6972,-17.2604
2022-03-20,fhvhv,High Volume For Hire Vehicle,weekend,false,,54848,1665590.68,242324.04,70359957.0,14301,54848,67467.0,1350803.41,61280.2733,-6169.4491,-262.8242
2022-03-20,green,Green Boro Taxi,weekend,false,,168,4481.29,462.05,132074.0,109,120,479.35,2467.27,179.601,-21.9536,10.3525
2022-03-20,yellow,Yellow Medallion Taxi,weekend,false,,8655,244309.49,21095.69,6134164.0,5528,5981,24679.17,121925.08,9625.8396,-993.0604,22.2208
2022-03-21,fhvhv,High Volume For Hire Vehicle,weekday,false,,52900,1705472.73,237969.27,76403393.0,13805,52900,68354.62,1387871.54,61306.1554,-8555.4774,149.3219
2022-03-21,green,Green Boro Taxi,weekday,false,,142,4916.69,496.98,158954.0,95,101,576.64,2815.95,178.362,-16.2481,-20.1139
2022-03-21,yellow,Yellow Medallion Taxi,weekday,false,,8298,245058.54,20399.07,6521220.0,5377,5838,25383.11,125924.02,9632.0429,-1343.2631,9.2201
2022-03-22,fhvhv,High Volume For Hire Vehicle,weekday,false,,55033,1775517.92,247434.62,79573713.0,14386,55033,72142.64,1444390.1,61337.139,-6332.109,27.97
2022-03-22,green,Green Boro Taxi,weekday,false,,161,5208.44,524.74,171773.0,91,100,532.72,2704.27,176.788,-14.4889,-1.2991
2022-03-22,yellow,Yellow Medallion Taxi,weekday,false,,8546,248780.96,20708.41,6649999.0,5438,5892,25095.38,124205.14,9641.4016,-915.0842,-180.3175
2022-03-23,fhvhv,High Volume For Hire Vehicle,weekday,false,,57837,1854362.52,258412.91,82941492.0,15059,57837,74582.83,1508676.49,61369.9474,-3355.0426,-177.9047
2022-03-23,green,Green Boro Taxi,weekday,false,,164,5139.59,507.59,164877.0,101,109,576.71,2809.07,175.2805,-10.1797,-1.1008
2022-03-23,yellow,Yellow Medallion Taxi,weekday,false,,9148,271691.16,22515.29,7244425.0,5882,6389,27917.54,138097.94,9650.5071,-559.4964,56.9894
2022-03-24,fhvhv,High Volume For Hire Vehicle,weekday,false,,62702,2001122.19,278942.92,89493326.0,16101,62702,79044.58,1629437.77,61406.5569,1052.5982,242.8449
2022-03-24,green,Green Boro Taxi,weekday,false,,232,7186.32,720.4,230198.0,143,155,730.2,3674.26,173.9739,8.5869,49.4392
2022-03-24,yellow,Yellow Medallion Taxi,weekday,false,,9765,289418.13,24100.21,7765735.0,6179,6735,29115.66,145443.87,9660.6871,152.1721,-47.8592
2022-03-25,fhvhv,High Volume For Hire Vehicle,weekday,false,,70693,2262761.44,315544.23,101193986.0,18346,70693,90667.45,1841779.23,61452.5706,9287.4671,-47.0377
2022-03-25,green,Green Boro Taxi,weekday,false,,213,6937.58,680.84,226074.0,140,151,809.55,4141.51,173.007,32.8983,7.0947
2022-03-25,yellow,Yellow Medallion Taxi,weekday,false,,11159,330621.98,27542.8,8885575.0,7128,7718,33836.87,166598.74,9669.8919,1453.5914,35.5167
2022-03-26,fhvhv,High Volume For Hire Vehicle,weekend,false,,75486,2308360.64,335962.65,97790078.0,19600,75486,92897.36,1872392.72,61506.5108,14120.2946,-140.8054
2022-03-26,green,Green Boro Taxi,weekend,false,,183,6295.94,665.26,199024.0,114,124,716.48,3414.49,172.4004,21.3666,-10.7671
2022-03-26,yellow,Yellow Medallion Taxi,weekend,false,,11895,331934.52,28624.39,8272942.0,7619,8240,34293.9,168416.94,9678.7765,2182.1376,34.0859
2022-03-27,fhvhv,High Volume For Hire Vehicle,weekend,false,,55394,1699403.21,247782.15,72061220.0,14381,55394,68585.57,1379103.64,61564.799,-6138.3612,-32.4379
2022-03-27,green,Green Boro Taxi,weekend,false,,145,4344.57,438.06,129218.0,100,104,564.89,2575.41,171.8588,-20.8957,-5.9631
2022-03-27,yellow,Yellow Medallion Taxi,weekend,false,,8686,247406.8,21302.89,6148377.0,5620,6059,25533.02,125389.47,9687.7474,-969.3838,-32.3636
2022-03-28,fhvhv,High Volume For Hire Vehicle,weekday,false,,52783,1688506.65,235255.04,75553504.0,13602,52783,66738.84,1374472.13,61630.4844,-8655.7106,-191.7739
2022-03-28,green,Green Boro Taxi,weekday,false,,156,4853.31,495.85,159148.0,82,94,449.5,2285.78,171.0698,-18.5707,3.5008
2022-03-28,yellow,Yellow Medallion Taxi,weekday,false,,8333,246555.16,20552.98,6606860.0,5388,5809,25505.4,125922.99,9696.6838,-1331.4638,-32.22
2022-03-29,fhvhv,High Volume For Hire Vehicle,weekday,false,,55483,1776372.26,247593.31,79196667.0,14419,55483,71430.61,1443370.03,61702.5369,-6324.0811,104.5442
2022-03-29,green,Green Boro Taxi,weekday,false,,165,5030.32,492.28,160568.0,109,118,557.49,2851.21,170.4831,-13.7624,8.2793
2022-03-29,yellow,Yellow Medallion Taxi,weekday,false,,8886,262951.1,21934.81,7055597.0,5650,6141,26768.17,132803.46,9706.5176,-911.7301,91.2125
2022-03-30,fhvhv,High Volume For Hire Vehicle,weekday,false,,58494,1878195.54,261720.52,84026490.0,15288,58494,75833.16,1527813.09,61776.6561,-3332.2606,49.6045
2022-03-30,green,Green Boro Taxi,weekday,false,,164,4698.72,448.74,147368.0,112,120,571.34,2798.24,170.4667,-7.7769,1.3102
2022-03-30,yellow,Yellow Medallion Taxi,weekday,false,,9078,266440.03,22162.4,7084191.0,5841,6316,27460.78,136155.76,9718.7853,-566.357,-74.4283
2022-03-31,fhvhv,High Volume For Hire Vehicle,weekday,false,,62804,2010061.37,279384.09,89881691.0,16439,62804,81408.41,1634253.83,61849.1176,975.6049,-20.7226
2022-03-31,green,Green Boro Taxi,weekday,false,,176,5617.21,556.75,175606.0,114,125,688.75,3475.49,170.7249,8.0447,-2.7696
2022-03-31,yellow,Yellow Medallion Taxi,weekday,false,,9865,290886.44,23971.1,7683380.0,6262,6767,29588.77,145415.26,9732.1114,130.2405,2.6481
2022-04-01,fhvhv,High Volume For Hire Vehicle,weekday,false,,71231,2285843.87,317961.38,102314415.0,18511,71231,91991.16,1858978.46,61914.0925,9251.5497,65.3578
2022-04-01,green,Green Boro Taxi,weekday,false,,187,5935.06,592.45,194408.0,118,128,612.34,3087.67,171.1368,27.9236,-12.0604
2022-04-01,yellow,Yellow Medallion Taxi,weekday,false,,11151,330700.66,27421.25,8824065.0,7148,7704,34140.66,166210.13,9746.8998,1451.499,-47.3988
2022-04-02,fhvhv,High Volume For Hire Vehicle,weekend,false,,76323,2319027.53,337059.54,98132201.0,19776,76323,93475.08,1881430.04,61969.17,14280.9873,72.8427
2022-04-02,green,Green Boro Taxi,weekend,false,,240,7137.15,738.96,215661.0,156,171,832.39,4166.62,171.5699,26.1472,42.2829
2022-04-02,yellow,Yellow Medallion Taxi,weekend,false,,11972,344468.13,29732.88,8670553.0,7759,8310,36209.38,175137.87,9760.5633,2194.0878,17.3489
2022-04-03,fhvhv,High Volume For Hire Vehicle,weekend,false,,56079,1719633.1,250542.65,72976351.0,14458,56079,69016.85,1395789.26,62016.4709,-6077.9645,140.4936
2022-04-03,green,Green Boro Taxi,weekend,false,,153,4587.03,470.14,140809.0,85,98,534.68,2618.0,172.1413,-21.5178,2.3765
2022-04-03,yellow,Yellow Medallion Taxi,weekend,false,,8841,249724.44,21457.49,6219946.0,5800,6222,25999.19,127249.22,9770.5348,-944.2619,14.7271
2022-04-04,fhvhv,High Volume For Hire Vehicle,weekday,false,,53289,1698572.34,235967.55,75847927.0,13954,53289,68635.85,1380817.76,62056.6112,-8788.4969,20.8856
2022-04-04,green,Green Boro Taxi,weekday,false,,155,4774.74,474.7,150074.0,103,110,516.32,2747.5,173.1604,-19.5085,1.348
2022-04-04,yellow,Yellow Medallion Taxi,weekday,false,,8506,252203.88,20937.76,6701382.0,5584,6022,26843.27,130882.49,9776.5632,-1345.7487,75.1855
2022-04-05,fhvhv,High Volume For Hire Vehicle,weekday,false,,55567,1783054.72,248348.02,79788755.0,14397,55567,72321.27,1450536.56,62092.6253,-6337.6468,-187.9785
2022-04-05,green,Green Boro Taxi,weekday,false,,155,4940.01,499.26,158190.0,103,113,546.95,2731.04,174.3967,-12.5847,-6.812
2022-04-05,yellow,Yellow Medallion Taxi,weekday,false,,8851,260290.96,21671.47,6919553.0,5696,6147,26775.79,131113.66,9780.434,-921.0698,-8.3642
2022-04-06,fhvhv,High Volume For Hire Vehicle,weekday,false,,58884,1887879.17,262519.04,84341893.0,15591,58884,77357.63,1533980.85,62125.7431,-3268.8864,27.1433
2022-04-06,green,Green Boro Taxi,weekday,false,,168,5039.92,501.59,157698.0,102,108,572.95,2721.81,175.4651,-8.0804,0.6154
2022-04-06,yellow,Yellow Medallion Taxi,weekday,false,,9315,275544.59,22903.27,7359319.0,6047,6540,28709.84,141205.93,9780.4687,-585.2834,119.8148
2022-04-07,fhvhv,High Volume For Hire Vehicle,weekday,false,,62999,2021870.39,282082.92,90598483.0,16115,62999,79786.86,1646783.43,62157.3463,874.2821,-32.6284
2022-04-07,green,Green Boro Taxi,weekday,false,,193,6723.16,667.02,215921.0,135,140,855.35,4070.2,176.1768,6.3873,10.4359
2022-04-07,yellow,Yellow Medallion Taxi,weekday,false,,9883,291088.0,24129.09,7733589.0,6393,6883,30140.8,146420.53,9776.4287,140.8614,-34.2901
2022-04-08,fhvhv,High Volume For Hire Vehicle,weekday,false,,71460,2292032.33,319479.68,102537703.0,18552,71460,92456.3,1864957.11,62186.6118,9206.2386,67.1496
2022-04-08,green,Green Boro Taxi,weekday,false,,238,7508.45,774.98,243282.0,132,149,714.19,3852.07,176.7045,24.9929,36.3026
2022-04-08,yellow,Yellow Medallion Taxi,weekday,false,,11248,330390.94,27627.51,8832705.0,7159,7797,33872.63,167371.51,9767.9559,1466.9664,13.0778
2022-04-09,fhvhv,High Volume For Hire Vehicle,weekend,false,,76633,2346790.93,341514.11,99552404.0,19835,76633,95433.75,1904192.39,62209.3311,14465.094,-41.4251
2022-04-09,green,Green Boro Taxi,weekend,false,,212,6918.15,722.87,213565.0,138,149,821.63,3940.6,177.2643,31.7858,2.9499
2022-04-09,yellow,Yellow Medallion Taxi,weekend,false,,11888,341468.98,29472.57,8609774.0,7567,8243,35052.3,174406.85,9757.5828,2203.5797,-73.1625
2022-04-10,fhvhv,High Volume For Hire Vehicle,weekend,false,,56209,1720610.74,250939.75,72840746.0,14601,56209,69246.23,1395932.93,62222.1215,-6050.2844,37.1628
2022-04-10,green,Green Boro Taxi,weekend,false,,154,4804.66,499.32,147876.0,105,118,567.5,2936.16,177.8931,-21.6155,-2.2776
2022-04-10,yellow,Yellow Medallion Taxi,weekend,false,,8872,251635.78,21799.12,6391991.0,5687,6127,25861.86,126577.58,9748.6249,-938.7284,62.1035
2022-04-11,fhvhv,High Volume For Hire Vehicle,weekday,false,,53466,1708869.02,237708.78,76474833.0,13736,53466,68337.09,1390616.45,62227.4317,-8893.3364,131.9047
2022-04-11,green,Green Boro Taxi,weekday,false,,154,4903.91,494.02,158360.0,94,100,510.1,2535.65,178.4053,-19.497,-4.9082
2022-04-11,yellow,Yellow Medallion Taxi,weekday,false,,8343,243528.67,20136.83,6459478.0,5304,5732,24794.39,121980.11,9744.3895,-1361.1459,-40.2436
2022-04-12,fhvhv,High Volume For Hire Vehicle,weekday,false,,56052,1792522.92,249624.1,80077731.0,14391,56052,71637.66,1457816.02,62228.5986,-6366.6716,190.073
2022-04-12,green,Green Boro Taxi,weekday,false,,164,4885.06,476.14,154745.0,108,110,580.1,2799.5,178.7018,-11.5929,-3.1088
2022-04-12,yellow,Yellow Medallion Taxi,weekday,false,,8782,255135.68,21012.29,6726764.0,5739,6193,26870.19,129970.26,9744.7681,-955.7604,-7.0076
2022-04-13,fhvhv,High Volume For Hire Vehicle,weekday,false,,59002,1887364.38,262864.28,84460708.0,15268,59002,75052.59,1536253.28,62224.6717,-3229.2903,6.6186
2022-04-13,green,Green Boro Taxi,weekday,false,,174,5384.0,529.58,172347.0,105,114,614.69,2837.62,179.2062,-10.1653,4.9591
2022-04-13,yellow,Yellow Medallion Taxi,weekday,false,,9085,266279.16,22052.77,7046775.0,5855,6341,27353.39,135250.7,9751.2165,-586.4109,-79.8056
2022-04-14,fhvhv,High Volume For Hire Vehicle,weekday,false,,62894,2018481.58,281190.98,90500463.0,16417,62894,81253.34,1643704.54,62215.8828,818.5753,-140.4582
2022-04-14,green,Green Boro Taxi,weekday,false,,179,6097.36,605.73,197839.0,129,136,743.61,3684.66,180.0721,3.8083,-4.8804
2022-04-14,yellow,Yellow Medallion Taxi,weekday,false,,9920,291635.42,24131.07,7725348.0,6440,6968,30743.64,150140.17,9761.9235,165.4463,-7.3698
2022-04-15,fhvhv,High Volume For Hire Vehicle,weekday,false,,71188,2275208.67,316426.15,101688821.0,18615,71188,91604.91,1850200.23,62209.4457,9223.4868,-244.9325
2022-04-15,green,Green Boro Taxi,weekday,false,,205,6215.48,611.47,195864.0,134,143,724.27,3614.35,180.7832,23.4532,0.7635
2022-04-15,yellow,Yellow Medallion Taxi,weekday,false,,11242,332224.59,27482.09,8839530.0,7207,7790,34371.07,169306.87,9776.2062,1494.1602,-28.3665
2022-04-16,fhvhv,High Volume For Hire Vehicle,weekend,false,,76896,2364180.9,345037.4,100335117.0,19870,76896,94185.77,1919208.56,62210.7768,14589.0244,96.1988
2022-04-16,green,Green Boro Taxi,weekend,false,,223,6755.78,697.46,206049.0,152,159,812.36,3779.34,181.1801,36.4218,5.3981
2022-04-16,yellow,Yellow Medallion Taxi,weekend,false,,12073,341850.24,29381.09,8504601.0,7864,8471,35811.42,174911.15,9794.735,2200.5494,77.7156
2022-04-17,fhvhv,High Volume For Hire Vehicle,weekend,false,,56172,1725593.89,251343.65,73337409.0,14537,56172,68995.7,1401008.01,62223.4122,-6131.3843,79.9721
2022-04-17,green,Green Boro Taxi,weekend,false,,162,4708.18,489.82,144369.0,102,109,517.8,2414.42,181.3021,-20.9505,1.6484
2022-04-17,yellow,Yellow Medallion Taxi,weekend,false,,8732,248122.15,21451.94,6237560.0,5663,6091,25626.88,125580.21,9817.4306,-917.7277,-167.7029
2022-04-18,fhvhv,High Volume For Hire Vehicle,weekday,false,,53070,1704306.78,237172.47,76297952.0,13823,53070,69169.93,1386172.81,62250.6676,-8905.8047,-274.8628
2022-04-18,green,Green Boro Taxi,weekday,false,,162,4972.65,487.79,156577.0,107,118,595.21,2902.97,180.9358,-20.5305,1.5947
2022-04-18,yellow,Yellow Medallion Taxi,weekday,false,,8482,248004.78,20484.89,6575102.0,5442,5864,25403.87,125158.32,9840.0122,-1402.8477,44.8354
2022-04-19,fhvhv,High Volume For Hire Vehicle,weekday,false,,55774,1780593.09,247557.67,79616898.0,14358,55774,70742.57,1448424.04,62290.0953,-6361.6219,-154.4734
2022-04-19,green,Green Boro Taxi,weekday,false,,179,5614.17,568.42,178025.0,106,120,628.05,3193.41,180.2537,-9.8674,8.6137
2022-04-19,yellow,Yellow Medallion Taxi,weekday,false,,8863,260355.77,21466.84,6866184.0,5694,6162,26595.42,131760.96,9859.607,-975.0732,-21.5338
2022-04-20,fhvhv,High Volume For Hire Vehicle,weekday,false,,59208,1897859.12,264085.82,85000937.0,15279,59208,75896.21,1544411.86,62334.1332,-3254.0752,127.942
2022-04-20,green,Green Boro Taxi,weekday,false,,161,5210.45,515.26,169350.0,98,104,613.3,3039.93,179.7651,-12.4531,-6.3119
2022-04-20,yellow,Yellow Medallion Taxi,weekday,false,,9282,275973.89,22799.18,7342910.0,5971,6441,28445.59,139386.76,9873.9271,-588.2288,-3.6983
2022-04-21,fhvhv,High Volume For Hire Vehicle,weekday,false,,63315,2033869.5,283641.94,91082882.0,16188,63315,80939.71,1655589.8,62381.9853,850.5182,82.4965
2022-04-21,green,Green Boro Taxi,weekday,false,,175,5578.62,543.8,182423.0,113,125,619.66,3280.82,179.3866,3.0174,-7.404
2022-04-21,yellow,Yellow Medallion Taxi,weekday,false,,10151,297811.01,24724.11,7962876.0,6486,7007,30471.67,149498.79,9883.2038,177.6009,90.1953
2022-04-22,fhvhv,High Volume For Hire Vehicle,weekday,false,,71701,2292553.45,318935.2,102479031.0,18737,71701,93180.29,1864488.93,62429.0959,9292.1506,-20.2465
2022-04-22,green,Green Boro Taxi,weekday,false,,222,7005.46,716.99,226303.0,128,140,722.14,3617.97,179.0592,22.0997,20.8411
2022-04-22,yellow,Yellow Medallion Taxi,weekday,false,,11466,336572.43,27729.65,8917331.0,7367,7966,34459.44,169177.24,9888.7614,1515.5802,61.6584
2022-04-23,fhvhv,High Volume For Hire Vehicle,weekend,false,,76188,2332249.16,339519.64,98861513.0,19879,76188,94220.53,1892096.46,62474.1068,14571.095,-857.2018
2022-04-23,green,Green Boro Taxi,weekend,false,,199,5981.05,620.39,182362.0,127,140,690.97,3640.02,178.7536,39.6419,-19.3954
2022-04-23,yellow,Yellow Medallion Taxi,weekend,false,,12085,340317.27,29222.43,8519593.0,7798,8418,35392.97,173431.09,9890.7722,2204.259,-10.0312
2022-04-24,fhvhv,High Volume For Hire Vehicle,weekend,false,,56303,1730860.16,251997.03,73635802.0,14561,56303,69058.79,1405551.71,62516.5483,-6233.6953,20.1471
2022-04-24,green,Green Boro Taxi,weekend,false,,157,4480.44,461.0,130336.0,105,110,540.88,2474.6,178.3245,-18.3985,-2.926
2022-04-24,yellow,Yellow Medallion Taxi,weekend,false,,8986,257138.78,22319.94,6487889.0,5746,6216,26412.94,129646.29,9888.5645,-916.2654,13.7009
2022-04-25,fhvhv,High Volume For Hire Vehicle,weekday,false,,53628,1714795.4,238695.93,76732681.0,13823,53628,68576.67,1395578.97,62548.0272,-8874.4835,-45.5436
2022-04-25,green,Green Boro Taxi,weekday,false,,165,5002.26,507.59,154992.0,106,117,561.34,2833.12,178.0019,-21.9343,8.9324
2022-04-25,yellow,Yellow Medallion Taxi,weekday,false,,8430,249735.57,20554.63,6649590.0,5417,5843,25819.22,126306.94,9883.1413,-1429.4365,-23.7047
2022-04-26,fhvhv,High Volume For Hire Vehicle,weekday,false,,56435,1808104.31,251568.55,80922210.0,14682,56435,71785.42,1470912.03,62562.9304,-6388.6494,260.719
2022-04-26,green,Green Boro Taxi,weekday,false,,167,4557.88,447.92,138901.0,106,115,518.87,2396.19,177.8645,-10.9896,0.1252
2022-04-26,yellow,Yellow Medallion Taxi,weekday,false,,8867,260750.54,21684.12,6931029.0,5726,6148,26689.3,130273.35,9875.3244,-970.7833,-37.541
2022-04-27,fhvhv,High Volume For Hire Vehicle,weekday,false,,59267,1895206.85,264263.23,84666671.0,15501,59267,76339.4,1542013.59,62564.4325,-3297.0503,-0.3822
2022-04-27,green,Green Boro Taxi,weekday,false,,166,4889.36,484.3,152786.0,103,111,528.15,2577.57,177.385,-16.4316,5.0465
2022-04-27,yellow,Yellow Medallion Taxi,weekday,false,,9348,277877.96,23065.54,7447391.0,5965,6490,28618.14,140706.57,9866.3687,-588.1882,69.8195
2022-04-28,fhvhv,High Volume For Hire Vehicle,weekday,false,,63382,2028234.01,282014.09,90777320.0,16281,63382,80814.36,1650018.85,62541.4341,938.774,-98.2081
2022-04-28,green,Green Boro Taxi,weekday,false,,186,6011.21,576.42,193125.0,127,137,772.2,3756.4,176.404,5.247,4.349
2022-04-28,yellow,Yellow Medallion Taxi,weekday,false,,10012,296744.9,24572.08,7877490.0,6398,6904,30542.85,148826.68,9859.1912,192.1686,-39.3598
2022-04-29,fhvhv,High Volume For Hire Vehicle,weekday,false,,72204,2321884.95,323813.04,103986541.0,18716,72204,93363.38,1889739.78,62492.0768,9384.587,327.3361
2022-04-29,green,Green Boro Taxi,weekday,false,,184,5922.93,585.97,190231.0,117,129,696.86,3357.47,175.1375,20.6914,-11.8289
2022-04-29,yellow,Yellow Medallion Taxi,weekday,false,,11364,336129.87,27715.98,8912279.0,7305,7902,35009.78,171732.26,9851.4078,1515.9188,-3.3266
2022-04-30,fhvhv,High Volume For Hire Vehicle,weekend,false,,77180,2361319.4,344236.83,99992832.0,20204,77180,95798.04,1915902.51,62435.1667,14462.2484,282.5848
2022-04-30,green,Green Boro Taxi,weekend,false,,219,6847.79,712.67,209862.0,139,153,819.87,4138.89,174.3657,42.325,2.3093
2022-04-30,yellow,Yellow Medallion Taxi,weekend,false,,12029,336306.76,28972.66,8415759.0,7644,8257,34259.35,168014.82,9841.7902,2193.1991,-5.9894
2022-05-01,fhvhv,High Volume For Hire Vehicle,weekend,false,,55835,1702998.01,247920.67,72247242.0,14334,55835,68164.4,1383074.89,62369.312,-6302.5633,-231.7487
2022-05-01,green,Green Boro Taxi,weekend,false,,159,4587.36,474.39,139101.0,101,112,494.76,2674.4,174.5683,-16.968,1.3997
2022-05-01,yellow,Yellow Medallion Taxi,weekend,false,,9043,256024.89,22021.04,6390799.0,5849,6326,26482.89,131255.58,9832.5409,-919.5589,130.018
2022-05-02,fhvhv,High Volume For Hire Vehicle,weekday,false,,53740,1731916.62,241195.45,77645223.0,13961,53740,69943.98,1409106.63,62294.2478,-8812.6007,258.3528
2022-05-02,green,Green Boro Taxi,weekday,false,,139,4097.83,415.84,124981.0,97,104,474.43,2395.68,175.3031,-22.6002,-13.7029
2022-05-02,yellow,Yellow Medallion Taxi,weekday,false,,8291,246647.39,20418.57,6552543.0,5345,5791,25821.86,125370.34,9823.41,-1418.0473,-114.3627
2022-05-03,fhvhv,High Volume For Hire Vehicle,weekday,false,,55523,1786620.37,249057.4,80022306.0,14229,55523,71614.91,1453797.4,62226.3677,-6364.2092,-339.1585
2022-05-03,green,Green Boro Taxi,weekday,false,,132,3935.33,387.06,123101.0,86,99,452.51,2395.83,176.4312,-13.6264,-30.8048
2022-05-03,yellow,Yellow Medallion Taxi,weekday,false,,8944,265626.09,22132.56,7095030.0,5700,6208,27217.77,135165.86,9813.3648,-973.2294,103.8646
2022-05-04,fhvhv,High Volume For Hire Vehicle,weekday,false,,58679,1873125.5,261061.98,83674778.0,15248,58679,74969.22,1524235.55,62168.2292,-3311.5318,-177.6974
2022-05-04,green,Green Boro Taxi,weekday,false,,190,5842.26,594.65,185050.0,112,121,614.21,3044.4,177.8859,-18.4358,30.5499
2022-05-04,yellow,Yellow Medallion Taxi,weekday,false,,9165,272039.93,22458.48,7269096.0,5916,6389,28210.73,138858.9,9804.4473,-579.4607,-59.9866
2022-05-05,fhvhv,High Volume For Hire Vehicle,weekday,false,,63322,2031037.77,283379.51,90857581.0,16417,63322,81452.09,1653088.66,62124.5092,961.5042,235.9866
2022-05-05,green,Green Boro Taxi,weekday,false,,188,5648.84,559.62,179507.0,123,130,637.25,3123.76,179.3221,8.9974,-0.3195
2022-05-05,yellow,Yellow Medallion Taxi,weekday,false,,9955,293267.74,24396.12,7805639.0,6354,6892,30047.93,148645.18,9795.6501,203.0622,-43.7122
2022-05-06,fhvhv,High Volume For Hire Vehicle,weekday,false,,71099,2275716.68,317060.56,101558464.0,18758,71099,92947.26,1849838.18,62102.5837,9468.1517,-471.7354
2022-05-06,green,Green Boro Taxi,weekday,false,,199,6306.58,627.17,200647.0,124,137,739.6,3569.72,180.5748,20.6943,-2.2691
2022-05-06,yellow,Yellow Medallion Taxi,weekday,false,,11325,333799.37,27501.48,8890790.0,7327,7911,34560.02,169051.77,9788.6265,1488.0489,48.3246
2022-05-07,fhvhv,High Volume For Hire Vehicle,weekend,false,,76058,2332242.35,340351.81,98966912.0,19564,76058,92286.94,1894043.67,62101.6114,14316.8775,-360.4888
2022-05-07,green,Green Boro Taxi,weekend,false,,233,6480.47,664.88,193201.0,154,170,737.19,3721.48,181.9989,46.6045,4.3966
2022-05-07,yellow,Yellow Medallion Taxi,weekend,false,,11972,338415.41,29305.96,8531779.0,7717,8351,34636.62,171524.98,9785.7463,2185.899,0.3546
2022-05-08,fhvhv,High Volume For Hire Vehicle,weekend,false,,55897,1712758.94,249665.46,72616925.0,14450,55897,68376.48,1390036.98,62119.23,-6324.7919,102.5619
2022-05-08,green,Green Boro Taxi,weekend,false,,179,5125.58,534.31,152666.0,109,126,570.37,3094.39,182.9992,-19.2366,15.2374
2022-05-08,yellow,Yellow Medallion Taxi,weekend,false,,8753,247816.75,21509.31,6186721.0,5688,6133,25853.81,127155.98,9784.9461,-924.6714,-107.2747
2022-05-09,fhvhv,High Volume For Hire Vehicle,weekday,false,,53304,1703285.48,236792.77,76037263.0,13968,53304,70021.84,1384178.93,62155.1538,-8732.9311,-118.2227
2022-05-09,green,Green Boro Taxi,weekday,false,,162,4999.84,502.73,160704.0,97,106,534.68,2577.36,183.1366,-25.0651,3.9285
2022-05-09,yellow,Yellow Medallion Taxi,weekday,false,,8434,250426.92,20955.86,6710016.0,5438,5888,25908.56,127200.47,9783.5093,-1394.4322,44.9229
2022-05-10,fhvhv,High Volume For Hire Vehicle,weekday,false,,55915,1792873.74,249682.08,80277766.0,14657,55915,71458.65,1459096.58,62198.2357,-6350.4288,67.1931
2022-05-10,green,Green Boro Taxi,weekday,false,,162,4712.78,477.05,147065.0,105,113,508.77,2524.63,182.8122,-16.742,-4.0702
2022-05-10,yellow,Yellow Medallion Taxi,weekday,false,,8784,261052.3,21558.27,6926305.0,5576,6055,26581.89,131117.99,9783.9008,-976.4136,-23.4872
2022-05-11,fhvhv,High Volume For Hire Vehicle,weekday,false,,58953,1890428.27,263443.98,84628716.0,15330,58953,76122.52,1538653.05,62249.1084,-3257.9031,-38.2053
2022-05-11,green,Green Boro Taxi,weekday,false,,155,4901.15,470.98,161239.0,100,103,555.68,2641.97,182.3324,-19.3319,-8.0005
2022-05-11,yellow,Yellow Medallion Taxi,weekday,false,,9231,273503.08,22595.97,7219822.0,5943,6448,28476.87,139405.86,9785.9941,-581.9542,26.9601
2022-05-12,fhvhv,High Volume For Hire Vehicle,weekday,false,,63242,2031277.6,282720.91,91030792.0,16502,63242,80850.49,1653015.3,62306.5561,949.8413,-14.3974
2022-05-12,green,Green Boro Taxi,weekday,false,,197,6334.82,622.85,204865.0,125,134,745.56,3697.87,181.8376,9.2088,5.9536
2022-05-12,yellow,Yellow Medallion Taxi,weekday,false,,10071,297093.76,24719.91,7906157.0,6486,7007,30813.81,150473.94,9789.1203,219.999,61.8807
2022-05-13,fhvhv,High Volume For Hire Vehicle,weekday,false,,72064,2313714.98,322520.15,103629656.0,18594,72064,92004.09,1883400.34,62359.3097,9453.6567,251.0335
2022-05-13,green,Green Boro Taxi,weekday,false,,209,6679.19,660.62,215129.0,139,147,774.08,3702.79,181.5493,25.0525,2.3981
2022-05-13,yellow,Yellow Medallion Taxi,weekday,false,,11165,329215.35,27285.88,8738487.0,7236,7777,34323.54,167017.03,9792.5024,1465.1834,-92.6859
2022-05-14,fhvhv,High Volume For Hire Vehicle,weekend,false,,76532,2344595.7,341963.78,99626683.0,19681,76532,92275.14,1905259.69,62403.0051,14134.2092,-5.2142
2022-05-14,green,Green Boro Taxi,weekend,false,,225,6545.9,694.88,193131.0,144,154,743.42,3587.77,181.6441,50.637,-7.2812
2022-05-14,yellow,Yellow Medallion Taxi,weekend,false,,11955,342065.34,29397.99,8597089.0,7795,8377,36010.55,174991.41,9794.0578,2200.9628,-40.0206
2022-05-15,fhvhv,High Volume For Hire Vehicle,weekend,false,,56052,1723289.42,251103.89,73196521.0,14705,56052,70109.45,1398727.88,62436.4089,-6254.8682,-129.5408
2022-05-15,green,Green Boro Taxi,weekend,false,,152,4198.69,426.96,122480.0,98,106,516.69,2394.22,182.1486,-20.9639,-9.1847
2022-05-15,yellow,Yellow Medallion Taxi,weekend,false,,8885,254507.53,22036.28,6387850.0,5668,6138,25973.27,128771.5,9794.0023,-957.6807,48.6783
2022-05-16,fhvhv,High Volume For Hire Vehicle,weekday,false,,53769,1717680.67,238805.88,76815178.0,13903,53769,68518.95,1397182.38,62458.4292,-8722.3795,32.9503
2022-05-16,green,Green Boro Taxi,weekday,false,,158,5189.03,511.78,166859.0,107,118,638.94,3368.57,182.8225,-26.2573,1.4347
2022-05-16,yellow,Yellow Medallion Taxi,weekday,false,,8478,250034.42,20744.7,6649560.0,5514,5910,26080.63,127086.82,9795.0169,-1358.7793,41.7624
2022-05-17,fhvhv,High Volume For Hire Vehicle,weekday,false,,56266,1809002.38,251895.37,80929174.0,14699,56266,73709.59,1470824.25,62475.9393,-6382.9684,173.0291
2022-05-17,green,Green Boro Taxi,weekday,false,,170,5501.41,564.99,175891.0,108,116,578.98,2931.05,183.1972,-18.769,5.5718
2022-05-17,yellow,Yellow Medallion Taxi,weekday,false,,8784,262193.03,21865.29,7023050.0,5641,6100,27039.29,132924.34,9797.8545,-1003.5384,-10.316
2022-05-18,fhvhv,High Volume For Hire Vehicle,weekday,false,,59428,1908673.0,266251.88,85433820.0,15292,59428,75932.87,1553479.08,62493.5694,-3135.8672,70.2978
2022-05-18,green,Green Boro Taxi,weekday,false,,168,5442.69,557.32,175362.0,111,120,596.42,2998.4,183.0978,-20.385,5.2872
2022-05-18,yellow,Yellow Medallion Taxi,weekday,false,,9191,270170.79,22364.59,7184497.0,5888,6400,27769.59,136667.31,9803.2474,-574.6089,-37.6385
2022-05-19,fhvhv,High Volume For Hire Vehicle,weekday,false,,63337,2038815.61,284405.67,91280344.0,16483,63337,81506.66,1658926.44,62513.7526,891.1328,-67.8854
2022-05-19,green,Green Boro Taxi,weekday,false,,188,5995.64,593.66,195269.0,122,133,681.22,3419.76,182.6382,8.5469,-3.185
2022-05-19,yellow,Yellow Medallion Taxi,weekday,false,,10024,294540.74,24190.96,7736785.0,6533,7032,31061.15,150069.61,9810.8211,232.7133,-19.5344
2022-05-20,fhvhv,High Volume For Hire Vehicle,weekday,false,,71853,2311024.24,322340.34,103390941.0,18845,71853,93580.07,1879935.11,62535.0909,9451.4686,-133.5595
2022-05-20,green,Green Boro Taxi,weekday,false,,218,6965.42,681.82,222470.0,153,163,870.12,4142.77,181.7984,27.7931,8.4085
2022-05-20,yellow,Yellow Medallion Taxi,weekday,false,,11277,328535.38,27122.68,8729827.0,7147,7749,33161.34,164392.96,9819.6127,1461.4198,-4.0325
2022-05-21,fhvhv,High Volume For Hire Vehicle,weekend,false,,76614,2353955.4,343677.34,99912062.0,19855,76614,93304.25,1911493.09,62554.8688,14174.9072,-115.7761
2022-05-21,green,Green Boro Taxi,weekend,false,,242,7072.91,730.75,213888.0,156,166,854.97,4103.24,180.5083,50.9279,10.5637
2022-05-21,yellow,Yellow Medallion Taxi,weekend,false,,12057,344161.36,29901.09,8701871.0,7711,8328,34967.71,173268.92,9830.7707,2234.0426,-7.8133
2022-05-22,fhvhv,High Volume For Hire Vehicle,weekend,false,,56453,1736621.96,253349.55,73672438.0,14704,56453,70144.88,1409166.05,62576.2884,-6231.7635,108.475
2022-05-22,green,Green Boro Taxi,weekend,false,,150,4624.84,478.92,137558.0,104,111,550.58,2580.26,178.9186,-23.1069,-5.8117
2022-05-22,yellow,Yellow Medallion Taxi,weekend,false,,8836,249315.52,21355.58,6204888.0,5745,6217,25794.21,126563.19,9845.082,-980.5192,-28.5628
2022-05-23,fhvhv,High Volume For Hire Vehicle,weekday,false,,53878,1727427.55,240040.34,77264239.0,14167,53878,70549.82,1404093.96,62605.5315,-8740.5425,13.0111
2022-05-23,green,Green Boro Taxi,weekday,false,,147,5288.78,542.62,174613.0,88,98,569.56,2774.45,177.5339,-25.9772,-4.5566
2022-05-23,yellow,Yellow Medallion Taxi,weekday,false,,8479,248113.81,20412.63,6583039.0,5455,5869,25488.39,126007.08,9860.9965,-1377.4871,-4.5094
2022-05-24,fhvhv,High Volume For Hire Vehicle,weekday,false,,56175,1796097.46,249903.64,80418215.0,14508,56175,71105.74,1461981.67,62644.2354,-6494.4975,25.2621
2022-05-24,green,Green Boro Taxi,weekday,false,,151,4801.9,463.65,154482.0,102,108,568.4,2816.39,176.6861,-19.4908,-6.1953
2022-05-24,yellow,Yellow Medallion Taxi,weekday,false,,8858,260862.86,21453.71,6940432.0,5652,6130,26680.64,131011.75,9878.3023,-1020.5879,0.2856
2022-05-25,fhvhv,High Volume For Hire Vehicle,weekday,false,,58963,1893654.86,263755.72,84886380.0,15369,58963,75415.51,1541618.66,62696.5647,-3069.9862,-663.5785
2022-05-25,green,Green Boro Taxi,weekday,false,,157,5128.56,513.63,166340.0,96,109,586.82,2936.95,176.4984,-17.5945,-1.9039
2022-05-25,yellow,Yellow Medallion Taxi,weekday,false,,9381,276587.31,22957.22,7354097.0,6035,6481,28303.63,138314.59,9896.2793,-571.3325,56.0532
2022-05-26,fhvhv,High Volume For Hire Vehicle,weekday,false,,63552,2044136.21,284678.89,91480250.0,16774,63552,83429.5,1662246.84,62805.4625,830.6446,-84.107
2022-05-26,green,Green Boro Taxi,weekday,false,,180,5442.82,544.55,171755.0,118,129,609.32,2962.25,177.3455,7.3149,-4.6604
2022-05-26,yellow,Yellow Medallion Taxi,weekday,false,,9864,291234.69,24147.74,7707651.0,6330,6810,29683.7,146053.21,9913.1119,223.1535,-272.2653
2022-05-27,fhvhv,High Volume For Hire Vehicle,weekday,false,,72300,2316886.39,322981.47,103676960.0,18711,72300,92479.79,1885795.98,62972.7562,9511.2426,-183.9988
2022-05-27,green,Green Boro Taxi,weekday,false,,198,6793.24,669.79,227714.0,125,138,737.19,3915.26,178.9713,29.2486,-10.2199
2022-05-27,yellow,Yellow Medallion Taxi,weekday,false,,11383,336021.47,27740.9,8908315.0,7307,7925,34670.72,170379.46,9928.5008,1492.7511,-38.2519
2022-05-28,fhvhv,High Volume For Hire Vehicle,weekend,false,,76489,2338980.18,340310.87,99221311.0,20026,76489,94145.63,1898238.38,63151.4876,14334.1526,-996.6402
2022-05-28,green,Green Boro Taxi,weekend,false,,231,6869.18,701.93,215508.0,140,151,745.41,3713.01,180.9882,48.2311,1.7807
2022-05-28,yellow,Yellow Medallion Taxi,weekend,false,,12222,347471.0,29894.33,8731266.0,7764,8429,35379.75,175550.85,9945.487,2280.1166,-3.6036
2022-05-29,fhvhv,High Volume For Hire Vehicle,weekend,false,,56367,1737307.19,253182.32,73827102.0,14797,56367,69670.74,1409842.72,63328.838,-6253.9134,-707.9247
2022-05-29,green,Green Boro Taxi,weekend,false,,170,5776.13,602.95,181627.0,115,124,688.13,3069.71,183.099,-22.6428,9.5438
2022-05-29,yellow,Yellow Medallion Taxi,weekend,false,,8994,257017.56,22168.61,6504818.0,5809,6269,27133.74,131287.95,9965.4202,-1005.589,34.1689
2022-05-30,fhvhv,High Volume For Hire Vehicle,weekday,true,Memorial Day,33347,1066506.3,148478.46,47567516.0,8760,33347,44022.46,866584.17,63511.5952,-8800.0268,-21364.5684
2022-05-30,green,Green Boro Taxi,weekday,true,Memorial Day,92,3041.52,317.8,105391.0,53,63,232.24,1285.57,185.0878,-23.6313,-69.4565
2022-05-30,yellow,Yellow Medallion Taxi,weekday,true,Memorial Day,5334,156570.09,13002.3,4150472.0,3495,3776,16270.38,79999.21,9987.7368,-1408.4624,-3245.2744
2022-05-31,fhvhv,High Volume For Hire Vehicle,weekday,false,,56877,1827402.64,254581.68,81792621.0,14768,56877,73191.13,1486566.22,63708.7845,-6633.3565,-198.428
2022-05-31,green,Green Boro Taxi,weekday,false,,171,5576.55,558.0,181667.0,105,115,626.71,3120.15,186.6769,-20.3481,4.6712
2022-05-31,yellow,Yellow Medallion Taxi,weekday,false,,8932,260722.82,21417.93,6914220.0,5701,6172,26719.42,130938.05,10011.2882,-1017.4927,-61.7955
2022-06-01,fhvhv,High Volume For Hire Vehicle,weekday,false,,61109,1968766.72,274880.51,88107055.0,15867,61109,78959.03,1601835.85,63913.2422,-3051.3463,247.104
2022-06-01,green,Green Boro Taxi,weekday,false,,169,4903.26,464.95,152198.0,122,134,624.71,3062.9,187.6929,-15.3762,-3.3167
2022-06-01,yellow,Yellow Medallion Taxi,weekday,false,,9405,278425.89,23120.38,7434357.0,6040,6547,28665.91,141127.89,10034.869,-564.961,-64.908
2022-06-02,fhvhv,High Volume For Hire Vehicle,weekday,false,,65195,2088545.61,291140.54,93152719.0,17053,65195,85331.29,1697261.28,64108.5228,780.441,306.0362
2022-06-02,green,Green Boro Taxi,weekday,false,,202,5818.34,561.04,181448.0,128,140,691.1,3246.02,187.8314,5.0749,9.0937
2022-06-02,yellow,Yellow Medallion Taxi,weekday,false,,10285,299546.27,24555.49,7889650.0,6640,7170,30776.0,150595.5,10058.5954,194.673,31.7316
2022-06-03,fhvhv,High Volume For Hire Vehicle,weekday,false,,74011,2371685.89,330047.8,105890644.0,19374,74011,96572.24,1927161.66,64241.3698,9585.1383,184.4919
2022-06-03,green,Green Boro Taxi,weekday,false,,219,6642.12,670.63,207088.0,133,146,728.65,3638.6,187.1599,28.6068,3.2333
2022-06-03,yellow,Yellow Medallion Taxi,weekday,false,,11715,343136.58,28448.6,9129003.0,7637,8254,35757.48,175514.08,10084.0602,1509.991,120.9487
2022-06-04,fhvhv,High Volume For Hire Vehicle,weekend,false,,78838,2411101.73,351107.59,102267614.0,20337,78838,96272.55,1957191.31,64325.2024,14532.8906,-20.093
2022-06-04,green,Green Boro Taxi,weekend,false,,230,6874.79,715.15,201251.0,163,175,891.87,4187.36,186.2153,41.4095,2.3751
2022-06-04,yellow,Yellow Medallion Taxi,weekend,false,,12466,355493.27,30686.6,8966504.0,7958,8587,36830.42,179504.87,10111.7951,2319.6372,34.5677
2022-06-05,fhvhv,High Volume For Hire Vehicle,weekend,false,,58222,1788491.91,260777.57,75941342.0,15148,58222,71171.9,1451986.27,64381.157,-6317.4714,158.3144
2022-06-05,green,Green Boro Taxi,weekend,false,,158,4495.75,453.82,138909.0,100,106,511.3,2629.72,185.461,-19.4313,-8.0297
2022-06-05,yellow,Yellow Medallion Taxi,weekend,false,,8998,258012.16,22109.44,6466204.0,5784,6247,26651.07,130916.12,10138.3973,-1007.9288,-132.4685
2022-06-06,fhvhv,High Volume For Hire Vehicle,weekday,false,,55628,1773880.67,247176.56,79183973.0,14571,55628,71380.03,1443122.03,64419.3225,-8893.0008,101.6783
2022-06-06,green,Green Boro Taxi,weekday,false,,163,5211.47,496.77,166590.0,112,122,668.62,3196.84,184.7621,-19.4157,-2.3464
2022-06-06,yellow,Yellow Medallion Taxi,weekday,false,,8692,255043.34,21227.18,6802973.0,5602,6051,26064.36,128741.32,10159.6921,-1433.5304,-34.1616
2022-06-07,fhvhv,High Volume For Hire Vehicle,weekday,false,,57805,1855319.47,258658.19,83114432.0,14918,57805,73641.27,1510556.98,64438.3466,-6723.969,90.6224
2022-06-07,green,Green Boro Taxi,weekday,false,,154,4892.34,482.71,153059.0,101,106,572.32,2638.61,184.2858,-18.7628,-11.5229
2022-06-07,yellow,Yellow Medallion Taxi,weekday,false,,9252,276463.27,22896.95,7388052.0,5940,6441,28257.84,140540.08,10173.9304,-1007.1979,85.2675
2022-06-08,fhvhv,High Volume For Hire Vehicle,weekday,false,,61247,1962722.14,272755.61,87930740.0,15996,61247,79482.51,1596803.42,64445.745,-3072.2462,-126.4988
2022-06-08,green,Green Boro Taxi,weekday,false,,177,5423.69,541.58,171238.0,113,119,590.4,2874.97,184.3832,-13.6844,6.3012
2022-06-08,yellow,Yellow Medallion Taxi,weekday,false,,9673,283297.71,23526.38,7570710.0,6132,6661,28803.24,141931.26,10181.5337,-572.18,63.6463
2022-06-09,fhvhv,High Volume For Hire Vehicle,weekday,false,,64939,2067736.25,287572.86,92363230.0,16805,64939,82964.41,1682128.87,64447.9342,797.4705,-306.4047
2022-06-09,green,Green Boro Taxi,weekday,false,,187,5409.63,542.13,171591.0,112,119,553.78,2720.11,185.2769,3.8054,-2.0823
2022-06-09,yellow,Yellow Medallion Taxi,weekday,false,,10364,304574.53,25239.02,8080607.0,6576,7108,31053.62,153069.62,10184.3256,156.9258,22.7486
2022-06-10,fhvhv,High Volume For Hire Vehicle,weekday,false,,74258,2384962.19,332382.62,106699448.0,19377,74258,95857.16,1940055.59,64452.4961,9647.0218,158.4821
2022-06-10,green,Green Boro Taxi,weekday,false,,218,6412.75,616.78,198683.0,142,151,787.21,3807.85,186.4522,29.739,1.8088
2022-06-10,yellow,Yellow Medallion Taxi,weekday,false,,11704,343688.88,28391.28,9096893.0,7471,8093,35347.89,173420.2,10182.4152,1506.0268,15.558
2022-06-11,fhvhv,High Volume For Hire Vehicle,weekend,false,,79301,2427181.73,353888.77,102844413.0,20567,79301,96698.6,1969851.97,64464.2275,14743.535,93.2375
2022-06-11,green,Green Boro Taxi,weekend,false,,209,6071.7,632.86,184165.0,124,135,663.87,3343.48,187.3071,35.2357,-13.5428
2022-06-11,yellow,Yellow Medallion Taxi,weekend,false,,12528,352778.21,30227.28,8821953.0,8123,8738,36491.88,178310.74,10173.4617,2327.1112,27.4271
2022-06-12,fhvhv,High Volume For Hire Vehicle,weekend,false,,57981,1781388.63,259979.8,75494173.0,15114,57981,71631.59,1445319.13,64486.302,-6436.8287,-68.4733
2022-06-12,green,Green Boro Taxi,weekend,false,,174,5233.9,534.5,157968.0,122,130,662.66,3162.1,187.6423,-19.4401,5.7979
2022-06-12,yellow,Yellow Medallion Taxi,weekend,false,,9206,262540.93,22382.26,6499025.0,6007,6447,27587.69,133496.93,10160.3482,-981.4611,27.1129
2022-06-13,fhvhv,High Volume For Hire Vehicle,weekday,false,,55466,1778230.03,247464.62,79482112.0,14542,55466,72157.43,1445612.97,64519.1211,-8948.9764,-104.1447
2022-06-13,green,Green Boro Taxi,weekday,false,,178,5077.79,505.62,158106.0,110,121,552.59,2861.6,187.8049,-19.2842,9.4793
2022-06-13,yellow,Yellow Medallion Taxi,weekday,false,,8733,258481.9,21370.91,6856442.0,5630,6080,26809.86,131742.71,10148.7215,-1410.9629,-4.7586
2022-06-14,fhvhv,High Volume For Hire Vehicle,weekday,false,,57697,1849267.27,257551.3,82840471.0,14851,57697,72891.48,1505471.65,64557.2834,-6653.2709,-207.0125
2022-06-14,green,Green Boro Taxi,weekday,false,,183,5755.0,571.6,179248.0,125,138,702.5,3450.78,187.9505,-17.4257,12.4752
2022-06-14,yellow,Yellow Medallion Taxi,weekday,false,,9064,266170.41,22163.35,7105792.0,5843,6308,27346.1,134314.79,10140.0256,-971.2087,-104.817
2022-06-15,fhvhv,High Volume For Hire Vehicle,weekday,false,,61614,1972433.24,274808.07,88310429.0,16053,61614,77822.29,1605847.88,64595.4685,-3224.2128,242.7443
2022-06-15,green,Green Boro Taxi,weekday,false,,172,5446.16,545.87,176019.0,111,121,589.13,2998.71,188.0393,-10.5514,-5.488
2022-06-15,yellow,Yellow Medallion Taxi,weekday,false,,9543,281622.95,23398.11,7487207.0,6146,6649,29379.6,143278.63,10136.2809,-578.3458,-14.9351
2022-06-16,fhvhv,High Volume For Hire Vehicle,weekday,false,,65465,2096232.73,292215.27,93744125.0,16913,65465,83795.24,1705889.8,64630.8159,835.3372,-1.1531
2022-06-16,green,Green Boro Taxi,weekday,false,,184,5370.38,518.62,175124.0,116,123,563.27,2846.61,187.8575,4.2937,-8.1512
2022-06-16,yellow,Yellow Medallion Taxi,weekday,false,,10139,300727.21,25032.95,8047380.0,6597,7131,31122.27,153660.13,10144.1824,119.8233,-125.0057
2022-06-17,fhvhv,High Volume For Hire Vehicle,weekday,false,,74220,2379134.72,331271.61,106524427.0,19254,74220,95435.58,1936173.36,64658.6563,9650.7578,-89.4141
2022-06-17,green,Green Boro Taxi,weekday,false,,214,6922.57,700.5,223123.0,134,139,756.94,3581.85,187.8131,30.7136,-4.5267
2022-06-17,yellow,Yellow Medallion Taxi,weekday,false,,11609,342145.24,28442.44,9106242.0,7551,8162,35755.09,176395.07,10159.1474,1464.3183,-14.4657
2022-06-18,fhvhv,High Volume For Hire Vehicle,weekend,false,,79736,2433920.21,354577.11,103315678.0,20462,79736,96840.77,1977414.97,64688.1981,14875.8116,171.9903
2022-06-18,green,Green Boro Taxi,weekend,false,,224,6540.27,683.73,195650.0,154,166,752.16,3849.99,187.9181,31.3513,4.7305
2022-06-18,yellow,Yellow Medallion Taxi,weekend,false,,12519,352843.54,30547.1,8920471.0,8066,8748,36306.6,179194.65,10174.6232,2301.6884,42.6884
2022-06-19,fhvhv,High Volume For Hire Vehicle,weekend,true,Juneteenth National Independence Day,35982,1099092.53,159982.09,46656744.0,9334,35982,43493.17,892592.94,64721.5175,-6581.3507,-22158.1668
2022-06-19,green,Green Boro Taxi,weekend,true,Juneteenth National Independence Day,89,2691.2,271.69,82455.0,59,64,330.08,1576.52,188.2933,-18.1817,-81.1116
2022-06-19,yellow,Yellow Medallion Taxi,weekend,true,Juneteenth National Independence Day,5665,160079.56,13831.87,4027728.0,3603,3902,16583.76,81137.4,10191.5167,-960.9493,-3565.5674
2022-06-20,fhvhv,High Volume For Hire Vehicle,weekday,true,Juneteenth National Independence Day (observed),34482,1105277.3,153695.95,49412212.0,9128,34482,45086.36,898422.14,64750.8112,-8947.9693,-21320.8419
2022-06-20,green,Green Boro Taxi,weekday,true,Juneteenth National Independence Day (observed),101,3460.13,350.36,115893.0,56,64,365.82,1872.0,188.7836,-24.0231,-63.7606
2022-06-20,yellow,Yellow Medallion Taxi,weekday,true,Juneteenth National Independence Day (observed),5431,162010.08,13519.5,4330552.0,3500,3798,16837.52,82458.72,10205.1463,-1336.419,-3437.7273
2022-06-21,fhvhv,High Volume For Hire Vehicle,weekday,false,,58259,1865528.27,259567.82,83495224.0,15041,58259,74971.97,1517819.1,64769.9658,-6492.4049,-18.5609
2022-06-21,green,Green Boro Taxi,weekday,false,,170,5228.7,519.77,161816.0,116,124,648.45,3157.83,189.1988,-14.6977,-4.5011
2022-06-21,yellow,Yellow Medallion Taxi,weekday,false,,9337,275896.51,22718.86,7331505.0,6046,6534,28854.47,140855.11,10214.1251,-970.3261,93.201
2022-06-22,fhvhv,High Volume For Hire Vehicle,weekday,false,,61344,1963239.32,273379.68,87730739.0,16097,61344,79215.27,1596649.71,64783.7117,-3318.0218,-121.6899
2022-06-22,green,Green Boro Taxi,weekday,false,,186,5658.13,565.67,180255.0,109,126,624.7,3096.43,189.3318,-10.1692,6.8374
2022-06-22,yellow,Yellow Medallion Taxi,weekday,false,,9640,285670.4,23800.02,7680547.0,6176,6696,29355.11,145775.86,10219.3865,-588.921,9.5345
2022-06-23,fhvhv,High Volume For Hire Vehicle,weekday,false,,65847,2109963.98,293540.21,94411730.0,17114,65847,84978.17,1716199.16,64787.943,967.9655,91.0915
2022-06-23,green,Green Boro Taxi,weekday,false,,197,5445.61,519.05,172342.0,118,130,590.6,2784.79,189.0093,6.1362,1.8545
2022-06-23,yellow,Yellow Medallion Taxi,weekday,false,,10372,305158.13,25286.66,8103296.0,6640,7199,31666.94,154835.21,10217.5744,125.4118,29.0138
2022-06-24,fhvhv,High Volume For Hire Vehicle,weekday,false,,74460,2392089.52,333761.97,107080510.0,19470,74460,96698.11,1947063.24,64776.4877,9557.9621,125.5502
2022-06-24,green,Green Boro Taxi,weekday,false,,233,7511.58,753.87,236645.0,150,160,871.33,4348.42,188.1382,29.113,15.7488
2022-06-24,yellow,Yellow Medallion Taxi,weekday,false,,11881,349233.8,28966.7,9316651.0,7636,8270,36151.91,177739.92,10201.7767,1424.1737,255.0496
2022-06-25,fhvhv,High Volume For Hire Vehicle,weekend,false,,79630,2445803.95,356326.18,103746520.0,20596,79630,98420.69,1984162.12,64756.1407,14704.3703,169.4891
2022-06-25,green,Green Boro Taxi,weekend,false,,213,7024.83,737.04,219495.0,134,147,830.07,3984.43,187.2185,32.4717,-6.6902
2022-06-25,yellow,Yellow Medallion Taxi,weekend,false,,12412,350490.83,30409.6,8797783.0,8013,8671,36031.01,176957.16,10169.6542,2279.8447,-37.4988
2022-06-26,fhvhv,High Volume For Hire Vehicle,weekend,false,,58087,1780115.2,259397.2,75471752.0,15140,58087,71888.49,1444487.17,64726.5027,-6609.1956,-30.3071
2022-06-26,green,Green Boro Taxi,weekend,false,,165,5066.16,520.09,155244.0,105,115,608.95,2768.51,186.2116,-17.8477,-3.3639
2022-06-26,yellow,Yellow Medallion Taxi,weekend,false,,9254,263186.21,22620.13,6615348.0,5925,6423,27126.92,134157.63,10109.1578,-955.836,100.6782
2022-06-27,fhvhv,High Volume For Hire Vehicle,weekday,false,,55741,1786729.04,248971.39,79859596.0,14575,55741,72440.53,1453165.3,64619.4763,-8907.1126,28.6363
2022-06-27,green,Green Boro Taxi,weekday,false,,152,4456.05,450.15,137334.0,94,107,497.38,2574.18,184.986,-25.9621,-7.0239
2022-06-27,yellow,Yellow Medallion Taxi,weekday,false,,8786,258411.76,21329.87,6836117.0,5540,5993,26227.02,129040.77,10035.1698,-1317.3717,68.2019
2022-06-28,fhvhv,High Volume For Hire Vehicle,weekday,false,,58226,1870548.84,260625.01,83776414.0,14975,58226,75087.46,1522226.58,64247.1739,-6335.0525,313.8786
2022-06-28,green,Green Boro Taxi,weekday,false,,172,5364.8,529.81,174992.0,102,112,583.43,3002.65,183.7477,-15.2764,3.5287
2022-06-28,yellow,Yellow Medallion Taxi,weekday,false,,9284,277299.6,22862.9,7364722.0,5977,6450,28817.7,140808.81,9963.8053,-965.6463,285.841
2022-06-29,fhvhv,High Volume For Hire Vehicle,weekday,false,,61256,1981048.47,276544.06,88617169.0,16238,61256,80451.8,1610297.21,63690.4165,-3340.7721,906.3557
2022-06-29,green,Green Boro Taxi,weekday,false,,173,5238.05,523.09,165806.0,106,109,542.88,2604.63,182.9145,-9.8393,-0.0752
2022-06-29,yellow,Yellow Medallion Taxi,weekday,false,,9740,289640.15,24133.41,7722260.0,6239,6772,29593.81,146213.33,9890.5844,-594.3098,443.7255
2022-06-30,fhvhv,High Volume For Hire Vehicle,weekday,false,,65779,2110348.62,294421.43,94350929.0,17017,65779,84741.13,1717031.77,63201.0607,1097.491,1480.4483
2022-06-30,green,Green Boro Taxi,weekday,false,,200,6935.52,690.83,222706.0,130,142,880.37,4141.08,182.465,7.3378,10.1972
2022-06-30,yellow,Yellow Medallion Taxi,weekday,false,,10384,305294.62,25219.94,8113191.0,6677,7209,31661.1,154293.19,9819.0389,140.4976,424.4635
2022-07-01,fhvhv,High Volume For Hire Vehicle,weekday,false,,70098,2256012.42,314241.9,101034391.0,18225,70098,90892.95,1835104.53,62819.6265,9483.7018,-2205.3283
2022-07-01,green,Green Boro Taxi,weekday,false,,199,6256.85,629.28,196935.0,128,141,733.78,3547.22,181.7982,29.2454,-12.0436
2022-07-01,yellow,Yellow Medallion Taxi,weekday,false,,11134,328109.03,27109.3,8683777.0,7208,7767,34171.76,166651.31,9751.6608,1413.0507,-30.7115
2022-07-02,fhvhv,High Volume For Hire Vehicle,weekend,false,,74514,2274998.38,332227.27,96379600.0,19227,74514,89616.57,1848058.7,62448.3631,14377.8274,-2312.1905
2022-07-02,green,Green Boro Taxi,weekend,false,,216,6373.08,643.92,197196.0,145,154,753.16,3746.63,180.7051,36.1383,-0.8435
2022-07-02,yellow,Yellow Medallion Taxi,weekend,false,,11896,338532.32,29156.33,8481728.0,7606,8227,34337.47,169849.82,9679.1018,2280.8067,-63.9086
2022-07-03,fhvhv,High Volume For Hire Vehicle,weekend,false,,54989,1684339.53,245254.21,71545899.0,14254,54989,66750.91,1367748.79,61959.242,-6506.3304,-463.9117
2022-07-03,green,Green Boro Taxi,weekend,false,,167,5204.7,559.44,158212.0,107,119,588.29,3046.45,179.6079,-20.1183,7.5104
2022-07-03,yellow,Yellow Medallion Taxi,weekend,false,,8560,242399.58,20835.26,6061091.0,5568,6031,25130.34,124097.66,9622.7514,-964.9721,-97.7793
2022-07-04,fhvhv,High Volume For Hire Vehicle,weekday,true,Independence Day,32338,1036618.16,144019.25,46360757.0,8536,32338,42654.79,842517.48,61305.2898,-8828.2272,-20139.0626
2022-07-04,green,Green Boro Taxi,weekday,true,Independence Day,106,3282.08,313.1,104016.0,73,74,408.74,1881.46,178.6589,-27.1484,-45.5105
2022-07-04,yellow,Yellow Medallion Taxi,weekday,true,Independence Day,5308,154892.34,12817.79,4096344.0,3446,3720,16161.73,79727.91,9599.8105,-1312.7297,-2979.0807
2022-07-05,fhvhv,High Volume For Hire Vehicle,weekday,false,,54738,1754993.71,244119.97,78482317.0,14353,54738,70913.62,1426845.52,61017.5069,-6240.2192,-39.2877
2022-07-05,green,Green Boro Taxi,weekday,false,,163,5071.81,507.65,157880.0,106,116,620.64,2896.36,177.8279,-17.6154,2.7876
2022-07-05,yellow,Yellow Medallion Taxi,weekday,false,,8588,253935.51,21042.33,6753673.0,5486,5955,26124.44,129331.24,9587.1807,-971.3672,-27.8135
2022-07-06,fhvhv,High Volume For Hire Vehicle,weekday,false,,57461,1837778.41,255910.07,82209475.0,14836,57461,73321.74,1495552.47,60937.9736,-3327.2213,-149.7523
2022-07-06,green,Green Boro Taxi,weekday,false,,157,5264.99,518.93,171979.0,102,112,628.02,3100.84,177.1276,-8.1603,-11.9672
2022-07-06,yellow,Yellow Medallion Taxi,weekday,false,,8973,265908.53,22069.8,7086464.0,5792,6220,27649.1,134542.94,9577.4119,-600.9896,-3.4223
2022-07-07,fhvhv,High Volume For Hire Vehicle,weekday,false,,62052,1974014.95,275004.13,88066649.0,16029,62052,78520.38,1606050.02,60903.6974,1195.8367,-47.5341
2022-07-07,green,Green Boro Taxi,weekday,false,,179,5386.34,537.04,168186.0,119,127,620.69,3114.84,176.4899,6.7553,-4.2452
2022-07-07,yellow,Yellow Medallion Taxi,weekday,false,,9764,286101.81,23747.39,7629782.0,6274,6764,29325.96,143035.46,9572.7473,149.4176,41.835
2022-07-08,fhvhv,High Volume For Hire Vehicle,weekday,false,,70140,2254620.9,314174.38,100913827.0,18232,70140,90957.57,1834085.22,60900.1464,9413.8934,-174.0398
2022-07-08,green,Green Boro Taxi,weekday,false,,207,6306.7,632.37,196702.0,136,142,724.3,3438.17,175.9417,26.9683,4.09
2022-07-08,yellow,Yellow Medallion Taxi,weekday,false,,10948,321357.59,26580.18,8543761.0,6969,7571,32407.15,160859.44,9575.7872,1441.8642,-69.6514
2022-07-09,fhvhv,High Volume For Hire Vehicle,weekend,false,,74791,2292764.35,334940.37,97154550.0,19527,74791,91560.79,1861515.41,60918.674,14091.1989,-218.8729
2022-07-09,green,Green Boro Taxi,weekend,false,,219,6732.11,705.67,202519.0,150,160,794.28,3984.44,176.0462,38.9478,4.006
2022-07-09,yellow,Yellow Medallion Taxi,weekend,false,,11913,335887.53,29004.45,8454962.0,7686,8293,34780.75,170306.13,9583.3327,2293.2644,36.4029
2022-07-10,fhvhv,High Volume For Hire Vehicle,weekend,false,,54928,1689161.2,245889.14,71803119.0,14121,54928,67541.96,1371005.28,60953.0409,-6373.2737,348.2329
2022-07-10,green,Green Boro Taxi,weekend,false,,147,4372.72,449.85,132723.0,96,101,507.01,2513.24,176.9506,-22.1568,-7.7938
2022-07-10,yellow,Yellow Medallion Taxi,weekend,false,,8570,243495.27,20954.19,6051257.0,5492,5944,25077.14,122937.43,9593.6681,-956.7227,-66.9454
2022-07-11,fhvhv,High Volume For Hire Vehicle,weekday,false,,52112,1679342.51,233881.89,75294274.0,13468,52112,66826.54,1366417.09,60987.2295,-8768.8185,-106.411
2022-07-11,green,Green Boro Taxi,weekday,false,,156,4784.07,471.67,147110.0,101,107,591.71,2652.9,178.1667,-21.197,-0.9697
2022-07-11,yellow,Yellow Medallion Taxi,weekday,false,,8222,241638.64,20013.24,6443060.0,5275,5693,24789.64,121674.38,9607.6026,-1356.9702,-28.6324
2022-07-12,fhvhv,High Volume For Hire Vehicle,weekday,false,,54788,1750606.81,244327.91,78145596.0,14211,54788,70395.66,1424444.16,61022.0798,-6249.8519,15.7721
2022-07-12,green,Green Boro Taxi,weekday,false,,153,4603.71,471.36,141726.0,97,109,515.67,2466.52,179.3852,-18.715,-7.6701
2022-07-12,yellow,Yellow Medallion Taxi,weekday,false,,8642,255753.96,21142.94,6814747.0,5499,5948,26383.16,128715.43,9624.623,-999.373,16.7501
2022-07-13,fhvhv,High Volume For Hire Vehicle,weekday,false,,57936,1857831.22,259133.44,83221107.0,15002,57936,74421.85,1513032.53,61062.4506,-3271.3024,144.8518
2022-07-13,green,Green Boro Taxi,weekday,false,,188,5806.61,585.69,183053.0,128,139,642.37,3427.74,180.2538,-7.6866,15.4328
2022-07-13,yellow,Yellow Medallion Taxi,weekday,false,,9041,267352.62,22134.26,7133295.0,5829,6325,27810.47,136875.22,9641.401,-612.5725,12.1715
2022-07-14,fhvhv,High Volume For Hire Vehicle,weekday,false,,61577,1971240.48,274303.22,88232706.0,15845,61577,78696.47,1604009.62,61101.8405,1245.0935,-769.934
2022-07-14,green,Green Boro Taxi,weekday,false,,184,5397.73,539.22,171319.0,108,117,567.32,2700.23,180.7265,4.2364,-0.9629
2022-07-14,yellow,Yellow Medallion Taxi,weekday,false,,9731,291459.13,24207.54,7792440.0,6260,6785,30656.14,149370.56,9654.3807,149.2954,-72.6761
2022-07-15,fhvhv,High Volume For Hire Vehicle,weekday,false,,70539,2249131.02,312814.46,100501460.0,18302,70539,89949.81,1829595.8,61138.0141,9335.7862,65.1997
2022-07-15,green,Green Boro Taxi,weekday,false,,209,6705.16,657.15,210585.0,136,140,801.46,3694.53,180.8412,24.9198,3.2391
2022-07-15,yellow,Yellow Medallion Taxi,weekday,false,,11253,337067.66,28132.15,8996378.0,7300,7884,34993.31,172898.84,9661.6204,1500.8137,90.5659
2022-07-16,fhvhv,High Volume For Hire Vehicle,weekend,false,,74803,2297528.7,335212.4,97412572.0,19340,74803,92399.23,1864415.0,61173.7853,13940.9694,-311.7546
2022-07-16,green,Green Boro Taxi,weekend,false,,226,6586.59,706.08,193754.0,157,162,741.68,3725.46,180.4558,38.5814,6.9628
2022-07-16,yellow,Yellow Medallion Taxi,weekend,false,,12042,341343.49,29458.83,8567876.0,7805,8418,35837.96,174766.94,9664.7409,2278.4983,98.7608
2022-07-17,fhvhv,High Volume For Hire Vehicle,weekend,false,,54931,1687378.71,246573.16,71449427.0,14423,54931,68517.58,1369148.14,61210.1398,-6244.9418,-34.198
2022-07-17,green,Green Boro Taxi,weekend,false,,160,4885.97,515.85,147600.0,105,121,565.42,3016.8,179.3094,-24.5305,5.2212
2022-07-17,yellow,Yellow Medallion Taxi,weekend,false,,8814,248161.7,21476.77,6238254.0,5698,6153,25770.18,126139.72,9663.7701,-927.5567,77.7866
2022-07-18,fhvhv,High Volume For Hire Vehicle,weekday,false,,52694,1690373.17,235325.98,75713496.0,13721,52694,67364.44,1375639.33,61244.5961,-8764.9073,214.3112
2022-07-18,green,Green Boro Taxi,weekday,false,,163,5240.73,518.51,163950.0,112,121,648.89,3201.95,177.464,-16.5412,2.0773
2022-07-18,yellow,Yellow Medallion Taxi,weekday,false,,8256,244177.98,20181.19,6490962.0,5376,5777,25422.43,124151.32,9657.7395,-1386.4257,-15.3138
2022-07-19,fhvhv,High Volume For Hire Vehicle,weekday,false,,54522,1743533.85,243172.08,77795406.0,14396,54522,71133.89,1417849.14,61277.4636,-6245.1882,-510.2754
2022-07-19,green,Green Boro Taxi,weekday,false,,155,5098.13,497.49,165242.0,102,105,605.87,2798.21,175.2523,-18.7993,-1.453
2022-07-19,yellow,Yellow Medallion Taxi,weekday,false,,8618,254317.71,20941.77,6722425.0,5542,5978,26241.19,128161.76,9647.0694,-1019.8975,-9.172
2022-07-20,fhvhv,High Volume For Hire Vehicle,weekday,false,,58104,1862503.09,259332.53,83277532.0,15279,58104,75902.27,1514693.91,61307.3473,-3289.9532,86.6059
2022-07-20,green,Green Boro Taxi,weekday,false,,164,5173.7,533.69,165214.0,96,101,536.43,2496.7,173.3529,-4.9073,-4.4456
2022-07-20,yellow,Yellow Medallion Taxi,weekday,false,,8977,268150.99,22327.01,7182400.0,5869,6339,28111.63,138256.86,9632.9813,-617.6921,-38.2892
2022-07-21,fhvhv,High Volume For Hire Vehicle,weekday,false,,62702,2010028.51,279886.32,89937701.0,16170,62702,80319.94,1635250.51,61334.2518,1229.1296,138.6186
2022-07-21,green,Green Boro Taxi,weekday,false,,173,5480.63,553.78,173312.0,112,120,628.91,3127.05,171.9932,3.4753,-2.4685
2022-07-21,yellow,Yellow Medallion Taxi,weekday,false,,9758,287190.41,23888.54,7661765.0,6275,6803,29990.03,146822.37,9618.253,143.6353,-3.8883
2022-07-22,fhvhv,High Volume For Hire Vehicle,weekday,false,,70643,2265444.87,315320.88,101381845.0,18254,70643,90454.08,1842811.26,61352.8938,9303.8075,-13.7014
2022-07-22,green,Green Boro Taxi,weekday,false,,188,6625.13,649.13,214532.0,127,139,887.59,4070.69,171.2775,24.4246,-7.7021
2022-07-22,yellow,Yellow Medallion Taxi,weekday,false,,11153,331910.63,27575.2,8822931.0,7186,7772,34253.08,169009.5,9607.5917,1537.0146,8.3938
2022-07-23,fhvhv,High Volume For Hire Vehicle,weekend,false,,75616,2309307.5,335716.71,97833846.0,19760,75616,93584.14,1872915.67,61359.1701,14042.7673,214.0626
2022-07-23,green,Green Boro Taxi,weekend,false,,204,5544.03,553.65,164481.0,135,145,672.43,3200.4,171.1572,35.4799,-2.6371
2022-07-23,yellow,Yellow Medallion Taxi,weekend,false,,11722,330092.93,28482.52,8261797.0,7586,8180,33958.57,166775.62,9604.0997,2260.1327,-142.2324
2022-07-24,fhvhv,High Volume For Hire Vehicle,weekend,false,,55031,1683892.04,245121.68,71378624.0,14353,55031,67743.38,1366182.96,61361.423,-6215.8284,-114.5946
2022-07-24,green,Green Boro Taxi,weekend,false,,137,3836.15,395.51,111136.0,91,99,480.56,2257.32,171.4412,-24.5193,-9.9219
2022-07-24,yellow,Yellow Medallion Taxi,weekend,false,,8711,245208.05,21110.98,6108877.0,5609,6074,25166.2,123676.53,9606.7591,-904.4306,8.6715
2022-07-25,fhvhv,High Volume For Hire Vehicle,weekday,false,,52415,1685082.52,234992.66,75533554.0,13613,52415,66917.28,1372096.7,61366.4351,-8755.8616,-195.5735
2022-07-25,green,Green Boro Taxi,weekday,false,,164,4884.53,470.94,152821.0,108,118,595.14,2944.28,172.0177,-17.8804,9.8627
2022-07-25,yellow,Yellow Medallion Taxi,weekday,false,,8224,241419.86,20133.14,6442845.0,5305,5719,24964.68,123149.51,9612.834,-1378.4484,-10.3855
2022-07-26,fhvhv,High Volume For Hire Vehicle,weekday,false,,55353,1780036.27,248014.21,79823297.0,14237,55353,71255.82,1449223.49,61373.2232,-6292.8496,272.6264
2022-07-26,green,Green Boro Taxi,weekday,false,,160,5378.94,534.45,172958.0,112,117,652.94,3092.4,172.9917,-15.8194,2.8277
2022-07-26,yellow,Yellow Medallion Taxi,weekday,false,,8566,255951.91,21436.6,6911510.0,5580,6002,26811.11,131119.75,9621.4521,-1031.826,-23.6261
2022-07-27,fhvhv,High Volume For Hire Vehicle,weekday,false,,57817,1855320.45,258183.93,83079846.0,14975,57817,73992.13,1509389.64,61382.2904,-3281.2359,-284.0545
2022-07-27,green,Green Boro Taxi,weekday,false,,171,6023.12,614.05,195412.0,109,120,727.25,3720.1,174.1529,-4.9086,1.7557
2022-07-27,yellow,Yellow Medallion Taxi,weekday,false,,8989,263578.07,21702.0,6936552.0,5801,6251,27424.2,133777.54,9631.504,-605.1801,-37.3238
2022-07-28,fhvhv,High Volume For Hire Vehicle,weekday,false,,62518,2001788.62,278636.53,89536971.0,16279,62518,80969.25,1628394.64,61392.6261,1184.7731,-59.3992
2022-07-28,green,Green Boro Taxi,weekday,false,,182,5594.39,540.35,177523.0,124,133,686.4,3355.54,175.1674,5.2821,1.5505
2022-07-28,yellow,Yellow Medallion Taxi,weekday,false,,9883,290823.8,24064.23,7760935.0,6255,6763,29849.02,145982.36,9642.3657,130.3217,110.3126
2022-07-29,fhvhv,High Volume For Hire Vehicle,weekday,false,,70717,2265931.58,315492.94,101217076.0,18467,70717,91269.91,1841996.85,61402.576,9261.9006,52.5233
2022-07-29,green,Green Boro Taxi,weekday,false,,199,6102.72,604.89,186460.0,144,153,776.23,3747.97,175.8309,25.018,-1.8489
2022-07-29,yellow,Yellow Medallion Taxi,weekday,false,,11215,329103.6,27335.33,8784289.0,7135,7692,33795.97,164943.67,9653.177,1546.7374,15.0856
2022-07-30,fhvhv,High Volume For Hire Vehicle,weekend,false,,75628,2305596.51,335318.72,97576637.0,19601,75628,92607.4,1869892.24,61411.2933,14110.9477,105.759
2022-07-30,green,Green Boro Taxi,weekend,false,,202,5885.19,603.76,176500.0,138,145,706.38,3408.17,176.0495,33.4281,-7.4776
2022-07-30,yellow,Yellow Medallion Taxi,weekend,false,,11870,336330.64,29133.22,8424795.0,7635,8257,34601.17,170130.83,9660.5558,2237.5729,-28.1287
2022-07-31,fhvhv,High Volume For Hire Vehicle,weekend,false,,55364,1696707.99,247445.26,71940248.0,14491,55364,68716.12,1377229.61,61412.6473,-6181.7017,133.0544
2022-07-31,green,Green Boro Taxi,weekend,false,,163,4867.75,511.13,150124.0,110,123,525.99,3195.44,176.0842,-25.076,11.9918
2022-07-31,yellow,Yellow Medallion Taxi,weekend,false,,8786,250846.61,21421.51,6267155.0,5687,6164,26177.89,128818.58,9664.0106,-923.6175,45.6069
2022-08-01,fhvhv,High Volume For Hire Vehicle,weekday,false,,52663,1689029.7,235611.45,75609247.0,13705,52663,67280.0,1375109.31,61407.9705,-8768.1668,23.1963
2022-08-01,green,Green Boro Taxi,weekday,false,,154,4682.44,473.03,153781.0,86,98,440.45,2257.16,176.3125,-22.8299,0.5174
2022-08-01,yellow,Yellow Medallion Taxi,weekday,false,,8305,245729.59,20370.76,6513187.0,5332,5748,25664.54,125271.01,9664.7711,-1365.3502,5.5791
2022-08-02,fhvhv,High Volume For Hire Vehicle,weekday,false,,55104,1772508.52,246698.47,79468051.0,14202,55104,70919.86,1442350.15,61401.6043,-6310.8815,13.2772
2022-08-02,green,Green Boro Taxi,weekday,false,,161,4734.16,463.96,146045.0,103,110,569.55,2636.14,176.438,-10.393,-5.045
2022-08-02,yellow,Yellow Medallion Taxi,weekday,false,,8614,256757.44,21118.45,6778168.0,5557,6020,26409.77,130592.42,9663.1697,-1031.3401,-17.8296
2022-08-03,fhvhv,High Volume For Hire Vehicle,weekday,false,,58112,1858855.87,258962.1,83192219.0,14963,58112,73508.82,1513252.96,61392.9532,-3234.0318,-46.9214
2022-08-03,green,Green Boro Taxi,weekday,false,,173,5484.49,542.23,174231.0,112,121,665.62,3316.13,176.2067,-8.3017,5.095
2022-08-03,yellow,Yellow Medallion Taxi,weekday,false,,9146,272216.51,22525.35,7232758.0,5865,6356,28377.63,139266.97,9662.6203,-589.1852,72.5649
2022-08-04,fhvhv,High Volume For Hire Vehicle,weekday,false,,62443,2000279.75,278531.13,89465026.0,16281,62443,80671.91,1627205.03,61382.7338,1089.3967,-29.1305
2022-08-04,green,Green Boro Taxi,weekday,false,,179,5737.85,570.65,186094.0,113,124,667.45,3240.68,175.853,7.9013,-4.7543
2022-08-04,yellow,Yellow Medallion Taxi,weekday,false,,9721,287759.21,23747.86,7640207.0,6287,6796,30017.12,147128.97,9665.3698,127.7669,-72.1367
2022-08-05,fhvhv,High Volume For Hire Vehicle,weekday,false,,70460,2263881.48,315740.43,101236758.0,18424,70460,91062.26,1841469.2,61381.2497,9269.1274,-190.3772
2022-08-05,green,Green Boro Taxi,weekday,false,,207,7004.83,700.13,224510.0,137,147,852.71,4301.07,175.5623,27.0369,4.4007
2022-08-05,yellow,Yellow Medallion Taxi,weekday,false,,11138,328689.63,27134.3,8711845.0,7090,7681,33868.03,165996.32,9668.4248,1561.1989,-91.6237
2022-08-06,fhvhv,High Volume For Hire Vehicle,weekend,false,,75506,2319419.49,337915.29,98478392.0,19592,75506,93018.73,1882430.23,61391.9277,14087.3905,26.6818
2022-08-06,green,Green Boro Taxi,weekend,false,,231,6323.12,634.05,191983.0,154,166,691.89,3610.88,175.5147,33.7113,21.7741
2022-08-06,yellow,Yellow Medallion Taxi,weekend,false,,11987,336644.98,28867.39,8370618.0,7685,8317,34448.11,169871.36,9670.558,2232.0819,84.3601
2022-08-07,fhvhv,High Volume For Hire Vehicle,weekend,false,,55170,1706743.71,249514.82,72599174.0,14419,55170,68887.05,1386242.75,61411.5795,-6113.1929,-128.3866
2022-08-07,green,Green Boro Taxi,weekend,false,,143,3816.64,392.28,112388.0,90,96,412.78,2096.4,175.6057,-22.8377,-9.768
2022-08-07,yellow,Yellow Medallion Taxi,weekend,false,,8653,245793.97,21093.75,6189634.0,5519,5956,24993.53,122674.05,9674.042,-943.9271,-77.1149
2022-08-08,fhvhv,High Volume For Hire Vehicle,weekday,false,,52869,1702042.44,237176.41,76337019.0,13748,52869,68075.36,1385609.57,61435.2668,-8797.0034,230.7366
2022-08-08,green,Green Boro Taxi,weekday,false,,140,4239.31,415.25,133467.0,92,98,492.79,2408.11,175.3807,-27.982,-7.3987
2022-08-08,yellow,Yellow Medallion Taxi,weekday,false,,8353,244960.44,20286.89,6522777.0,5404,5815,25091.05,123813.01,9678.4692,-1374.8528,49.3836
2022-08-09,fhvhv,High Volume For Hire Vehicle,weekday,false,,54790,1757257.01,244409.97,78559571.0,14240,54790,71245.41,1428336.58,61464.8466,-6318.3398,-356.5068
2022-08-09,green,Green Boro Taxi,weekday,false,,171,5248.85,503.19,162805.0,102,119,601.39,3057.47,174.7536,-8.3199,4.5663
2022-08-09,yellow,Yellow Medallion Taxi,weekday,false,,8711,257376.98,21307.63,6839812.0,5518,5985,26067.0,129591.13,9683.7311,-1024.8938,52.1628
2022-08-10,fhvhv,High Volume For Hire Vehicle,weekday,false,,58602,1877560.81,261576.4,84000671.0,15340,58602,75463.25,1527802.18,61494.6293,-3144.1137,251.4844
2022-08-10,green,Green Boro Taxi,weekday,false,,162,4899.01,487.47,152966.0,111,118,552.23,2689.0,173.9948,-13.7471,1.7523
2022-08-10,yellow,Yellow Medallion Taxi,weekday,false,,9100,270648.15,22259.05,7159139.0,5926,6430,28174.09,137635.82,9689.2114,-569.8552,-19.3563
2022-08-11,fhvhv,High Volume For Hire Vehicle,weekday,false,,62529,2009061.23,280119.84,89938665.0,16297,62529,80567.56,1634913.24,61522.2432,1026.8713,-20.1145
2022-08-11,green,Green Boro Taxi,weekday,false,,195,6414.5,641.47,200757.0,133,144,796.49,3928.7,173.3911,7.946,13.6629
2022-08-11,yellow,Yellow Medallion Taxi,weekday,false,,9780,291442.88,24215.12,7764148.0,6241,6728,29892.67,146479.89,9691.5787,118.8996,-30.4782
2022-08-12,fhvhv,High Volume For Hire Vehicle,weekday,false,,70926,2278918.39,317998.61,102020795.0,18451,70926,90752.6,1855003.97,61544.5986,9308.1154,73.286
2022-08-12,green,Green Boro Taxi,weekday,false,,203,6771.53,681.73,217552.0,128,137,788.79,3779.88,173.0532,30.3812,-0.4344
2022-08-12,yellow,Yellow Medallion Taxi,weekday,false,,11321,335506.95,27859.05,8914459.0,7433,7987,35472.99,173867.5,9692.0543,1570.9841,57.9616
2022-08-13,fhvhv,High Volume For Hire Vehicle,weekend,false,,75402,2310847.43,336406.59,98018300.0,19783,75402,92920.85,1874914.17,61563.7611,14023.8645,-185.6255
2022-08-13,green,Green Boro Taxi,weekend,false,,201,6547.37,669.34,194065.0,140,147,878.11,4052.7,172.7108,36.6821,-8.3929
2022-08-13,yellow,Yellow Medallion Taxi,weekend,false,,11904,337840.43,29130.79,8421487.0,7696,8326,34971.66,172584.86,9694.3855,2239.6073,-29.9927
2022-08-14,fhvhv,High Volume For Hire Vehicle,weekend,false,,55721,1711919.48,249191.66,72740506.0,14433,55721,68301.11,1389427.54,61580.8514,-6132.5442,272.6928
2022-08-14,green,Green Boro Taxi,weekend,false,,151,4525.73,469.32,138136.0,93,99,514.55,2448.28,172.0913,-21.1044,0.0131
2022-08-14,yellow,Yellow Medallion Taxi,weekend,false,,8724,250996.09,21577.1,6288481.0,5595,6035,26149.22,128340.84,9698.7419,-953.1995,-21.5423
2022-08-15,fhvhv,High Volume For Hire Vehicle,weekday,false,,52562,1686776.1,234789.14,75548699.0,13633,52562,67065.43,1372521.79,61601.017,-8859.7955,-179.2214
2022-08-15,green,Green Boro Taxi,weekday,false,,135,4724.4,497.47,150902.0,92,100,546.48,2774.46,171.6357,-28.6216,-8.0142
2022-08-15,yellow,Yellow Medallion Taxi,weekday,false,,8313,247194.02,20463.47,6569080.0,5313,5786,25320.81,126489.65,9705.4917,-1401.7281,9.2365
2022-08-16,fhvhv,High Volume For Hire Vehicle,weekday,false,,55377,1775502.29,247504.58,79326021.0,14428,55377,72203.97,1443874.57,61623.0759,-6294.5296,48.4536
2022-08-16,green,Green Boro Taxi,weekday,false,,177,5382.77,521.67,171099.0,122,128,636.54,2941.01,171.9469,-10.4788,15.532
2022-08-16,yellow,Yellow Medallion Taxi,weekday,false,,8635,255752.25,21053.3,6774390.0,5522,5992,26181.76,129366.41,9714.7845,-1009.9389,-69.8456
2022-08-17,fhvhv,High Volume For Hire Vehicle,weekday,false,,58484,1875572.81,261011.91,84057154.0,15125,58484,75282.82,1526684.02,61653.4844,-3053.4978,-115.9866
2022-08-17,green,Green Boro Taxi,weekday,false,,147,4613.48,449.2,150708.0,90,97,525.15,2623.45,173.0329,-19.013,-7.0199
2022-08-17,yellow,Yellow Medallion Taxi,weekday,false,,9145,271424.03,22392.36,7181053.0,5931,6429,28085.08,139506.59,9724.1427,-573.5079,-5.6347
2022-08-18,fhvhv,High Volume For Hire Vehicle,weekday,false,,62718,2005859.85,279094.82,89868036.0,16117,62718,79654.6,1633178.18,61690.7258,1009.9954,17.2788
2022-08-18,green,Green Boro Taxi,weekday,false,,179,5401.38,521.5,169741.0,126,138,679.8,3388.77,174.2528,8.1964,-3.4492
2022-08-18,yellow,Yellow Medallion Taxi,weekday,false,,9904,293850.65,24185.31,7808174.0,6407,6909,30536.83,150207.36,9734.361,137.6842,31.9548
2022-08-19,fhvhv,High Volume For Hire Vehicle,weekday,false,,71066,2279993.12,317828.27,101945038.0,18601,71066,91477.51,1854637.42,61730.2334,9413.9288,-78.1622
2022-08-19,green,Green Boro Taxi,weekday,false,,201,6446.95,639.47,203879.0,137,151,788.2,3952.39,175.1722,34.7469,-8.9191
2022-08-19,yellow,Yellow Medallion Taxi,weekday,false,,11360,336473.6,27948.43,8951378.0,7292,7848,34776.25,170401.62,9745.7271,1573.1982,41.0746
2022-08-20,fhvhv,High Volume For Hire Vehicle,weekend,false,,75871,2314702.19,337094.69,97881294.0,19797,75871,93758.48,1877163.2,61764.4105,14029.9795,76.61
2022-08-20,green,Green Boro Taxi,weekend,false,,225,6805.94,696.18,206873.0,146,155,840.97,3872.32,175.8404,36.921,12.2385
2022-08-20,yellow,Yellow Medallion Taxi,weekend,false,,11961,339641.88,29227.97,8502466.0,7677,8279,35264.76,172360.18,9755.5119,2252.2478,-46.7597
2022-08-21,fhvhv,High Volume For Hire Vehicle,weekend,false,,55551,1725417.14,251739.01,73482640.0,14306,55551,68802.4,1400217.54,61792.9947,-6183.3346,-58.6602
2022-08-21,green,Green Boro Taxi,weekend,false,,169,4835.31,504.65,148125.0,101,112,511.83,2554.63,176.6872,-21.5215,13.8342
2022-08-21,yellow,Yellow Medallion Taxi,weekend,false,,8948,251935.04,21667.12,6293379.0,5842,6265,26380.21,127826.51,9761.3571,-959.9081,146.5511
2022-08-22,fhvhv,High Volume For Hire Vehicle,weekday,false,,53015,1700874.08,236767.98,76044352.0,13909,53015,69534.49,1382865.32,61813.4244,-9041.7652,243.3408
2022-08-22,green,Green Boro Taxi,weekday,false,,157,4527.2,452.87,142278.0,95,107,476.48,2364.0,177.7498,-24.7093,3.9595
2022-08-22,yellow,Yellow Medallion Taxi,weekday,false,,8259,244336.66,20285.82,6517443.0,5260,5707,25079.79,123746.06,9762.3452,-1430.3359,-73.0093
2022-08-23,fhvhv,High Volume For Hire Vehicle,weekday,false,,55657,1792155.37,249784.55,80319691.0,14472,55657,71784.93,1458486.78,61832.0214,-6244.5761,69.5547
2022-08-23,green,Green Boro Taxi,weekday,false,,153,4709.53,467.78,144955.0,99,104,583.9,2754.64,178.9832,-14.6083,-11.3749
2022-08-23,yellow,Yellow Medallion Taxi,weekday,false,,8811,259917.37,21586.43,6930003.0,5638,6123,26892.17,133040.55,9759.4304,-1019.2618,70.8314
2022-08-24,fhvhv,High Volume For Hire Vehicle,weekday,false,,58841,1894279.4,263985.88,84874821.0,15179,58841,75907.44,1541397.24,61850.8748,-3099.2287,89.3539
2022-08-24,green,Green Boro Taxi,weekday,false,,154,5106.71,509.61,160382.0,106,116,636.63,2948.79,179.992,-21.5271,-4.4649
2022-08-24,yellow,Yellow Medallion Taxi,weekday,false,,9217,272172.54,22629.38,7259951.0,5868,6369,27934.54,136862.05,9756.6493,-579.3667,39.7174
2022-08-25,fhvhv,High Volume For Hire Vehicle,weekday,false,,62679,2001796.52,278658.76,89328630.0,16447,62679,81158.14,1627305.29,61867.0447,1055.5762,-243.621
2022-08-25,green,Green Boro Taxi,weekday,false,,183,5694.9,558.33,185840.0,122,130,620.64,2998.46,180.7674,7.073,-4.8404
2022-08-25,yellow,Yellow Medallion Taxi,weekday,false,,9896,293143.68,24198.99,7773395.0,6423,6944,30291.32,149406.07,9755.9729,153.7734,-13.7463
2022-08-26,fhvhv,High Volume For Hire Vehicle,weekday,false,,71383,2296346.3,319491.47,102751870.0,18726,71383,92930.66,1866552.75,61887.7254,9505.7514,-10.4768
2022-08-26,green,Green Boro Taxi,weekday,false,,228,7484.26,749.14,238623.0,152,161,886.96,4343.35,181.7801,38.3628,7.8571
2022-08-26,yellow,Yellow Medallion Taxi,weekday,false,,11128,331139.4,27386.98,8816461.0,7222,7795,34978.49,170193.21,9755.8835,1557.2162,-185.0997
2022-08-27,fhvhv,High Volume For Hire Vehicle,weekend,false,,75687,2313766.26,336226.06,98023523.0,19677,75687,92918.23,1875926.27,61966.0375,14144.8369,-423.8744
2022-08-27,green,Green Boro Taxi,weekend,false,,216,6118.6,631.53,185263.0,136,145,659.68,3237.15,183.5484,37.4578,-5.0062
2022-08-27,yellow,Yellow Medallion Taxi,weekend,false,,12027,342414.02,29532.8,8553728.0,7762,8397,35420.23,173834.97,9757.5668,2290.7269,-21.2937
2022-08-28,fhvhv,High Volume For Hire Vehicle,weekend,false,,55777,1712380.89,249424.35,72546098.0,14651,55777,70021.82,1388382.02,62126.6772,-6265.9482,-83.729
2022-08-28,green,Green Boro Taxi,weekend,false,,160,4966.7,519.1,152061.0,99,105,566.23,2647.06,185.8416,-24.5496,-1.2921
2022-08-28,yellow,Yellow Medallion Taxi,weekend,false,,8755,249535.77,21590.75,6245852.0,5623,6082,25504.84,125720.9,9766.6948,-970.437,-41.2578
2022-08-29,fhvhv,High Volume For Hire Vehicle,weekday,false,,52920,1699899.57,236822.68,76150314.0,13626,52920,67517.86,1383484.65,62303.7042,-9092.8887,-290.8155
2022-08-29,green,Green Boro Taxi,weekday,false,,169,5266.25,519.15,161777.0,115,118,697.09,3065.24,188.1581,-17.6094,-1.5487
2022-08-29,yellow,Yellow Medallion Taxi,weekday,false,,8363,250450.77,20732.03,6685499.0,5393,5846,25928.23,127985.62,9783.9039,-1407.8198,-13.0841
2022-08-30,fhvhv,High Volume For Hire Vehicle,weekday,false,,55371,1776188.67,247429.36,79604358.0,14337,55371,71099.99,1446210.24,62465.349,-6271.3324,-823.0166
2022-08-30,green,Green Boro Taxi,weekday,false,,173,5205.12,502.14,165264.0,124,131,622.23,3108.37,190.0163,-18.9635,1.9472
2022-08-30,yellow,Yellow Medallion Taxi,weekday,false,,8782,262335.4,21653.69,6944298.0,5630,6095,27214.05,134266.42,9807.6961,-1038.4855,12.7894
2022-08-31,fhvhv,High Volume For Hire Vehicle,weekday,false,,58476,1881664.02,262492.53,84175219.0,15169,58476,75354.83,1530550.82,62627.3203,-3134.7621,-1016.5582
2022-08-31,green,Green Boro Taxi,weekday,false,,174,5416.46,523.2,172206.0,115,127,681.69,3214.29,191.3709,-21.3782,4.0073
2022-08-31,yellow,Yellow Medallion Taxi,weekday,false,,9153,269953.48,22432.59,7188091.0,5913,6378,27888.38,137121.19,9835.6023,-574.9789,-107.6235
2022-09-01,fhvhv,High Volume For Hire Vehicle,weekday,false,,64268,2057535.23,286233.3,92020352.0,16626,64268,82033.57,1673385.49,62778.998,1071.8824,417.1197
2022-09-01,green,Green Boro Taxi,weekday,false,,205,5935.0,572.48,190224.0,124,133,662.15,3229.86,191.7568,4.9796,8.2636
2022-09-01,yellow,Yellow Medallion Taxi,weekday,false,,10232,302498.35,25119.76,8076863.0,6573,7103,31082.71,152327.17,9860.8941,153.3972,217.7087
2022-09-02,fhvhv,High Volume For Hire Vehicle,weekday,false,,72677,2324914.23,324101.99,103907099.0,18982,72677,93295.4,1891755.4,62926.843,9534.0793,216.0777
2022-09-02,green,Green Boro Taxi,weekday,false,,235,7319.38,721.0,231500.0,155,165,860.11,4349.36,191.1314,42.864,1.0047
2022-09-02,yellow,Yellow Medallion Taxi,weekday,false,,11462,340223.57,28129.53,9054741.0,7363,7926,35266.56,171755.16,9882.1405,1518.1528,61.7067
2022-09-03,fhvhv,High Volume For Hire Vehicle,weekend,false,,77625,2386197.62,347693.47,101158546.0,20295,77625,96906.97,1935072.61,63067.9842,14230.448,326.5678
2022-09-03,green,Green Boro Taxi,weekend,false,,201,6450.88,671.3,190033.0,137,147,823.48,3758.94,190.3336,39.0702,-28.4039
2022-09-03,yellow,Yellow Medallion Taxi,weekend,false,,12281,348108.56,30052.51,8713691.0,7825,8519,35733.97,176227.43,9899.6121,2337.5188,43.8691
2022-09-04,fhvhv,High Volume For Hire Vehicle,weekend,false,,56784,1746797.66,254839.28,74082066.0,14836,56784,70021.39,1417235.31,63143.1596,-6282.8424,-76.3172
2022-09-04,green,Green Boro Taxi,weekend,false,,160,4601.01,469.07,141184.0,99,110,500.99,2632.79,189.6456,-32.7918,3.1462
2022-09-04,yellow,Yellow Medallion Taxi,weekend,false,,8930,255958.01,22079.79,6419473.0,5741,6210,26189.82,130462.68,9914.529,-1011.1614,26.6324
2022-09-05,fhvhv,High Volume For Hire Vehicle,weekday,true,Labor Day,33568,1074052.15,149611.53,47984453.0,8702,33568,43363.24,873526.65,63141.3249,-9127.0492,-20446.2757
2022-09-05,green,Green Boro Taxi,weekday,true,Labor Day,93,2924.28,298.83,89989.0,60,67,335.19,1674.82,188.7293,-16.8301,-78.8992
2022-09-05,yellow,Yellow Medallion Taxi,weekday,true,Labor Day,5263,155056.21,12813.77,4120715.0,3433,3715,16232.79,80108.11,9926.6574,-1370.5338,-3293.1235
2022-09-06,fhvhv,High Volume For Hire Vehicle,weekday,false,,56817,1822405.4,253523.1,81610149.0,14974,56817,73802.68,1482614.03,63131.246,-6334.6765,20.4305
2022-09-06,green,Green Boro Taxi,weekday,false,,152,4901.75,484.52,159698.0,103,111,531.92,2709.05,187.4629,-16.2666,-19.1963
2022-09-06,yellow,Yellow Medallion Taxi,weekday,false,,8811,257781.05,21315.31,6853749.0,5588,6087,25985.65,129561.87,9933.1042,-1053.1718,-68.9323
2022-09-07,fhvhv,High Volume For Hire Vehicle,weekday,false,,59843,1918593.53,267533.75,85836355.0,15370,59843,76396.28,1561471.35,63131.329,-3206.3101,-82.0189
2022-09-07,green,Green Boro Taxi,weekday,false,,168,4502.67,420.57,141009.0,108,112,511.23,2441.55,186.2593,-18.1484,-0.1109
2022-09-07,yellow,Yellow Medallion Taxi,weekday,false,,9457,277027.03,22823.87,7343739.0,6089,6577,28616.24,141790.28,9935.7169,-575.8273,97.1104
2022-09-08,fhvhv,High Volume For Hire Vehicle,weekday,false,,64183,2060204.98,286828.85,92177354.0,16614,64183,82222.45,1675551.3,63140.5477,1091.3773,-48.9249
2022-09-08,green,Green Boro Taxi,weekday,false,,189,5475.71,534.84,171641.0,117,130,627.98,3154.09,185.6291,3.6538,-0.2829
2022-09-08,yellow,Yellow Medallion Taxi,weekday,false,,10034,296490.84,24392.65,7866510.0,6418,6933,30540.2,149385.76,9938.1443,166.8621,-71.0064
2022-09-09,fhvhv,High Volume For Hire Vehicle,weekday,false,,72607,2327297.02,324015.55,104246938.0,18666,72607,92546.15,1894321.09,63166.1007,9603.182,-162.2827
2022-09-09,green,Green Boro Taxi,weekday,false,,229,7028.73,699.1,221803.0,149,158,813.78,3972.33,185.5233,40.6131,2.8636
2022-09-09,yellow,Yellow Medallion Taxi,weekday,false,,11402,335448.73,27866.89,8910506.0,7222,7871,34054.83,169185.66,9940.514,1492.2465,-30.7605
2022-09-10,fhvhv,High Volume For Hire Vehicle,weekend,false,,77498,2376321.78,347382.81,100786517.0,20016,77498,94996.18,1930543.71,63209.9546,14325.2419,-37.1965
2022-09-10,green,Green Boro Taxi,weekend,false,,227,6608.64,674.21,198966.0,143,153,780.86,3588.73,185.4001,40.9295,0.6704
2022-09-10,yellow,Yellow Medallion Taxi,weekend,false,,12359,351347.1,30122.54,8789821.0,8016,8580,36790.83,177373.61,9943.8598,2340.2038,74.9364
2022-09-11,fhvhv,High Volume For Hire Vehicle,weekend,false,,56997,1748174.24,254949.2,74125982.0,14839,56997,70326.32,1418823.68,63257.564,-6242.5756,-17.9883
2022-09-11,green,Green Boro Taxi,weekend,false,,141,4598.64,491.53,144929.0,89,95,499.12,2489.21,185.0904,-36.1899,-7.9005
2022-09-11,yellow,Yellow Medallion Taxi,weekend,false,,8872,251795.1,21769.74,6294862.0,5678,6141,26012.72,127247.84,9949.2987,-1035.5498,-41.7489
2022-09-12,fhvhv,High Volume For Hire Vehicle,weekday,false,,54264,1742445.26,242755.95,78009433.0,14021,54264,69401.24,1417788.46,63303.2704,-9154.3787,115.1083
2022-09-12,green,Green Boro Taxi,weekday,false,,182,6648.68,669.18,217573.0,115,123,803.42,3765.9,184.5969,-18.6534,16.0565
2022-09-12,yellow,Yellow Medallion Taxi,weekday,false,,8693,254227.83,20992.69,6732558.0,5606,6050,26091.71,128201.4,9956.606,-1347.3413,83.7353
2022-09-13,fhvhv,High Volume For Hire Vehicle,weekday,false,,56880,1836155.0,255762.72,82403776.0,14688,56880,73805.92,1494346.05,63353.7071,-6385.7886,-87.9185
2022-09-13,green,Green Boro Taxi,weekday,false,,182,5939.14,592.59,200647.0,111,122,596.49,3250.14,183.9907,-12.4113,10.4206
2022-09-13,yellow,Yellow Medallion Taxi,weekday,false,,8901,265608.91,21913.76,7023623.0,5704,6158,27559.49,134687.68,9964.3748,-1038.9482,-24.4267
2022-09-14,fhvhv,High Volume For Hire Vehicle,weekday,false,,60455,1935298.67,269519.31,86427200.0,15677,60455,77683.13,1573413.82,63406.328,-3346.4735,395.1455
2022-09-14,green,Green Boro Taxi,weekday,false,,160,5179.47,524.6,163136.0,101,110,597.73,2906.73,183.0163,-14.0331,-8.9832
2022-09-14,yellow,Yellow Medallion Taxi,weekday,false,,9322,276902.03,23014.64,7380030.0,5952,6460,28363.9,139795.09,9972.2577,-543.3948,-106.8629
2022-09-15,fhvhv,High Volume For Hire Vehicle,weekday,false,,64559,2067273.57,287474.0,92467577.0,16925,64559,83854.54,1681130.77,63454.6097,1056.1461,48.2442
2022-09-15,green,Green Boro Taxi,weekday,false,,179,6473.7,645.0,211081.0,110,116,798.42,3668.35,181.8199,0.9279,-3.7478
2022-09-15,yellow,Yellow Medallion Taxi,weekday,false,,10176,300117.19,24817.21,7922434.0,6503,7065,30985.45,152095.1,9979.3865,185.0063,11.6073
2022-09-16,fhvhv,High Volume For Hire Vehicle,weekday,false,,72936,2346864.3,326827.71,105049251.0,18929,72936,95060.44,1908457.98,63489.267,9736.5311,-289.7982
2022-09-16,green,Green Boro Taxi,weekday,false,,174,5654.83,566.36,180575.0,109,122,672.77,3467.48,181.0116,35.9954,-43.007
2022-09-16,yellow,Yellow Medallion Taxi,weekday,false,,11463,342171.09,28443.58,9160346.0,7342,7935,35305.06,172960.55,9987.7506,1453.7441,21.5053
2022-09-17,fhvhv,High Volume For Hire Vehicle,weekend,false,,77853,2396071.62,349540.64,101714284.0,20234,77853,96155.51,1944671.88,63509.0951,14356.7337,-12.8287
2022-09-17,green,Green Boro Taxi,weekend,false,,228,6639.85,687.52,201759.0,147,159,770.27,3712.06,180.501,42.5761,4.9229
2022-09-17,yellow,Yellow Medallion Taxi,weekend,false,,12322,352210.46,30419.16,8869079.0,7917,8572,36628.69,179261.6,9998.82,2287.4204,35.7596
2022-09-18,fhvhv,High Volume For Hire Vehicle,weekend,false,,57550,1754720.66,255754.46,74159799.0,14726,57550,69833.65,1423215.57,63522.2426,-6222.6893,250.4467
2022-09-18,green,Green Boro Taxi,weekend,false,,178,5405.8,582.93,157549.0,119,127,620.36,3008.59,180.1456,-35.3299,33.1843
2022-09-18,yellow,Yellow Medallion Taxi,weekend,false,,8934,254182.62,21932.17,6391586.0,5740,6177,26140.49,127742.65,10009.4686,-1032.1133,-43.3553
2022-09-19,fhvhv,High Volume For Hire Vehicle,weekday,false,,54434,1741428.24,242312.27,77781763.0,14216,54434,70519.07,1415672.17,63536.204,-9157.4817,55.2778
2022-09-19,green,Green Boro Taxi,weekday,false,,149,4652.4,444.2,150833.0,96,104,566.73,2682.08,180.2706,-20.5986,-10.6719
2022-09-19,yellow,Yellow Medallion Taxi,weekday,false,,8651,254847.02,21031.22,6765436.0,5553,6002,26127.61,127952.89,10017.9811,-1349.3604,-17.6207
2022-09-20,fhvhv,High Volume For Hire Vehicle,weekday,false,,57196,1836122.71,255708.43,82289614.0,14811,57196,74102.99,1494667.45,63549.649,-6417.8547,64.2057
2022-09-20,green,Green Boro Taxi,weekday,false,,167,4616.42,437.74,144291.0,104,107,517.59,2336.72,180.7609,-6.6748,-7.0861
2022-09-20,yellow,Yellow Medallion Taxi,weekday,false,,9221,271934.98,22677.73,7218981.0,5927,6397,28058.64,137660.95,10023.5754,-1004.9521,202.3768
2022-09-21,fhvhv,High Volume For Hire Vehicle,weekday,false,,59896,1926362.85,268862.52,86223580.0,15625,59896,77770.71,1567751.89,63561.4924,-3500.5274,-164.965
2022-09-21,green,Green Boro Taxi,weekday,false,,184,5766.93,583.83,178471.0,117,128,666.22,3239.71,181.263,-9.9535,12.6905
2022-09-21,yellow,Yellow Medallion Taxi,weekday,false,,9538,281545.22,23267.89,7464518.0,6115,6568,28667.25,140800.91,10024.8764,-497.7584,10.882
2022-09-22,fhvhv,High Volume For Hire Vehicle,weekday,false,,64468,2061779.36,287257.51,92078113.0,16772,64468,83416.76,1676790.21,63567.4842,1054.1372,-153.6214
2022-09-22,green,Green Boro Taxi,weekday,false,,182,5350.08,527.34,170575.0,115,118,559.84,2744.96,182.0202,-1.3116,1.2914
2022-09-22,yellow,Yellow Medallion Taxi,weekday,false,,10293,302471.01,24978.56,8036044.0,6594,7157,30842.41,152886.47,10023.0635,208.9031,61.0335
2022-09-23,fhvhv,High Volume For Hire Vehicle,weekday,false,,73768,2358397.93,328133.19,105308587.0,19039,73768,94686.32,1917123.38,63563.9059,10078.4073,125.6868
2022-09-23,green,Green Boro Taxi,weekday,false,,212,6796.07,675.44,213345.0,143,151,837.76,3918.05,182.9959,31.9344,-2.9303
2022-09-23,yellow,Yellow Medallion Taxi,weekday,false,,11442,337427.06,27801.52,8928692.0,7315,7954,34973.64,171687.22,10019.3674,1429.9769,-7.3443
2022-09-24,fhvhv,High Volume For Hire Vehicle,weekend,false,,78042,2397846.92,349597.63,101697760.0,20350,78042,96453.79,1945501.73,63556.993,14304.3762,180.6308
2022-09-24,green,Green Boro Taxi,weekend,false,,228,6732.09,728.43,201968.0,145,153,693.65,3598.63,183.9053,38.4568,5.6379
2022-09-24,yellow,Yellow Medallion Taxi,weekend,false,,12197,345787.56,30090.49,8784215.0,7806,8459,35457.34,174276.43,10012.173,2217.7636,-32.9366
2022-09-25,fhvhv,High Volume For Hire Vehicle,weekend,false,,57288,1752282.64,255354.15,74365779.0,14917,57288,69690.34,1423097.86,63552.9227,-6203.0075,-61.9152
2022-09-25,green,Green Boro Taxi,weekend,false,,150,4525.28,462.84,137326.0,97,109,516.24,2678.72,184.4364,-31.132,-3.3044
2022-09-25,yellow,Yellow Medallion Taxi,weekend,false,,9074,258164.22,22405.71,6530462.0,5879,6348,26588.82,131107.99,9998.5551,-1008.3267,83.7716
2022-09-26,fhvhv,High Volume For Hire Vehicle,weekday,false,,54286,1742665.92,242556.68,78164746.0,14139,54286,69231.7,1418906.78,63546.3222,-9173.1842,-87.1379
2022-09-26,green,Green Boro Taxi,weekday,false,,159,4631.92,449.64,143885.0,101,111,532.09,2585.71,184.4758,-25.9762,0.5004
2022-09-26,yellow,Yellow Medallion Taxi,weekday,false,,8571,250864.84,20715.31,6621592.0,5488,5923,25763.0,126088.59,9976.4466,-1389.0573,-16.3893
2022-09-27,fhvhv,High Volume For Hire Vehicle,weekday,false,,57335,1848425.38,257505.84,82901018.0,14929,57335,74182.97,1504262.9,63503.5804,-6450.1225,281.5421
2022-09-27,green,Green Boro Taxi,weekday,false,,189,6124.84,602.75,194120.0,126,137,750.28,3727.51,184.3002,-4.5808,9.2806
2022-09-27,yellow,Yellow Medallion Taxi,weekday,false,,8975,264324.96,21848.52,7010723.0,5714,6185,26621.29,131200.12,9946.073,-959.9736,-11.0994
2022-09-28,fhvhv,High Volume For Hire Vehicle,weekday,false,,59878,1920311.54,267252.31,85906637.0,15604,59878,77158.6,1561722.49,63352.3948,-3591.4788,117.084
2022-09-28,green,Green Boro Taxi,weekday,false,,174,5288.1,512.97,166618.0,113,118,630.81,3043.36,184.1054,-4.4146,-5.6908
2022-09-28,yellow,Yellow Medallion Taxi,weekday,false,,9515,281994.78,23456.41,7558330.0,6010,6538,28366.62,140827.85,9912.3915,-471.5503,74.1588
2022-09-29,fhvhv,High Volume For Hire Vehicle,weekday,false,,64495,2064684.52,288079.02,92229765.0,16606,64495,82840.17,1679856.84,63138.4104,1103.9602,252.6294
2022-09-29,green,Green Boro Taxi,weekday,false,,183,5744.78,564.49,177199.0,124,132,752.28,3512.19,183.8293,-0.7391,-0.0902
2022-09-29,yellow,Yellow Medallion Taxi,weekday,false,,10137,298934.16,24730.19,7945675.0,6631,7125,31351.36,152719.94,9880.3257,201.6668,55.0076
2022-09-30,fhvhv,High Volume For Hire Vehicle,weekday,false,,73532,2353201.57,327675.48,105231775.0,19242,73532,95433.25,1914470.52,62919.4332,9887.3438,725.223
2022-09-30,green,Green Boro Taxi,weekday,false,,213,6290.69,601.92,196501.0,139,145,790.6,3536.3,183.412,27.2977,2.2903
2022-09-30,yellow,Yellow Medallion Taxi,weekday,false,,11568,339202.25,28235.17,9048904.0,7445,8017,35118.94,171999.94,9847.7712,1404.7496,315.4793
2022-10-01,fhvhv,High Volume For Hire Vehicle,weekend,false,,75562,2311987.06,336433.22,97989238.0,19631,75562,92643.61,1875440.4,62716.7541,14242.0683,-1396.8224
2022-10-01,green,Green Boro Taxi,weekend,false,,212,6166.39,639.27,184811.0,135,146,720.5,3551.38,182.7084,33.1997,-3.9081
2022-10-01,yellow,Yellow Medallion Taxi,weekend,false,,11911,335689.51,28816.28,8367658.0,7635,8258,34768.35,171276.13,9814.3485,2171.6229,-74.9714
2022-10-02,fhvhv,High Volume For Hire Vehicle,weekend,false,,55419,1702091.02,248315.96,72290697.0,14367,55419,67885.46,1382310.63,62516.7954,-6151.9986,-945.7968
2022-10-02,green,Green Boro Taxi,weekend,false,,163,4323.97,447.43,124807.0,107,114,464.61,2313.67,181.5754,-25.2021,6.6266
2022-10-02,yellow,Yellow Medallion Taxi,weekend,false,,8761,248324.93,21620.36,6255315.0,5651,6084,25754.93,125883.95,9784.6052,-962.1213,-61.4839
2022-10-03,fhvhv,High Volume For Hire Vehicle,weekday,false,,53233,1706195.45,237758.52,76242541.0,13867,53233,69377.7,1387551.81,62316.2554,-9023.0862,-60.1692
2022-10-03,green,Green Boro Taxi,weekday,false,,153,4672.51,454.91,148000.0,96,101,560.85,2581.83,180.0594,-23.6488,-3.4106
2022-10-03,yellow,Yellow Medallion Taxi,weekday,false,,8360,246412.05,20418.94,6566832.0,5422,5880,25960.14,127186.81,9759.4114,-1370.1352,-29.2762
2022-10-04,fhvhv,High Volume For Hire Vehicle,weekday,false,,55216,1771828.11,246891.23,79254514.0,14418,55216,71283.42,1441314.31,62100.0871,-6443.8912,-440.1959
2022-10-04,green,Green Boro Taxi,weekday,false,,177,5216.21,514.8,162438.0,114,125,614.89,3000.46,178.3458,-7.5283,6.1825
2022-10-04,yellow,Yellow Medallion Taxi,weekday,false,,8835,258553.34,21414.74,6893968.0,5680,6120,26544.03,130654.09,9739.4376,-953.406,48.9684
2022-10-05,fhvhv,High Volume For Hire Vehicle,weekday,false,,57838,1857490.85,258853.85,83073200.0,15069,57838,75083.31,1510714.13,61912.8553,-3555.0503,-519.805
2022-10-05,green,Green Boro Taxi,weekday,false,,182,5762.4,558.31,184793.0,121,127,697.79,3181.49,176.4648,-2.5888,8.124
2022-10-05,yellow,Yellow Medallion Taxi,weekday,false,,8999,265156.4,21905.66,7023594.0,5813,6285,27887.37,136373.13,9728.8129,-470.6015,-259.2114
2022-10-06,fhvhv,High Volume For Hire Vehicle,weekday,false,,62978,2004981.93,278755.46,89486656.0,16500,62978,80943.39,1630288.6,61816.0851,1103.7527,58.1622
2022-10-06,green,Green Boro Taxi,weekday,false,,169,5453.48,536.78,174560.0,115,118,642.07,3012.85,174.6633,0.8588,-6.5221
2022-10-06,yellow,Yellow Medallion Taxi,weekday,false,,9792,292128.59,24171.65,7801509.0,6354,6860,30484.58,149388.2,9723.5329,189.4172,-120.9501
2022-10-07,fhvhv,High Volume For Hire Vehicle,weekday,false,,70451,2254695.22,313837.17,100622697.0,18584,70451,91543.88,1832246.73,61754.301,9804.4237,-1107.7247
2022-10-07,green,Green Boro Taxi,weekday,false,,198,5931.3,586.51,188968.0,113,125,628.11,3090.07,173.1835,24.6986,0.1179
2022-10-07,yellow,Yellow Medallion Taxi,weekday,false,,11117,330309.49,27323.36,8762695.0,7109,7720,34111.43,168043.57,9717.2091,1383.6863,16.1046
2022-10-08,fhvhv,High Volume For Hire Vehicle,weekend,false,,75841,2327629.43,339642.63,98854874.0,19541,75841,92677.28,1890679.96,61702.3173,14156.855,-18.1723
2022-10-08,green,Green Boro Taxi,weekend,false,,191,6029.46,605.51,187157.0,131,139,774.57,3666.83,172.1407,31.0532,-12.1939
2022-10-08,yellow,Yellow Medallion Taxi,weekend,false,,11908,335742.1,28992.74,8438610.0,7627,8269,34808.66,171086.75,9710.1356,2145.9448,51.9197
2022-10-09,fhvhv,High Volume For Hire Vehicle,weekend,false,,55509,1701670.58,247444.08,72125855.0,14376,55509,68958.21,1379567.53,61660.5904,-6126.4988,-25.0916
2022-10-09,green,Green Boro Taxi,weekend,false,,150,4185.91,417.55,123877.0,107,113,529.64,2536.89,171.4622,-20.6814,-0.7808
2022-10-09,yellow,Yellow Medallion Taxi,weekend,false,,8796,247295.43,21399.05,6226532.0,5673,6099,25498.14,125059.61,9703.2198,-923.6617,16.4419
2022-10-10,fhvhv,High Volume For Hire Vehicle,weekday,true,Columbus Day,32736,1053418.63,146848.8,47145649.0,8640,32736,43091.55,856848.61,61633.3311,-8887.7411,-20009.59
2022-10-10,green,Green Boro Taxi,weekday,true,Columbus Day,89,2642.34,258.15,85133.0,54,60,290.31,1382.95,171.3897,-22.0787,-60.311
2022-10-10,yellow,Yellow Medallion Taxi,weekday,true,Columbus Day,5142,153028.27,12731.41,4098402.0,3303,3566,15517.84,77492.16,9698.4285,-1338.1245,-3218.304
2022-10-11,fhvhv,High Volume For Hire Vehicle,weekday,false,,55127,1771421.74,246445.28,79401471.0,14365,55127,71523.16,1441372.02,61615.3469,-6454.4239,-33.923
2022-10-11,green,Green Boro Taxi,weekday,false,,156,5020.48,516.9,158790.0,101,105,560.76,2937.67,172.087,-13.6642,-2.4228
2022-10-11,yellow,Yellow Medallion Taxi,weekday,false,,8692,258197.24,21549.65,6917218.0,5621,6052,26701.0,131804.62,9696.693,-967.2593,-37.4337
2022-10-12,fhvhv,High Volume For Hire Vehicle,weekday,false,,58091,1858805.87,259155.13,83091372.0,15030,58091,73626.86,1512620.74,61612.0051,-3500.7323,-20.2729
2022-10-12,green,Green Boro Taxi,weekday,false,,166,5048.31,515.44,159776.0,95,102,535.99,2530.25,173.4934,-1.8184,-5.675
2022-10-12,yellow,Yellow Medallion Taxi,weekday,false,,9194,272668.61,22576.92,7239548.0,5863,6325,27735.02,137400.72,9696.3835,-482.3904,-19.9931
2022-10-13,fhvhv,High Volume For Hire Vehicle,weekday,false,,62580,2011910.08,280726.6,90051571.0,16241,62580,80129.53,1637329.0,61629.669,1067.8992,-117.5683
2022-10-13,green,Green Boro Taxi,weekday,false,,191,6079.37,609.37,195757.0,114,126,651.45,3263.27,175.2306,1.6915,14.0779
2022-10-13,yellow,Yellow Medallion Taxi,weekday,false,,9867,294050.37,24437.85,7828160.0,6340,6866,30846.34,150514.67,9695.9698,170.7915,0.2387
2022-10-14,fhvhv,High Volume For Hire Vehicle,weekday,false,,71241,2280352.66,317307.95,102043339.0,18607,71241,92227.95,1855330.58,61661.2884,9643.333,-63.6214
2022-10-14,green,Green Boro Taxi,weekday,false,,179,5544.83,547.68,175763.0,122,128,631.46,3113.36,177.2374,23.5886,-21.826
2022-10-14,yellow,Yellow Medallion Taxi,weekday,false,,11011,320172.02,26563.65,8557143.0,7026,7588,32534.94,160296.62,9698.4019,1367.5122,-54.9141
2022-10-15,fhvhv,High Volume For Hire Vehicle,weekend,false,,75474,2308391.06,336450.71,97892992.0,19733,75474,92654.36,1874202.18,61700.7669,14123.6189,-350.3858
2022-10-15,green,Green Boro Taxi,weekend,false,,213,6699.98,696.71,203934.0,136,146,787.35,3706.02,179.0904,34.1904,-0.2808
2022-10-15,yellow,Yellow Medallion Taxi,weekend,false,,11836,337681.99,28883.97,8434930.0,7617,8213,35283.05,172716.56,9706.8298,2127.4865,1.6837
2022-10-16,fhvhv,High Volume For Hire Vehicle,weekend,false,,55768,1712138.46,249788.09,72740071.0,14355,55768,68432.7,1390787.13,61741.885,-6111.2108,137.3258
2022-10-16,green,Green Boro Taxi,weekend,false,,163,4726.38,517.79,136538.0,101,111,525.98,2520.89,180.791,-17.7955,0.0045
2022-10-16,yellow,Yellow Medallion Taxi,weekend,false,,8832,248619.56,21316.43,6185091.0,5688,6117,25832.37,126358.3,9719.775,-880.7275,-7.0475
2022-10-17,fhvhv,High Volume For Hire Vehicle,weekday,false,,53241,1709403.91,238743.07,76426262.0,13963,53241,69977.93,1391132.4,61777.7306,-8778.9787,242.2482
2022-10-17,green,Green Boro Taxi,weekday,false,,172,5719.56,559.18,188573.0,110,116,673.72,3367.5,182.2852,-22.7221,12.4369
2022-10-17,yellow,Yellow Medallion Taxi,weekday,false,,8467,251823.47,20652.48,6658895.0,5472,5879,26043.17,128254.12,9732.6566,-1309.0641,43.4076
2022-10-18,fhvhv,High Volume For Hire Vehicle,weekday,false,,55430,1781524.35,247910.09,79752162.0,14490,55430,72385.24,1448735.51,61809.2139,-6350.4882,-28.7257
2022-10-18,green,Green Boro Taxi,weekday,false,,158,4936.26,496.8,159995.0,96,112,494.22,2755.97,183.3835,-20.085,-5.2985
2022-10-18,yellow,Yellow Medallion Taxi,weekday,false,,8764,257993.38,21313.48,6876692.0,5635,6126,26553.32,131300.6,9744.3946,-978.2249,-2.1696
2022-10-19,fhvhv,High Volume For Hire Vehicle,weekday,false,,58765,1884073.63,262120.86,84362570.0,15448,58765,76301.83,1532855.2,61835.1911,-3474.6854,404.4943
2022-10-19,green,Green Boro Taxi,weekday,false,,190,5792.63,568.71,187223.0,124,131,644.29,3264.62,183.9069,-3.3004,9.3934
2022-10-19,yellow,Yellow Medallion Taxi,weekday,false,,9217,274632.13,22855.79,7280250.0,5903,6393,28784.46,140196.29,9754.3019,-497.5977,-39.7042
2022-10-20,fhvhv,High Volume For Hire Vehicle,weekday,false,,62765,2009376.88,279787.41,89932284.0,16277,62765,80038.1,1635298.45,61850.194,1085.8923,-171.0863
2022-10-20,green,Green Boro Taxi,weekday,false,,181,5343.05,518.59,170078.0,122,128,619.4,2998.59,183.9445,4.6641,-7.6086
2022-10-20,yellow,Yellow Medallion Taxi,weekday,false,,9972,296124.86,24487.0,7890221.0,6398,6909,30643.89,150896.14,9761.7448,168.9193,41.3359
2022-10-21,fhvhv,High Volume For Hire Vehicle,weekday,false,,71245,2292663.09,319461.57,102636236.0,18603,71245,92674.79,1864819.49,61848.5807,9245.8254,150.5939
2022-10-21,green,Green Boro Taxi,weekday,false,,214,6929.18,677.1,222320.0,139,154,836.27,4183.79,183.4285,22.942,7.6296
2022-10-21,yellow,Yellow Medallion Taxi,weekday,false,,11179,330221.24,27337.18,8778884.0,7175,7767,33925.51,168482.9,9768.3968,1323.0719,87.5314
2022-10-22,fhvhv,High Volume For Hire Vehicle,weekend,false,,76178,2341319.62,341196.53,99445405.0,19800,76178,93447.45,1900523.05,61837.1512,14386.8218,-45.973
2022-10-22,green,Green Boro Taxi,weekend,false,,225,6723.61,714.69,204330.0,138,144,724.28,3425.04,182.5496,39.58,2.8704
2022-10-22,yellow,Yellow Medallion Taxi,weekend,false,,11822,337440.95,29174.82,8481731.0,7623,8224,34875.06,171320.06,9775.1517,2188.0549,-141.2065
2022-10-23,fhvhv,High Volume For Hire Vehicle,weekend,false,,55595,1704264.64,248336.99,72328527.0,14518,55595,68399.56,1383502.33,61829.5994,-6162.9208,-71.6787
2022-10-23,green,Green Boro Taxi,weekend,false,,166,4505.34,465.63,131448.0,100,109,506.24,2481.37,181.5263,-16.4358,0.9095
2022-10-23,yellow,Yellow Medallion Taxi,weekend,false,,8928,255603.54,21876.86,6377247.0,5697,6168,26085.39,127760.81,9783.1423,-877.836,22.6937
2022-10-24,fhvhv,High Volume For Hire Vehicle,weekday,false,,52947,1706454.76,238168.91,76455291.0,13812,52947,67728.98,1388938.34,61830.139,-8847.3929,-35.7461
2022-10-24,green,Green Boro Taxi,weekday,false,,152,4747.53,474.85,148221.0,100,106,549.9,2570.64,180.7938,-26.1598,-2.634
2022-10-24,yellow,Yellow Medallion Taxi,weekday,false,,8455,250120.75,20758.85,6692700.0,5462,5912,25789.46,127479.78,9792.2601,-1331.5325,-5.7276
2022-10-25,fhvhv,High Volume For Hire Vehicle,weekday,false,,55678,1785389.19,248835.04,79918568.0,14398,55678,71037.99,1453149.48,61840.0248,-6186.2038,24.179
2022-10-25,green,Green Boro Taxi,weekday,false,,155,4719.96,478.54,150263.0,100,105,459.12,2317.16,180.4531,-22.8047,-2.6484
2022-10-25,yellow,Yellow Medallion Taxi,weekday,false,,8750,255397.16,21194.71,6778735.0,5546,6007,26012.45,127843.69,9802.1549,-958.2791,-93.8758
2022-10-26,fhvhv,High Volume For Hire Vehicle,weekday,false,,58230,1873567.64,261101.19,83948950.0,15236,58230,75212.16,1524710.65,61861.8647,-3415.9387,-215.9261
2022-10-26,green,Green Boro Taxi,weekday,false,,168,5063.08,495.85,158702.0,114,119,569.29,2776.32,180.3744,-5.1362,-7.2381
2022-10-26,yellow,Yellow Medallion Taxi,weekday,false,,9369,278568.01,23287.61,7452471.0,5924,6431,28294.06,140131.83,9821.9501,-506.5207,53.5706
2022-10-27,fhvhv,High Volume For Hire Vehicle,weekday,false,,63081,2031208.54,283070.59,90882741.0,16607,63081,83027.36,1651608.65,61899.7967,1233.6035,-52.4002
2022-10-27,green,Green Boro Taxi,weekday,false,,187,5666.83,562.63,179214.0,111,123,654.16,3167.1,180.4565,5.0393,1.5041
2022-10-27,yellow,Yellow Medallion Taxi,weekday,false,,9938,292066.44,24115.3,7710438.0,6423,6952,30117.15,148626.04,9873.739,183.5334,-119.2724
2022-10-28,fhvhv,High Volume For Hire Vehicle,weekday,false,,70902,2272582.2,316239.95,101550127.0,18466,70902,92339.03,1847283.32,62137.3631,8816.7507,-52.1137
2022-10-28,green,Green Boro Taxi,weekday,false,,196,5602.35,556.93,170836.0,125,134,644.7,3136.95,181.0018,26.6381,-11.6399
2022-10-28,yellow,Yellow Medallion Taxi,weekday,false,,11162,331014.59,27357.73,8824800.0,7158,7753,34310.68,167705.39,9937.6739,1267.4103,-43.0842
2022-10-29,fhvhv,High Volume For Hire Vehicle,weekend,false,,76103,2339402.83,341234.04,99259873.0,19842,76103,93954.0,1898579.92,62752.1196,14737.1037,-1386.2233
2022-10-29,green,Green Boro Taxi,weekend,false,,238,7025.53,727.63,207123.0,157,165,865.99,4114.74,182.1757,40.5782,15.246
2022-10-29,yellow,Yellow Medallion Taxi,weekend,false,,11962,337737.64,29262.72,8553241.0,7680,8291,34973.17,170996.32,9997.4838,2265.6966,-301.1805
2022-10-30,fhvhv,High Volume For Hire Vehicle,weekend,false,,55838,1709068.25,249678.8,72456924.0,14438,55838,67698.16,1388351.3,63268.4145,-6220.9084,-1209.506
2022-10-30,green,Green Boro Taxi,weekend,false,,171,4702.55,486.75,135687.0,115,124,567.46,2842.67,183.8166,-15.392,2.5754
2022-10-30,yellow,Yellow Medallion Taxi,weekend,false,,8822,248767.18,21426.27,6239757.0,5689,6140,25771.4,126804.25,10056.9029,-907.3774,-327.5256
2022-10-31,fhvhv,High Volume For Hire Vehicle,weekday,false,,52800,1692195.05,235485.18,75784148.0,13719,52800,68235.83,1377068.67,63651.6059,-8933.8695,-1917.7363
2022-10-31,green,Green Boro Taxi,weekday,false,,147,4524.6,455.3,144714.0,91,103,494.49,2787.33,185.1646,-30.7311,-7.4334
2022-10-31,yellow,Yellow Medallion Taxi,weekday,false,,8241,246452.78,20460.31,6596997.0,5306,5749,25967.74,126587.37,10115.5967,-1384.7836,-489.813
2022-11-01,fhvhv,High Volume For Hire Vehicle,weekday,false,,58665,1883768.25,262796.37,84262416.0,15407,58665,75557.48,1532790.13,64000.1913,-6263.3092,928.1179
2022-11-01,green,Green Boro Taxi,weekday,false,,166,5110.42,514.81,164978.0,98,111,531.48,2783.93,185.831,-18.0875,-1.7435
2022-11-01,yellow,Yellow Medallion Taxi,weekday,false,,9286,274157.73,22777.63,7349684.0,5966,6455,28211.07,138894.19,10173.1877,-961.6167,74.429
2022-11-02,fhvhv,High Volume For Hire Vehicle,weekday,false,,62217,1995760.18,278283.75,89342956.0,16049,62217,78967.72,1624591.48,64433.431,-3328.4076,1111.9766
2022-11-02,green,Green Boro Taxi,weekday,false,,184,5643.91,564.82,174528.0,123,128,660.23,3106.89,185.9383,-8.3641,6.4258
2022-11-02,yellow,Yellow Medallion Taxi,weekday,false,,9696,284712.31,23653.57,7569699.0,6194,6709,29250.34,143893.42,10234.7372,-536.0064,-2.7307
2022-11-03,fhvhv,High Volume For Hire Vehicle,weekday,false,,66684,2134322.03,297273.86,95456480.0,17232,66684,85471.69,1736622.79,65084.8735,1411.119,188.0075
2022-11-03,green,Green Boro Taxi,weekday,false,,213,6529.91,662.23,210798.0,131,143,622.69,3409.75,185.5126,4.6972,22.7902
2022-11-03,yellow,Yellow Medallion Taxi,weekday,false,,10509,310386.02,25764.59,8310076.0,6775,7290,32002.15,156690.55,10280.907,161.181,66.912
2022-11-04,fhvhv,High Volume For Hire Vehicle,weekday,false,,75699,2421939.87,336935.09,108356946.0,19612,75699,96847.89,1970343.25,65403.396,8160.552,2135.052
2022-11-04,green,Green Boro Taxi,weekday,false,,221,6798.71,681.57,216162.0,139,150,766.89,3717.64,184.5832,26.4246,9.9922
2022-11-04,yellow,Yellow Medallion Taxi,weekday,false,,12022,357279.7,29394.77,9444950.0,7758,8340,37128.53,181727.65,10296.5539,1388.8099,336.6362
2022-11-05,fhvhv,High Volume For Hire Vehicle,weekend,false,,80721,2476349.54,361717.78,105051470.0,20889,80721,97590.53,2011277.2,65449.4997,15136.7916,134.7086
2022-11-05,green,Green Boro Taxi,weekend,false,,217,6222.38,642.06,190621.0,134,141,678.94,3378.74,183.512,38.5294,-5.0414
2022-11-05,yellow,Yellow Medallion Taxi,weekend,false,,12693,361849.69,31040.92,9054402.0,8157,8747,37453.47,182487.35,10304.4282,2351.5073,37.0646
2022-11-06,fhvhv,High Volume For Hire Vehicle,weekend,false,,59282,1811355.01,263558.96,76718316.0,15546,59282,74040.31,1469196.76,65506.3792,-6318.541,94.1619
2022-11-06,green,Green Boro Taxi,weekend,false,,163,4938.62,515.26,152234.0,104,108,547.85,2781.23,182.3933,-14.9592,-4.4341
2022-11-06,yellow,Yellow Medallion Taxi,weekend,false,,9374,267323.37,23108.03,6712330.0,6036,6496,27431.82,136013.1,10313.3155,-966.5844,27.2689
2022-11-07,fhvhv,High Volume For Hire Vehicle,weekday,false,,56259,1802937.78,251267.16,80619937.0,14620,56259,72208.24,1466802.55,65549.0036,-8996.0533,-293.9503
2022-11-07,green,Green Boro Taxi,weekday,false,,183,5716.51,575.04,184092.0,117,126,613.43,3110.83,181.6283,-30.1709,31.5426
2022-11-07,yellow,Yellow Medallion Taxi,weekday,false,,8822,259006.5,21342.69,6829883.0,5608,6068,26205.63,130291.62,10323.4177,-1436.802,-64.6157
2022-11-08,fhvhv,High Volume For Hire Vehicle,weekday,true,Election Day,36878,1188830.74,165435.16,53262318.0,9698,36878,48221.63,966635.91,65567.3149,-6376.7181,-22312.5968
2022-11-08,green,Green Boro Taxi,weekday,true,Election Day,100,3397.2,340.76,109203.0,66,70,388.55,1842.61,181.5885,-11.9595,-69.629
2022-11-08,yellow,Yellow Medallion Taxi,weekday,true,Election Day,5829,172394.71,14278.81,4570481.0,3798,4096,18092.15,88295.54,10333.0922,-975.0995,-3528.9927
2022-11-09,fhvhv,High Volume For Hire Vehicle,weekday,false,,62365,2001153.74,279055.63,89675592.0,16135,62365,79099.06,1629748.61,65580.2136,-3330.0294,114.8158
2022-11-09,green,Green Boro Taxi,weekday,false,,166,5169.76,520.21,163732.0,104,119,582.76,2919.94,182.2174,-10.7812,-5.4362
2022-11-09,yellow,Yellow Medallion Taxi,weekday,false,,9735,285935.33,23661.37,7585170.0,6302,6816,29467.37,145634.48,10343.3084,-567.3791,-40.9293
2022-11-10,fhvhv,High Volume For Hire Vehicle,weekday,false,,67196,2153191.5,300267.01,96258615.0,17327,67196,85907.34,1751939.22,65594.35,1346.2803,255.3698
2022-11-10,green,Green Boro Taxi,weekday,false,,181,5721.28,561.99,185242.0,115,117,631.38,2937.07,183.1719,5.2268,-7.3987
2022-11-10,yellow,Yellow Medallion Taxi,weekday,false,,10509,311058.75,25711.4,8229889.0,6785,7341,31961.13,158263.17,10354.5846,141.6341,12.7813
2022-11-11,fhvhv,High Volume For Hire Vehicle,weekday,true,Veterans Day,47101,1513092.15,210936.17,67805489.0,12147,47101,60402.78,1231911.47,65611.8068,8677.2553,-27188.0621
2022-11-11,green,Green Boro Taxi,weekday,true,Veterans Day,131,4309.2,416.35,135711.0,90,97,589.97,2665.26,184.6234,25.3007,-78.924
2022-11-11,yellow,Yellow Medallion Taxi,weekday,true,Veterans Day,7577,224235.55,18472.22,5930076.0,4870,5228,22998.41,112892.38,10365.6846,1468.8599,-4257.5445
2022-11-12,fhvhv,High Volume For Hire Vehicle,weekend,false,,80829,2473138.59,360312.37,104822621.0,20967,80829,98976.53,2007015.03,65630.829,15439.5074,-241.3364
2022-11-12,green,Green Boro Taxi,weekend,false,,222,6454.28,673.54,191572.0,142,156,758.24,3895.63,186.9412,35.1101,-0.0514
2022-11-12,yellow,Yellow Medallion Taxi,weekend,false,,12833,366473.7,31465.83,9220901.0,8340,8977,38177.52,187286.73,10378.2452,2434.9288,19.826
2022-11-13,fhvhv,High Volume For Hire Vehicle,weekend,false,,59111,1810144.05,264100.08,76785379.0,15289,59111,71716.0,1470052.68,65640.3276,-6395.5904,-133.7371
2022-11-13,green,Green Boro Taxi,weekend,false,,181,5275.8,550.54,161174.0,116,128,570.33,3042.52,189.6084,-17.1528,8.5444
2022-11-13,yellow,Yellow Medallion Taxi,weekend,false,,9340,267920.13,23244.04,6767938.0,6022,6539,27749.49,136443.25,10391.7154,-1035.2066,-16.5088
2022-11-14,fhvhv,High Volume For Hire Vehicle,weekday,false,,56851,1813755.15,252872.94,80995643.0,14472,56851,71157.34,1475994.57,65638.4542,-8959.5415,172.0872
2022-11-14,green,Green Boro Taxi,weekday,false,,166,5661.97,557.78,181822.0,111,119,710.59,3290.23,191.7474,-27.5294,1.782
2022-11-14,yellow,Yellow Medallion Taxi,weekday,false,,9048,267614.63,22149.19,7076941.0,5819,6319,28048.79,137857.27,10403.3716,-1474.2011,118.8295
2022-11-15,fhvhv,High Volume For Hire Vehicle,weekday,false,,59204,1902550.62,264861.42,85097688.0,15399,59204,76645.33,1546752.17,65636.7956,-6493.382,60.5865
2022-11-15,green,Green Boro Taxi,weekday,false,,191,6161.26,623.81,200812.0,122,131,645.83,3208.3,193.2122,-5.7458,3.5336
2022-11-15,yellow,Yellow Medallion Taxi,weekday,false,,9402,277343.31,22879.39,7344071.0,5960,6434,28379.65,137970.34,10412.18,-984.6106,-25.5695
2022-11-16,fhvhv,High Volume For Hire Vehicle,weekday,false,,62467,1998306.46,277944.55,89414686.0,16147,62467,80934.34,1625734.83,65638.7259,-3132.0327,-39.6931
2022-11-16,green,Green Boro Taxi,weekday,false,,184,6251.74,610.74,206120.0,121,129,746.28,3468.91,193.8477,-11.9989,2.1512
2022-11-16,yellow,Yellow Medallion Taxi,weekday,false,,9820,293141.33,24354.5,7831985.0,6264,6778,29907.38,147761.81,10414.7242,-572.8297,-21.8945
2022-11-17,fhvhv,High Volume For Hire Vehicle,weekday,false,,66881,2151799.46,299771.55,96480308.0,17252,66881,85788.76,1751535.36,65642.5115,1229.572,8.9165
2022-11-17,green,Green Boro Taxi,weekday,false,,202,6201.26,609.91,194081.0,133,146,752.66,3745.15,193.8062,2.3432,5.8506
2022-11-17,yellow,Yellow Medallion Taxi,weekday,false,,10513,311174.73,25809.94,8278849.0,6692,7263,31965.16,157704.18,10411.0593,89.0471,12.8936
2022-11-18,fhvhv,High Volume For Hire Vehicle,weekday,false,,76057,2429573.31,338396.03,108420527.0,19755,76057,97967.94,1975365.65,65645.6101,7383.3702,3028.0197
2022-11-18,green,Green Boro Taxi,weekday,false,,215,7245.49,726.4,231027.0,141,153,873.5,4206.51,193.4297,22.9213,-1.351
2022-11-18,yellow,Yellow Medallion Taxi,weekday,false,,12007,352083.6,29051.86,9336884.0,7774,8417,36237.37,178727.39,10405.1248,1591.1888,10.6865
2022-11-19,fhvhv,High Volume For Hire Vehicle,weekend,false,,81748,2509499.3,365560.75,106450127.0,21220,81748,101682.33,2035968.88,65644.2192,15957.9008,145.88
2022-11-19,green,Green Boro Taxi,weekend,false,,220,7070.23,759.22,217391.0,138,151,792.38,3849.29,192.7332,37.1659,-9.899
2022-11-19,yellow,Yellow Medallion Taxi,weekend,false,,12949,367737.61,31722.02,9280131.0,8342,9007,37949.87,186237.67,10398.2939,2435.6614,115.0447
2022-11-20,fhvhv,High Volume For Hire Vehicle,weekend,false,,59345,1828933.14,266918.49,77841883.0,15287,59345,72479.57,1486049.17,65642.1216,-6139.4987,-157.6229
2022-11-20,green,Green Boro Taxi,weekend,false,,173,5141.14,541.6,152995.0,111,118,621.56,2905.04,191.9425,-20.9683,2.0258
2022-11-20,yellow,Yellow Medallion Taxi,weekend,false,,9304,265656.28,22883.32,6702173.0,6087,6560,28035.26,136811.79,10390.8777,-1090.8476,3.9699
2022-11-21,fhvhv,High Volume For Hire Vehicle,weekday,false,,57028,1835458.86,256159.51,82331001.0,14695,57028,72495.2,1495132.04,65641.7129,-8568.9326,-44.7803
2022-11-21,green,Green Boro Taxi,weekday,false,,170,5491.93,548.09,177945.0,106,122,618.12,3212.87,191.2733,-24.1866,2.9132
2022-11-21,yellow,Yellow Medallion Taxi,weekday,false,,8837,261449.03,21713.37,6932094.0,5673,6099,26999.71,130776.8,10381.7392,-1458.5764,-86.1628
2022-11-22,fhvhv,High Volume For Hire Vehicle,weekday,false,,59154,1895199.84,263800.71,84931398.0,15463,59154,76184.14,1542988.23,65606.7327,-6455.4289,2.6962
2022-11-22,green,Green Boro Taxi,weekday,false,,190,5993.75,579.24,193569.0,130,138,731.71,3673.62,190.6166,-2.4615,1.8449
2022-11-22,yellow,Yellow Medallion Taxi,weekday,false,,9364,273480.0,22483.11,7194442.0,6003,6484,27933.84,137199.52,10368.87,-986.8381,-18.0319
2022-11-23,fhvhv,High Volume For Hire Vehicle,weekday,false,,62682,2003705.21,279626.89,89451627.0,16239,62682,79553.12,1630285.65,65507.037,-3090.6356,265.5985
2022-11-23,green,Green Boro Taxi,weekday,false,,175,5538.8,562.51,175561.0,106,116,615.66,3174.69,190.0163,-10.7534,-4.263
2022-11-23,yellow,Yellow Medallion Taxi,weekday,false,,9845,288129.3,23883.74,7681223.0,6400,6862,29783.99,146110.88,10353.1151,-557.1365,49.0214
2022-11-24,fhvhv,High Volume For Hire Vehicle,weekday,true,Thanksgiving Day,41766,1341950.7,186661.93,60177083.0,10836,41766,53362.97,1092107.63,65401.3664,1094.4143,-24729.7807
2022-11-24,green,Green Boro Taxi,weekday,true,Thanksgiving Day,119,4117.3,413.93,132271.0,82,86,503.34,2644.73,189.6425,-0.6694,-69.9731
2022-11-24,yellow,Yellow Medallion Taxi,weekday,true,Thanksgiving Day,6472,189422.73,15595.7,4985092.0,4175,4551,19626.89,96973.7,10336.9182,118.409,-3983.3272
2022-11-25,fhvhv,High Volume For Hire Vehicle,weekday,false,,76570,2452530.79,341312.24,109623449.0,19919,76570,99264.89,1994155.21,65296.5931,7456.6223,3816.7846
2022-11-25,green,Green Boro Taxi,weekday,false,,209,5975.23,578.66,190214.0,124,135,620.51,3166.4,189.3247,18.7732,0.9021
2022-11-25,yellow,Yellow Medallion Taxi,weekday,false,,12179,356295.44,29676.12,9522496.0,7882,8502,36771.79,181458.81,10322.0322,1563.7598,293.2081
2022-11-26,fhvhv,High Volume For Hire Vehicle,weekend,false,,81521,2504080.09,364901.0,106337848.0,21264,81521,100532.96,2032646.76,65137.4607,15243.8672,1139.6722
2022-11-26,green,Green Boro Taxi,weekend,false,,236,6971.29,731.94,212848.0,152,160,764.27,3691.46,188.7899,42.7182,4.4919
2022-11-26,yellow,Yellow Medallion Taxi,weekend,false,,12693,360715.41,31073.71,9051439.0,8173,8805,37269.43,183866.52,10308.9972,2375.5418,8.461
2022-11-27,fhvhv,High Volume For Hire Vehicle,weekend,false,,59465,1815323.47,264545.13,76841632.0,15552,59465,72767.67,1473040.13,64880.536,-5895.7142,480.1782
2022-11-27,green,Green Boro Taxi,weekend,false,,159,5146.72,532.06,161765.0,108,117,606.81,3062.54,188.0605,-22.6041,-6.4564
2022-11-27,yellow,Yellow Medallion Taxi,weekend,false,,9484,273483.48,23717.02,6945280.0,6121,6618,28491.79,140735.24,10294.2286,-1100.4492,290.2206
2022-11-28,fhvhv,High Volume For Hire Vehicle,weekday,false,,56441,1818466.99,253748.71,81523658.0,14700,56441,72570.97,1480538.85,64638.2627,-8330.8423,133.5795
2022-11-28,green,Green Boro Taxi,weekday,false,,162,5333.47,532.95,173964.0,97,109,590.65,2977.22,187.157,-22.8526,-2.3044
2022-11-28,yellow,Yellow Medallion Taxi,weekday,false,,8827,260096.44,21563.77,6876088.0,5716,6196,27006.94,133020.03,10260.1832,-1437.1947,4.0115
2022-11-29,fhvhv,High Volume For Hire Vehicle,weekday,false,,59345,1902085.29,264788.12,84994699.0,15402,59345,76933.45,1546330.8,64352.6275,-6363.696,1356.0685
2022-11-29,green,Green Boro Taxi,weekday,false,,188,6206.57,594.24,194297.0,135,143,865.68,3915.92,185.8975,-7.1654,9.2679
2022-11-29,yellow,Yellow Medallion Taxi,weekday,false,,9297,274954.17,22608.31,7238350.0,6038,6525,28479.44,139939.41,10178.3371,-965.0335,83.6963
2022-11-30,fhvhv,High Volume For Hire Vehicle,weekday,false,,62428,2006237.22,279386.76,89952034.0,16064,62428,80255.19,1633161.69,63951.7767,-3097.7791,1574.0024
2022-11-30,green,Green Boro Taxi,weekday,false,,180,5560.78,536.28,178948.0,118,128,640.19,3101.25,184.48,-9.7379,5.2579
2022-11-30,yellow,Yellow Medallion Taxi,weekday,false,,9908,290502.27,23839.9,7657173.0,6369,6865,30115.38,146479.19,10096.296,-535.443,347.147
2022-12-01,fhvhv,High Volume For Hire Vehicle,weekday,false,,62346,1996957.57,278276.95,89344971.0,16055,62346,79584.77,1625186.04,63561.6194,1038.3005,-2253.9199
2022-12-01,green,Green Boro Taxi,weekday,false,,179,6234.9,636.6,202480.0,114,125,722.57,3691.56,183.2091,-4.2934,0.0844
2022-12-01,yellow,Yellow Medallion Taxi,weekday,false,,9669,285435.5,23478.65,7539335.0,6243,6716,29606.96,143728.28,10020.8881,149.9697,-501.8578
2022-12-02,fhvhv,High Volume For Hire Vehicle,weekday,false,,70606,2258481.14,314595.98,100864824.0,18573,70606,91565.79,1836595.97,63180.8307,7537.3868,-112.2175
2022-12-02,green,Green Boro Taxi,weekday,false,,194,6072.11,616.32,191498.0,127,135,679.12,3332.16,182.2205,20.0292,-8.2497
2022-12-02,yellow,Yellow Medallion Taxi,weekday,false,,11154,329894.76,27295.1,8776232.0,7151,7734,34130.93,166865.18,9949.2638,1539.0964,-334.3603
2022-12-03,fhvhv,High Volume For Hire Vehicle,weekend,false,,75855,2327221.4,339433.98,98821145.0,19612,75855,92824.01,1890038.58,62794.8592,14807.6759,-1747.535
2022-12-03,green,Green Boro Taxi,weekend,false,,231,8063.29,861.9,251385.0,144,153,955.04,4610.86,181.4273,48.5481,1.0245
2022-12-03,yellow,Yellow Medallion Taxi,weekend,false,,11826,335953.93,28882.94,8424540.0,7583,8197,34705.94,169918.35,9872.6515,2296.8626,-343.5141
2022-12-04,fhvhv,High Volume For Hire Vehicle,weekend,false,,55479,1696375.36,246977.09,71914488.0,14518,55479,68217.71,1376630.34,62413.2164,-5741.304,-1192.9125
2022-12-04,green,Green Boro Taxi,weekend,false,,148,4340.24,446.56,130084.0,106,114,526.71,2567.64,180.7316,-19.5803,-13.1513
2022-12-04,yellow,Yellow Medallion Taxi,weekend,false,,8627,242841.32,21015.34,6083992.0,5545,5998,24884.81,122357.31,9782.3365,-1080.3927,-74.9439
2022-12-05,fhvhv,High Volume For Hire Vehicle,weekday,false,,52864,1699342.98,237461.2,76013703.0,13619,52864,68052.5,1383224.63,62093.9883,-8229.9607,-1000.0276
2022-12-05,green,Green Boro Taxi,weekday,false,,162,5112.8,494.71,159854.0,105,113,644.71,2986.63,180.3863,-23.7009,5.3145
2022-12-05,yellow,Yellow Medallion Taxi,weekday,false,,8312,243276.93,20159.47,6488672.0,5317,5747,24751.07,122318.59,9691.2429,-1411.5544,32.3115
2022-12-06,fhvhv,High Volume For Hire Vehicle,weekday,false,,55386,1759223.97,244445.81,78568049.0,14348,55386,70416.17,1431224.78,61839.444,-6331.1227,-122.3213
2022-12-06,green,Green Boro Taxi,weekday,false,,161,5772.85,575.69,191782.0,98,112,664.79,3333.91,180.9332,-11.6394,-8.2937
2022-12-06,yellow,Yellow Medallion Taxi,weekday,false,,8651,255086.61,21092.16,6792254.0,5548,5992,26207.45,128687.83,9655.6136,-945.0003,-59.6133
2022-12-07,fhvhv,High Volume For Hire Vehicle,weekday,false,,58078,1854156.93,258154.26,82791782.0,15197,58078,74705.91,1507939.3,61610.3834,-3155.543,-376.8403
2022-12-07,green,Green Boro Taxi,weekday,false,,175,5748.44,559.72,186502.0,118,125,724.81,3421.28,182.2221,-10.7498,3.5277
2022-12-07,yellow,Yellow Medallion Taxi,weekday,false,,9085,268968.35,22219.34,7139051.0,5821,6276,27584.82,136459.29,9642.4733,-528.1898,-29.2835
2022-12-08,fhvhv,High Volume For Hire Vehicle,weekday,false,,62117,1991570.77,277150.45,89109249.0,16112,62117,79972.83,1619848.84,61425.1077,837.1632,-145.2709
2022-12-08,green,Green Boro Taxi,weekday,false,,173,5443.7,545.61,172491.0,104,111,615.14,3003.3,183.7495,-7.3169,-3.4326
2022-12-08,yellow,Yellow Medallion Taxi,weekday,false,,9776,290719.83,24210.59,7769922.0,6288,6771,30149.75,148009.8,9637.7756,180.0222,-41.7978
2022-12-09,fhvhv,High Volume For Hire Vehicle,weekday,false,,70901,2265930.86,315059.75,101243702.0,18360,70901,91460.71,1842256.91,61353.2456,8371.681,1176.0734
2022-12-09,green,Green Boro Taxi,weekday,false,,209,6779.65,655.52,219767.0,141,151,842.54,4054.66,184.6895,23.5892,0.7213
2022-12-09,yellow,Yellow Medallion Taxi,weekday,false,,11136,328137.42,27333.34,8788944.0,7179,7751,33768.51,165159.12,9640.7258,1493.3769,1.8974
2022-12-10,fhvhv,High Volume For Hire Vehicle,weekend,false,,75311,2306827.7,335989.75,97832148.0,19593,75311,92605.02,1872018.75,61330.6824,14112.1624,-131.8448
2022-12-10,green,Green Boro Taxi,weekend,false,,205,5852.07,593.16,173568.0,141,151,716.58,3494.69,184.7646,51.0305,-30.7951
2022-12-10,yellow,Yellow Medallion Taxi,weekend,false,,11781,333988.85,28563.6,8349151.0,7523,8114,33798.03,166182.71,9650.3463,2215.961,-85.3073
2022-12-11,fhvhv,High Volume For Hire Vehicle,weekend,false,,55574,1705057.99,248666.88,72353295.0,14405,55574,68750.7,1384261.26,61323.2816,-5733.6926,-15.589
2022-12-11,green,Green Boro Taxi,weekend,false,,181,5467.48,569.46,168334.0,110,121,617.94,2975.62,184.5396,-12.7716,9.232
2022-12-11,yellow,Yellow Medallion Taxi,weekend,false,,8610,246683.03,21363.81,6214500.0,5585,6044,25905.25,126889.27,9665.0504,-1024.7984,-30.2519
2022-12-12,fhvhv,High Volume For Hire Vehicle,weekday,false,,52961,1699353.73,236807.28,75970588.0,13921,52961,68367.59,1382026.99,61333.1273,-8262.7703,-109.357
2022-12-12,green,Green Boro Taxi,weekday,false,,157,5139.63,526.92,164305.0,95,106,523.87,2712.4,184.4728,-33.2722,5.7994
2022-12-12,yellow,Yellow Medallion Taxi,weekday,false,,8284,246043.74,20395.21,6556278.0,5337,5754,25217.86,124232.3,9682.9731,-1405.7726,6.7995
2022-12-13,fhvhv,High Volume For Hire Vehicle,weekday,false,,54945,1761463.17,245418.52,78839947.0,14267,54945,70569.64,1433509.38,61366.3835,-6431.1994,9.8158
2022-12-13,green,Green Boro Taxi,weekday,false,,137,4076.46,402.41,129955.0,83,93,448.49,2254.4,184.2872,-15.4226,-31.8645
2022-12-13,yellow,Yellow Medallion Taxi,weekday,false,,8755,256299.37,21175.64,6801033.0,5665,6106,26710.92,130201.26,9700.4266,-947.0405,1.6139
2022-12-14,fhvhv,High Volume For Hire Vehicle,weekday,false,,58048,1860659.14,259028.74,83273212.0,15157,58048,74198.89,1513812.59,61409.1214,-3354.4831,-6.6384
2022-12-14,green,Green Boro Taxi,weekday,false,,168,4927.5,493.84,154496.0,108,117,544.44,2861.21,183.7119,-12.7407,-2.9712
2022-12-14,yellow,Yellow Medallion Taxi,weekday,false,,9210,274249.18,22573.89,7250907.0,5921,6399,28232.56,139114.73,9715.6814,-559.0522,53.3707
2022-12-15,fhvhv,High Volume For Hire Vehicle,weekday,false,,62391,2006299.37,279381.85,89804485.0,16296,62391,80917.75,1631650.45,61452.0101,1001.9195,-62.9297
2022-12-15,green,Green Boro Taxi,weekday,false,,169,5362.56,532.59,166562.0,117,123,676.39,3254.69,182.4598,-3.1049,-10.3549
2022-12-15,yellow,Yellow Medallion Taxi,weekday,false,,10065,297285.62,24547.66,7907424.0,6431,6973,30635.65,150872.15,9727.444,213.947,123.6089
2022-12-16,fhvhv,High Volume For Hire Vehicle,weekday,false,,70681,2263355.06,315336.59,101162026.0,18377,70681,90486.9,1841035.67,61496.6986,9004.5993,179.7021
2022-12-16,green,Green Boro Taxi,weekday,false,,212,6490.62,645.94,206048.0,137,147,726.69,3707.44,180.8407,27.8417,3.3176
2022-12-16,yellow,Yellow Medallion Taxi,weekday,false,,11217,329377.42,27481.9,8831087.0,7183,7767,33592.51,165863.89,9734.058,1522.8569,-39.9149
2022-12-17,fhvhv,High Volume For Hire Vehicle,weekend,false,,75170,2305890.37,336071.62,97637401.0,19643,75170,92914.88,1869774.27,61548.0613,14399.2693,-777.3306
2022-12-17,green,Green Boro Taxi,weekend,false,,236,6908.25,720.52,209122.0,154,160,775.66,3793.14,179.5583,51.3693,5.0724
2022-12-17,yellow,Yellow Medallion Taxi,weekend,false,,11935,342413.84,29345.49,8596518.0,7713,8343,35774.34,176033.85,9735.869,2141.5718,57.5592
2022-12-18,fhvhv,High Volume For Hire Vehicle,weekend,false,,55323,1690292.27,245963.07,71520062.0,14400,55323,68462.33,1370416.52,61604.6227,-6229.132,-52.4907
2022-12-18,green,Green Boro Taxi,weekend,false,,173,5612.08,577.84,174407.0,119,127,685.04,3324.86,178.8027,-3.1572,-2.6455
2022-12-18,yellow,Yellow Medallion Taxi,weekend,false,,8838,246403.52,21200.72,6153743.0,5600,6067,25116.05,124113.99,9734.9014,-902.0087,5.1073
2022-12-19,fhvhv,High Volume For Hire Vehicle,weekday,false,,53197,1702795.38,237133.68,76080032.0,13849,53197,68367.73,1384722.48,61662.2173,-8421.5509,-43.6665
2022-12-19,green,Green Boro Taxi,weekday,false,,168,5620.69,561.67,187853.0,114,117,595.92,2979.27,178.1734,-45.9671,35.7937
2022-12-19,yellow,Yellow Medallion Taxi,weekday,false,,8278,246302.23,20584.88,6609823.0,5361,5765,25759.24,125601.74,9730.6632,-1447.6905,-4.9727
2022-12-20,fhvhv,High Volume For Hire Vehicle,weekday,false,,54990,1762415.21,244962.21,78835052.0,14461,54990,71933.54,1432797.21,61719.9091,-6613.7463,-116.1628
2022-12-20,green,Green Boro Taxi,weekday,false,,160,5253.47,531.18,174004.0,96,105,542.51,2689.95,177.206,-18.0178,0.8118
2022-12-20,yellow,Yellow Medallion Taxi,weekday,false,,8761,259145.52,21329.96,6832997.0,5728,6156,27547.4,134413.84,9723.9686,-940.6547,-22.3139
2022-12-21,fhvhv,High Volume For Hire Vehicle,weekday,false,,58314,1866981.8,259654.7,83417629.0,15175,58314,75226.25,1517539.67,61779.1669,-3418.2704,-46.8966
2022-12-21,green,Green Boro Taxi,weekday,false,,157,4921.79,485.48,158809.0,100,108,563.31,2850.63,175.6951,-13.5746,-5.1205
2022-12-21,yellow,Yellow Medallion Taxi,weekday,false,,9036,268368.85,22195.96,7136035.0,5798,6297,28033.79,136991.58,9718.1776,-569.3528,-112.8248
2022-12-22,fhvhv,High Volume For Hire Vehicle,weekday,false,,62971,2015774.44,280660.41,90150369.0,16327,62971,80944.86,1639886.8,61833.0954,1002.244,135.6606
2022-12-22,green,Green Boro Taxi,weekday,false,,188,6016.24,594.42,187316.0,138,143,771.98,3824.32,174.1767,3.0166,10.8067
2022-12-22,yellow,Yellow Medallion Taxi,weekday,false,,9949,294507.75,24254.56,7792600.0,6357,6895,30184.53,149213.8,9718.3944,187.1141,43.4916
2022-12-23,fhvhv,High Volume For Hire Vehicle,weekday,false,,71291,2270063.9,315907.68,101299490.0,18454,71291,91124.81,1846175.56,61878.2473,9387.8204,24.9324
2022-12-23,green,Green Boro Taxi,weekday,false,,208,6532.31,657.03,210371.0,130,146,706.81,3592.5,173.0557,30.9217,4.0225
2022-12-23,yellow,Yellow Medallion Taxi,weekday,false,,11329,336857.29,27913.92,8927440.0,7256,7814,34913.0,169846.61,9723.9016,1534.3572,70.7413
2022-12-24,fhvhv,High Volume For Hire Vehicle,weekend,false,,76619,2346956.41,342000.41,99512737.0,20008,76619,94134.14,1904701.44,61922.1311,14579.8711,116.9978
2022-12-24,green,Green Boro Taxi,weekend,false,,205,6159.6,627.92,192201.0,125,136,676.85,3146.57,172.1153,53.5903,-20.7056
2022-12-24,yellow,Yellow Medallion Taxi,weekend,false,,11769,336720.73,28925.72,8479042.0,7656,8298,35078.68,174028.04,9731.5628,2144.2798,-106.8426
2022-12-25,fhvhv,High Volume For Hire Vehicle,weekend,true,Christmas Day,34627,1061380.36,154420.83,45088949.0,8998,34627,42214.6,861573.28,61962.8106,-6201.8461,-21133.9645
2022-12-25,green,Green Boro Taxi,weekend,true,Christmas Day,92,2801.17,280.93,82904.0,70,72,379.71,1732.42,171.1288,-3.7946,-75.3341
2022-12-25,yellow,Yellow Medallion Taxi,weekend,true,Christmas Day,5498,155870.83,13353.48,3892788.0,3496,3800,16130.67,79480.44,9742.1488,-949.3457,-3294.8031
2022-12-26,fhvhv,High Volume For Hire Vehicle,weekday,true,Christmas Day (observed),32782,1047183.36,146056.96,46733124.0,8442,32782,41604.16,851825.26,61993.2299,-8642.7911,-20568.4388
2022-12-26,green,Green Boro Taxi,weekday,true,Christmas Day (observed),104,3080.78,297.48,95924.0,71,75,369.71,1774.84,170.1802,-58.9358,-7.2444
2022-12-26,yellow,Yellow Medallion Taxi,weekday,true,Christmas Day (observed),5176,153255.95,12691.42,4073378.0,3253,3572,15623.54,78254.87,9754.9681,-1400.425,-3178.5431
2022-12-27,fhvhv,High Volume For Hire Vehicle,weekday,false,,55173,1770167.47,246222.71,79068561.0,14587,55173,72055.67,1438159.7,62010.7273,-6754.8913,-82.836
2022-12-27,green,Green Boro Taxi,weekday,false,,154,4671.1,449.81,146550.0,95,104,581.27,2651.4,169.2854,-18.5879,3.3025
2022-12-27,yellow,Yellow Medallion Taxi,weekday,false,,8856,264072.97,22070.13,7092713.0,5688,6155,27206.19,134444.6,9767.7144,-919.4558,7.7414
2022-12-28,fhvhv,High Volume For Hire Vehicle,weekday,false,,58628,1871448.78,260968.01,83559870.0,15277,58628,74349.47,1522784.88,62117.2184,-3450.305,-38.9134
2022-12-28,green,Green Boro Taxi,weekday,false,,160,4894.36,476.91,150642.0,105,110,635.01,2870.28,168.8326,-11.3845,2.5519
2022-12-28,yellow,Yellow Medallion Taxi,weekday,false,,9204,269711.4,22438.89,7176587.0,5822,6340,27361.45,135317.22,9780.7936,-561.556,-15.2375
2022-12-29,fhvhv,High Volume For Hire Vehicle,weekday,false,,62431,1997141.89,278039.28,89248475.0,16235,62431,80817.83,1624254.55,62405.2841,951.0981,-925.3822
2022-12-29,green,Green Boro Taxi,weekday,false,,176,5536.08,540.98,180199.0,116,124,636.16,3138.86,169.1828,10.9193,-4.1021
2022-12-29,yellow,Yellow Medallion Taxi,weekday,false,,9885,292833.76,24276.33,7798998.0,6331,6857,29830.85,147849.97,9801.2174,123.6071,-39.8246
2022-12-30,fhvhv,High Volume For Hire Vehicle,weekday,false,,71081,2286931.27,318577.46,102555683.0,18351,71081,91270.1,1861641.39,62604.3087,9551.1133,-1074.4221
2022-12-30,green,Green Boro Taxi,weekday,false,,198,6474.08,646.0,206880.0,124,135,767.07,3712.32,169.8882,31.9963,-3.8845
2022-12-30,yellow,Yellow Medallion Taxi,weekday,false,,11381,339434.88,28189.12,9021250.0,7337,7917,35343.4,173361.63,9829.8319,1533.7543,17.4138
2022-12-31,fhvhv,High Volume For Hire Vehicle,weekend,false,,75769,2330722.64,340286.92,98949114.0,19786,75769,93330.81,1892428.84,62790.7934,14765.3424,-1787.1358
2022-12-31,green,Green Boro Taxi,weekend,false,,230,7288.07,749.41,228667.0,149,155,836.83,3988.32,170.7462,53.5666,5.6872
2022-12-31,yellow,Yellow Medallion Taxi,weekend,false,,12022,338904.07,29160.77,8409094.0,7773,8401,35064.51,173080.92,9857.6663,2166.4157,-2.082
2023-01-01,fhvhv,High Volume For Hire Vehicle,weekend,true,New Year's Day,35632,1093451.19,159296.02,46304590.0,9361,35632,44682.0,886495.95,62982.2997,-6277.3239,-21072.9759
2023-01-01,green,Green Boro Taxi,weekend,true,New Year's Day,97,2732.95,297.59,79529.0,50,54,274.57,1286.12,171.8458,-3.845,-71.0008
2023-01-01,yellow,Yellow Medallion Taxi,weekend,true,New Year's Day,5624,159916.34,13742.52,4013374.0,3592,3881,16568.03,81019.25,9879.8448,-956.5089,-3299.3359
2023-01-02,fhvhv,High Volume For Hire Vehicle,weekday,true,New Year's Day (observed),33761,1083803.44,150960.88,48375954.0,8793,33761,44460.76,880529.74,63216.1883,-8798.4325,-20656.7558
2023-01-02,green,Green Boro Taxi,weekday,true,New Year's Day (observed),105,3336.65,334.94,105292.0,69,72,378.39,1730.76,173.1009,-67.0513,-1.0496
2023-01-02,yellow,Yellow Medallion Taxi,weekday,true,New Year's Day (observed),5277,155293.05,12740.04,4108218.0,3392,3676,16071.4,79233.49,9897.9395,-1374.9694,-3245.9701
2023-01-03,fhvhv,High Volume For Hire Vehicle,weekday,false,,56825,1815049.29,252539.23,81231934.0,14768,56825,73219.82,1477355.92,63535.0844,-6818.3926,108.3081
2023-01-03,green,Green Boro Taxi,weekday,false,,148,4752.88,464.69,152529.0,96,103,585.85,2848.03,174.5337,-20.6462,-5.8875
2023-01-03,yellow,Yellow Medallion Taxi,weekday,false,,9032,269473.62,22230.09,7137950.0,5841,6340,28165.06,138662.91,9915.5955,-901.2193,17.6238
2023-01-04,fhvhv,High Volume For Hire Vehicle,weekday,false,,60198,1930747.24,268901.19,86433780.0,15738,60198,77461.9,1571107.64,63626.9329,-3455.857,26.9241
2023-01-04,green,Green Boro Taxi,weekday,false,,164,4839.47,485.7,152904.0,100,107,519.58,2571.26,176.0102,-8.5961,-3.4141
2023-01-04,yellow,Yellow Medallion Taxi,weekday,false,,9551,279732.62,23150.05,7399739.0,6273,6744,29378.86,143436.27,9933.5182,-546.6183,164.1001
2023-01-05,fhvhv,High Volume For Hire Vehicle,weekday,false,,64485,2064692.66,287660.11,92280581.0,16761,64485,82968.45,1679462.33,63613.6819,907.0767,-35.7585
2023-01-05,green,Green Boro Taxi,weekday,false,,197,5676.73,567.14,173644.0,118,126,617.43,3007.39,177.3126,13.5653,6.1221
2023-01-05,yellow,Yellow Medallion Taxi,weekday,false,,10016,295195.97,24330.65,7803442.0,6451,6971,30509.56,149636.72,9949.365,53.1969,13.438
2023-01-06,fhvhv,High Volume For Hire Vehicle,weekday,false,,73285,2355526.86,328816.48,105541826.0,18938,73285,93007.97,1918313.09,63600.8638,9707.6804,-23.5442
2023-01-06,green,Green Boro Taxi,weekday,false,,209,6802.01,685.16,221093.0,125,140,772.83,3849.08,178.6308,28.0169,2.3523
2023-01-06,yellow,Yellow Medallion Taxi,weekday,false,,11432,336445.94,27796.35,8879143.0,7285,7872,34167.73,167405.45,9959.1476,1509.3582,-36.5058
2023-01-07,fhvhv,High Volume For Hire Vehicle,weekend,false,,78427,2392811.7,348288.8,101271489.0,20621,78427,96352.13,1940925.5,63592.239,14805.9765,28.7846
2023-01-07,green,Green Boro Taxi,weekend,false,,233,7076.23,746.16,215515.0,150,162,781.67,3974.71,180.0579,52.3469,0.5952
2023-01-07,yellow,Yellow Medallion Taxi,weekend,false,,12161,341386.28,29272.74,8526805.0,7776,8424,34897.09,171732.75,9961.7203,2240.0272,-40.7475
2023-01-08,fhvhv,High Volume For Hire Vehicle,weekend,false,,57338,1755857.42,255511.1,74390436.0,14957,57338,71141.69,1423852.19,63593.4053,-6223.2932,-32.1121
2023-01-08,green,Green Boro Taxi,weekend,false,,179,5088.78,512.8,153741.0,117,129,597.69,3046.48,181.4952,-3.5574,1.0622
2023-01-08,yellow,Yellow Medallion Taxi,weekend,false,,8981,255006.03,22010.28,6385277.0,5764,6225,26522.96,129099.06,9963.8241,-987.1418,4.3177
2023-01-09,fhvhv,High Volume For Hire Vehicle,weekday,false,,54643,1754633.68,244504.78,78467073.0,14379,54643,71716.48,1427008.21,63607.1538,-8962.8118,-1.342
2023-01-09,green,Green Boro Taxi,weekday,false,,165,4765.29,465.07,149357.0,108,113,550.59,2656.28,182.5934,-53.0825,35.4891
2023-01-09,yellow,Yellow Medallion Taxi,weekday,false,,8637,254761.86,21162.56,6787935.0,5599,6051,26300.33,129026.78,9969.8357,-1335.5785,2.7428
2023-01-10,fhvhv,High Volume For Hire Vehicle,weekday,false,,56614,1810859.43,252106.12,80967453.0,14737,56614,72512.4,1473174.39,63630.9033,-6808.0212,-208.8821
2023-01-10,green,Green Boro Taxi,weekday,false,,157,5110.84,521.87,163231.0,109,114,574.92,2955.12,183.1799,-20.7382,-5.4417
2023-01-10,yellow,Yellow Medallion Taxi,weekday,false,,9084,271104.37,22470.45,7261695.0,5799,6270,27855.47,135875.55,9979.6848,-951.1686,55.4838
2023-01-11,fhvhv,High Volume For Hire Vehicle,weekday,false,,60245,1929567.61,268659.62,86283659.0,15731,60245,78312.79,1569506.8,63661.7491,-3451.8413,35.0922
2023-01-11,green,Green Boro Taxi,weekday,false,,181,6067.52,624.83,195765.0,104,118,654.68,3300.06,183.4042,-9.0899,6.6857
2023-01-11,yellow,Yellow Medallion Taxi,weekday,false,,9425,280210.8,23129.14,7436451.0,6015,6496,28776.18,140938.84,9992.4985,-509.5357,-57.9628
2023-01-12,fhvhv,High Volume For Hire Vehicle,weekday,false,,64410,2072529.73,288924.46,92820168.0,16821,64410,83838.14,1686403.68,63695.4707,903.51,-188.9806
2023-01-12,green,Green Boro Taxi,weekday,false,,194,6420.63,630.14,213439.0,121,131,690.02,3518.92,183.4543,11.2959,-0.7502
2023-01-12,yellow,Yellow Medallion Taxi,weekday,false,,9897,289929.95,24041.51,7727318.0,6392,6915,29741.94,147069.19,10005.8338,32.958,-141.7919
2023-01-13,fhvhv,High Volume For Hire Vehicle,weekday,false,,73675,2356092.99,328119.35,105346587.0,19079,73675,94517.05,1917013.35,63725.2224,9843.3354,106.4422
2023-01-13,green,Green Boro Taxi,weekday,false,,214,6251.42,608.73,198878.0,129,140,700.66,3406.41,183.4031,21.8483,8.7486
2023-01-13,yellow,Yellow Medallion Taxi,weekday,false,,11552,341159.84,28250.17,9067580.0,7458,8081,35437.25,174158.35,10017.5967,1467.8536,66.5497
2023-01-14,fhvhv,High Volume For Hire Vehicle,weekend,false,,78675,2420995.6,353003.98,102875586.0,20491,78675,96768.95,1965553.77,63752.928,14785.0351,137.0369
2023-01-14,green,Green Boro Taxi,weekend,false,,230,6904.72,704.88,207915.0,152,167,871.68,4212.33,183.2993,50.0359,-3.3352
2023-01-14,yellow,Yellow Medallion Taxi,weekend,false,,12389,358016.35,30999.21,9048165.0,8040,8701,37773.35,183838.51,10028.7668,2328.4,31.8331
2023-01-15,fhvhv,High Volume For Hire Vehicle,weekend,false,,57435,1764429.49,256758.1,74885465.0,15034,57435,71120.51,1431144.9,63773.0014,-6410.2213,72.2199
2023-01-15,green,Green Boro Taxi,weekend,false,,171,5196.29,539.24,155196.0,114,125,618.92,3139.37,183.0101,-9.7785,-2.2316
2023-01-15,yellow,Yellow Medallion Taxi,weekend,false,,9025,255479.4,22202.65,6449344.0,5813,6292,26541.34,130479.69,10039.2231,-1007.5742,-6.649
2023-01-16,fhvhv,High Volume For Hire Vehicle,weekday,true,Martin Luther King Jr. Day,34075,1093219.39,152010.51,48943560.0,8940,34075,44476.83,889097.05,63780.9595,-8925.4914,-20780.4681
2023-01-16,green,Green Boro Taxi,weekday,true,Martin Luther King Jr. Day,92,2789.87,281.55,88900.0,58,60,292.61,1437.38,182.7401,-43.8049,-46.9353
2023-01-16,yellow,Yellow Medallion Taxi,weekday,true,Martin Luther King Jr. Day,5375,158228.39,13079.04,4199166.0,3417,3717,16471.74,80687.34,10051.2976,-1329.4127,-3346.8849
2023-01-17,fhvhv,High Volume For Hire Vehicle,weekday,false,,57077,1825748.77,254113.35,81559139.0,14745,57077,73546.2,1484486.58,63778.8138,-6797.6787,95.8649
2023-01-17,green,Green Boro Taxi,weekday,false,,166,5207.0,521.45,163318.0,106,115,634.59,2973.27,182.4323,-13.9341,-2.4982
2023-01-17,yellow,Yellow Medallion Taxi,weekday,false,,9288,273342.23,22687.45,7311264.0,5997,6487,28352.7,138813.79,10063.8634,-1028.8192,252.9558
2023-01-18,fhvhv,High Volume For Hire Vehicle,weekday,false,,60235,1930462.98,269311.36,86329060.0,15492,60235,76390.47,1571118.89,63773.1371,-3442.5915,-95.5456
2023-01-18,green,Green Boro Taxi,weekday,false,,173,6136.36,617.54,201265.0,112,121,714.18,3627.39,182.235,-8.1415,-1.0935
2023-01-18,yellow,Yellow Medallion Taxi,weekday,false,,9575,281064.69,23202.84,7447643.0,6076,6564,28618.01,140355.28,10073.9746,-477.4147,-21.5599
2023-01-19,fhvhv,High Volume For Hire Vehicle,weekday,false,,64961,2091077.09,291285.32,93602315.0,16955,64961,84585.81,1700508.99,63763.7846,969.6605,227.5549
2023-01-19,green,Green Boro Taxi,weekday,false,,209,6532.34,652.9,207816.0,133,144,727.6,3766.79,182.2558,5.5278,21.2164
2023-01-19,yellow,Yellow Medallion Taxi,weekday,false,,10156,300415.27,24841.01,8001357.0,6518,7045,31407.88,153212.16,10080.311,31.3365,44.3525
2023-01-20,fhvhv,High Volume For Hire Vehicle,weekday,false,,73536,2353826.96,327941.98,105133898.0,19175,73536,94105.63,1914118.29,63762.8866,10009.5799,-236.4665
2023-01-20,green,Green Boro Taxi,weekday,false,,188,5852.52,574.83,182448.0,132,137,711.64,3344.41,182.2921,17.7055,-11.9976
2023-01-20,yellow,Yellow Medallion Taxi,weekday,false,,11461,339422.45,28065.66,9040055.0,7356,7927,35202.54,170765.77,10086.9749,1466.682,-92.6569
2023-01-21,fhvhv,High Volume For Hire Vehicle,weekend,false,,78292,2399058.93,349325.44,101893854.0,20263,78292,95700.97,1947889.91,63774.3186,14700.8171,-183.1357
2023-01-21,green,Green Boro Taxi,weekend,false,,243,7263.06,751.43,219699.0,156,173,857.51,4296.9,181.9258,44.3336,16.7406
2023-01-21,yellow,Yellow Medallion Taxi,weekend,false,,12564,352900.16,30289.74,8783185.0,8059,8698,36545.29,178558.39,10092.5675,2390.6788,80.7536
2023-01-22,fhvhv,High Volume For Hire Vehicle,weekend,false,,57095,1748593.29,255083.65,74067311.0,14821,57095,70166.22,1419003.84,63794.2215,-6578.2657,-120.9558
2023-01-22,green,Green Boro Taxi,weekend,false,,165,5629.41,601.61,171436.0,105,116,687.93,3115.18,181.1146,-13.0498,-3.0648
2023-01-22,yellow,Yellow Medallion Taxi,weekend,false,,9061,259087.71,22485.21,6556327.0,5758,6218,26569.7,130317.36,10093.5342,-1008.175,-24.3593
2023-01-23,fhvhv,High Volume For Hire Vehicle,weekday,false,,55007,1759290.86,245214.06,78778345.0,14202,55007,69715.55,1432848.17,63814.9427,-8960.5932,152.6505
2023-01-23,green,Green Boro Taxi,weekday,false,,153,4419.35,435.7,138012.0,91,98,484.62,2221.09,180.2042,-30.2334,3.0292
2023-01-23,yellow,Yellow Medallion Taxi,weekday,false,,8817,262059.26,21813.48,7007021.0,5633,6078,26812.97,132434.24,10090.8893,-1360.8006,86.9113
2023-01-24,fhvhv,High Volume For Hire Vehicle,weekday,false,,58045,1868507.8,260506.08,83790098.0,15070,58045,74187.31,1521287.26,63839.5428,-6747.5352,952.9923
2023-01-24,green,Green Boro Taxi,weekday,false,,182,5713.11,578.84,181002.0,117,127,637.39,3310.88,179.4034,-11.0486,13.6452
2023-01-24,yellow,Yellow Medallion Taxi,weekday,false,,8924,265633.24,21855.29,7031786.0,5772,6243,27722.19,134638.39,10089.0041,-1109.6296,-55.3745
2023-01-25,fhvhv,High Volume For Hire Vehicle,weekday,false,,60468,1934452.74,269085.59,86424586.0,15821,60468,79172.01,1572617.66,63871.0998,-3511.5384,108.4386
2023-01-25,green,Green Boro Taxi,weekday,false,,164,4928.8,480.23,155042.0,112,121,600.93,2909.41,178.8503,-5.3251,-9.5252
2023-01-25,yellow,Yellow Medallion Taxi,weekday,false,,9691,285231.88,23500.88,7499743.0,6218,6784,29441.41,146233.96,10090.7716,-489.3442,89.5726
2023-01-26,fhvhv,High Volume For Hire Vehicle,weekday,false,,64841,2088574.88,291339.43,93603009.0,16945,64841,83864.96,1700067.8,63911.8492,1023.7389,-94.5881
2023-01-26,green,Green Boro Taxi,weekday,false,,171,5003.75,475.24,153754.0,121,131,645.68,3158.52,178.7955,1.2219,-9.0174
2023-01-26,yellow,Yellow Medallion Taxi,weekday,false,,10130,299073.69,24614.67,7959851.0,6571,7096,30981.24,152757.55,10098.0429,91.4238,-59.4667
2023-01-27,fhvhv,High Volume For Hire Vehicle,weekday,false,,74213,2387821.68,332899.5,106867754.0,19214,74213,96474.24,1942357.79,63949.5794,10103.9517,159.469
2023-01-27,green,Green Boro Taxi,weekday,false,,191,5756.47,588.02,176502.0,114,126,638.87,3284.19,179.3075,16.8387,-5.1462
2023-01-27,yellow,Yellow Medallion Taxi,weekday,false,,11529,341725.06,28170.53,9091899.0,7459,8079,35381.68,175026.17,10108.1664,1494.4811,-73.6475
2023-01-28,fhvhv,High Volume For Hire Vehicle,weekend,false,,78637,2416707.66,352916.64,102547894.0,20384,78637,96410.09,1962260.9,63979.413,14807.6674,-150.0804
2023-01-28,green,Green Boro Taxi,weekend,false,,216,6472.63,694.55,200703.0,138,153,623.74,3606.07,180.3169,40.7801,-5.0971
2023-01-28,yellow,Yellow Medallion Taxi,weekend,false,,12424,349251.45,30160.31,8744735.0,7959,8595,35973.44,176622.81,10125.9854,2441.4266,-143.412
2023-01-29,fhvhv,High Volume For Hire Vehicle,weekend,false,,57289,1757606.7,256390.56,74532109.0,14900,57289,70666.81,1426589.33,64010.0976,-6690.1941,-30.9035
2023-01-29,green,Green Boro Taxi,weekend,false,,172,5304.97,551.9,162455.0,114,122,635.08,3218.6,181.5055,-15.2663,5.7608
2023-01-29,yellow,Yellow Medallion Taxi,weekend,false,,9142,258476.28,22220.58,6496907.0,5851,6358,26660.3,131598.84,10167.7934,-1001.6924,-24.1009
2023-01-30,fhvhv,High Volume For Hire Vehicle,weekday,false,,54884,1758960.49,244788.51,78740023.0,14225,54884,70524.24,1431121.52,64051.0053,-9048.0363,-118.9691
2023-01-30,green,Green Boro Taxi,weekday,false,,149,5127.94,522.93,170288.0,90,103,516.39,2892.67,182.8974,-26.9407,-6.9567
2023-01-30,yellow,Yellow Medallion Taxi,weekday,false,,8749,258330.06,21344.7,6886569.0,5587,6042,26346.33,129918.88,10237.4694,-1406.5279,-81.9415
2023-01-31,fhvhv,High Volume For Hire Vehicle,weekday,false,,57540,1845198.99,257305.12,82567672.0,14931,57540,73933.82,1501818.75,64321.8757,-6699.9646,-81.9111
2023-01-31,green,Green Boro Taxi,weekday,false,,187,5658.63,552.43,181503.0,118,125,611.54,2996.24,184.5401,-13.6725,16.1324
2023-01-31,yellow,Yellow Medallion Taxi,weekday,false,,9113,268896.85,22153.26,7107881.0,5829,6331,27663.59,135839.45,10314.3656,-1169.5928,-31.7728
2023-02-01,fhvhv,High Volume For Hire Vehicle,weekday,false,,64456,2062421.6,286914.75,92189862.0,16828,64456,83553.12,1677085.04,65045.2121,-3572.6324,2983.4202
2023-02-01,green,Green Boro Taxi,weekday,false,,195,5411.6,529.31,166835.0,125,130,618.69,2862.65,186.284,-4.7375,13.4536
2023-02-01,yellow,Yellow Medallion Taxi,weekday,false,,10193,303433.72,25164.96,8056539.0,6540,7105,31519.55,154764.23,10391.5321,-532.8942,334.3621
2023-02-02,fhvhv,High Volume For Hire Vehicle,weekday,false,,69009,2217841.9,309371.79,99382118.0,17821,69009,87935.74,1805875.32,65571.185,993.4918,2444.3233
2023-02-02,green,Green Boro Taxi,weekday,false,,183,5684.17,564.37,180746.0,118,131,664.78,3506.84,187.8831,-1.6829,-3.2002
2023-02-02,yellow,Yellow Medallion Taxi,weekday,false,,10941,322652.29,26750.3,8591030.0,7023,7584,33362.59,162912.74,10467.2572,151.0754,322.6673
2023-02-03,fhvhv,High Volume For Hire Vehicle,weekday,false,,78676,2515606.75,350139.96,112676081.0,20286,78676,99510.64,2048260.11,65980.5193,10215.7877,2479.693
2023-02-03,green,Green Boro Taxi,weekday,false,,210,7001.46,700.45,226642.0,132,140,821.18,3733.55,189.2168,25.5149,-4.7317
2023-02-03,yellow,Yellow Medallion Taxi,weekday,false,,12237,363134.04,30188.03,9708633.0,7795,8450,37296.71,183848.53,10541.0904,1552.4849,143.4247
2023-02-04,fhvhv,High Volume For Hire Vehicle,weekend,false,,84332,2589454.02,377283.25,109927407.0,22070,84332,104195.85,2101658.54,66392.831,15021.8029,2917.3661
2023-02-04,green,Green Boro Taxi,weekend,false,,222,6385.55,657.28,194606.0,137,148,715.32,3453.94,190.6593,37.4751,-6.1344
2023-02-04,yellow,Yellow Medallion Taxi,weekend,false,,13123,371898.47,32078.53,9344908.0,8459,9128,38522.88,188993.67,10614.7356,2464.1054,44.159
2023-02-05,fhvhv,High Volume For Hire Vehicle,weekend,false,,61524,1883157.7,274470.24,79816418.0,15948,61524,75163.47,1528340.28,66916.8463,-6769.7147,1376.8684
2023-02-05,green,Green Boro Taxi,weekend,false,,174,5586.76,586.06,173569.0,108,118,638.87,3020.45,192.8683,-17.5814,-1.2868
2023-02-05,yellow,Yellow Medallion Taxi,weekend,false,,9749,274494.01,23833.93,6934458.0,6256,6761,28076.33,138314.82,10683.445,-994.5489,60.1039
2023-02-06,fhvhv,High Volume For Hire Vehicle,weekday,false,,58492,1880260.18,262016.06,84062316.0,15197,58492,75673.43,1528697.1,67603.5305,-9248.2748,136.7444
2023-02-06,green,Green Boro Taxi,weekday,false,,175,5655.04,561.82,185050.0,107,119,638.2,3025.27,195.7058,-21.5929,0.8871
2023-02-06,yellow,Yellow Medallion Taxi,weekday,false,,9286,275124.95,22721.54,7319947.0,5915,6413,28397.85,138963.2,10727.0298,-1510.8065,69.7767
2023-02-07,fhvhv,High Volume For Hire Vehicle,weekday,false,,61316,1956177.1,272190.47,87469585.0,15951,61316,78040.05,1591884.12,67898.2635,-6712.863,130.5995
2023-02-07,green,Green Boro Taxi,weekday,false,,170,5349.31,535.17,173402.0,110,118,579.28,2978.95,198.6609,-20.5766,-8.0843
2023-02-07,yellow,Yellow Medallion Taxi,weekday,false,,9569,283835.32,23471.35,7533825.0,6113,6613,28960.87,142354.56,10743.3621,-1159.8277,-14.5344
2023-02-08,fhvhv,High Volume For Hire Vehicle,weekday,false,,64236,2060478.77,286965.21,92141576.0,16801,64236,83552.42,1675731.32,68004.6571,-3626.6247,-142.0324
2023-02-08,green,Green Boro Taxi,weekday,false,,164,4492.77,424.38,135846.0,111,116,552.82,2422.3,201.1066,-4.6203,-32.4863
2023-02-08,yellow,Yellow Medallion Taxi,weekday,false,,10148,300977.65,24961.35,8017480.0,6548,7073,31315.18,154556.02,10752.7026,-576.1134,-28.5892
2023-02-09,fhvhv,High Volume For Hire Vehicle,weekday,false,,69178,2226221.43,310136.62,99584075.0,18080,69178,90613.49,1809936.36,68100.0802,959.777,118.1428
2023-02-09,green,Green Boro Taxi,weekday,false,,213,6675.46,665.28,211412.0,127,136,759.37,3536.12,202.7213,-2.2231,12.5018
2023-02-09,yellow,Yellow Medallion Taxi,weekday,false,,11045,326566.24,27026.86,8696356.0,7176,7721,33655.61,164665.31,10761.8928,184.3877,98.7194
2023-02-10,fhvhv,High Volume For Hire Vehicle,weekday,false,,78423,2521844.95,351913.53,112863646.0,20470,78423,101380.84,2052193.64,68190.6579,10316.611,-84.2689
2023-02-10,green,Green Boro Taxi,weekday,false,,254,8291.16,824.59,269752.0,170,181,937.13,4770.98,203.8615,32.4546,17.6839
2023-02-10,yellow,Yellow Medallion Taxi,weekday,false,,12331,362715.84,29968.94,9637453.0,7912,8596,37377.37,184830.07,10769.6064,1640.2398,-78.8462
2023-02-11,fhvhv,High Volume For Hire Vehicle,weekend,false,,83688,2566514.45,374311.75,108837112.0,21699,83688,103175.8,2083175.57,68268.3677,15237.8838,181.7484
2023-02-11,green,Green Boro Taxi,weekend,false,,245,6999.65,729.04,209933.0,154,166,791.81,3901.84,204.821,38.1515,2.0275
2023-02-11,yellow,Yellow Medallion Taxi,weekend,false,,13289,376799.73,32251.3,9423700.0,8554,9255,38832.23,191369.55,10776.4718,2477.9221,34.6062
2023-02-12,fhvhv,High Volume For Hire Vehicle,weekend,false,,61583,1892357.6,276050.35,80350427.0,16068,61583,76349.47,1536451.87,68331.1902,-6830.7735,82.5834
2023-02-12,green,Green Boro Taxi,weekend,false,,159,4937.43,502.84,154748.0,101,107,582.27,2809.82,205.441,-19.4038,-27.0372
2023-02-12,yellow,Yellow Medallion Taxi,weekend,false,,9762,273669.29,23480.96,6833872.0,6286,6794,27985.21,137587.55,10785.2789,-984.6869,-38.592
2023-02-13,fhvhv,High Volume For Hire Vehicle,weekday,false,,58927,1878473.67,261600.37,83821463.0,15342,58927,75753.07,1527726.91,68380.7507,-9280.7343,-173.0164
2023-02-13,green,Green Boro Taxi,weekday,false,,192,5825.48,572.62,184646.0,123,137,648.73,3320.49,204.915,-18.3285,5.4135
2023-02-13,yellow,Yellow Medallion Taxi,weekday,false,,9162,268249.65,22294.34,7167762.0,5881,6361,27567.85,136423.3,10795.2482,-1607.9197,-25.3285
2023-02-14,fhvhv,High Volume For Hire Vehicle,weekday,false,,61870,1978677.81,275899.42,88533742.0,15903,61870,78185.57,1611131.94,68416.5949,-6866.454,319.859
2023-02-14,green,Green Boro Taxi,weekday,false,,169,4912.21,494.16,151596.0,102,111,528.66,2734.22,203.4166,-29.9782,-4.4385
2023-02-14,yellow,Yellow Medallion Taxi,weekday,false,,9767,285635.56,23471.91,7502180.0,6320,6821,29574.88,145255.24,10804.4024,-1167.1914,129.789
2023-02-15,fhvhv,High Volume For Hire Vehicle,weekday,false,,64973,2084946.6,290706.12,93291523.0,16963,64973,83728.93,1696653.16,68437.2915,-3717.2213,252.9299
2023-02-15,green,Green Boro Taxi,weekday,false,,193,6620.87,674.88,212812.0,120,127,773.02,3586.68,201.908,-5.9554,-2.9526
2023-02-15,yellow,Yellow Medallion Taxi,weekday,false,,10069,297582.82,24472.83,7875201.0,6472,7046,30754.0,152239.83,10812.3725,-588.3491,-155.0234
2023-02-16,fhvhv,High Volume For Hire Vehicle,weekday,false,,69234,2221587.98,309495.96,99304966.0,18062,69234,90103.19,1806452.88,68436.0103,990.2371,-192.2475
2023-02-16,green,Green Boro Taxi,weekday,false,,190,5697.0,544.43,179937.0,127,140,713.21,3496.04,200.7407,0.7946,-11.5353
2023-02-16,yellow,Yellow Medallion Taxi,weekday,false,,11026,324579.15,26888.48,8653943.0,7010,7603,33295.73,163509.41,10816.4245,185.6905,23.885
2023-02-17,fhvhv,High Volume For Hire Vehicle,weekday,false,,78954,2535989.07,352840.39,113575719.0,20605,78954,102114.97,2062825.29,68416.7765,10456.6296,80.5939
2023-02-17,green,Green Boro Taxi,weekday,false,,248,7285.51,705.4,226257.0,162,168,874.29,3930.56,199.8696,34.8491,13.2813
2023-02-17,yellow,Yellow Medallion Taxi,weekday,false,,12581,373104.55,30791.84,9899563.0,8183,8828,38642.61,190257.39,10816.0559,1695.1558,69.7884
2023-02-18,fhvhv,High Volume For Hire Vehicle,weekend,false,,83915,2569676.98,374415.74,108855039.0,21761,83915,103875.66,2084581.44,68397.0927,15361.3507,156.5566
2023-02-18,green,Green Boro Taxi,weekend,false,,239,7383.48,779.13,219443.0,161,169,914.53,4317.96,199.052,40.6056,-0.6575
2023-02-18,yellow,Yellow Medallion Taxi,weekend,false,,13292,378535.77,32798.88,9484023.0,8512,9212,38833.45,192143.92,10812.3628,2450.36,29.2772
2023-02-19,fhvhv,High Volume For Hire Vehicle,weekend,false,,61443,1890306.9,275744.31,80304916.0,15942,61443,75301.93,1534810.48,68377.6959,-6871.6789,-63.0169
2023-02-19,green,Green Boro Taxi,weekend,false,,178,5795.0,612.13,179166.0,117,127,686.21,3190.7,198.1392,-21.6102,1.471
2023-02-19,yellow,Yellow Medallion Taxi,weekend,false,,9826,278982.95,24138.13,6998129.0,6334,6817,29202.39,141816.28,10804.7865,-987.9438,9.1573
2023-02-20,fhvhv,High Volume For Hire Vehicle,weekday,true,Washington's Birthday,36603,1173381.63,163631.73,52513799.0,9594,36603,47205.63,955171.41,68360.3721,-9214.6804,-22542.6917
2023-02-20,green,Green Boro Taxi,weekday,true,Washington's Birthday,108,3394.2,349.99,107472.0,58,67,340.33,1678.81,197.4233,-15.9271,-73.4962
2023-02-20,yellow,Yellow Medallion Taxi,weekday,true,Washington's Birthday,5702,172079.47,14316.18,4600120.0,3670,3957,17825.22,87006.94,10793.857,-1569.2552,-3522.6018
2023-02-21,fhvhv,High Volume For Hire Vehicle,weekday,false,,61149,1958220.23,272601.72,87519987.0,15870,61149,78774.97,1592360.77,68345.0791,-6840.9107,-355.1684
2023-02-21,green,Green Boro Taxi,weekday,false,,166,5695.9,561.64,182433.0,111,120,697.82,3454.37,196.6084,-30.8107,0.2023
2023-02-21,yellow,Yellow Medallion Taxi,weekday,false,,9545,281871.03,23287.65,7470300.0,6122,6660,29209.79,143587.93,10780.8214,-1160.7404,-75.081
2023-02-22,fhvhv,High Volume For Hire Vehicle,weekday,false,,64626,2074639.46,289023.61,92724907.0,16846,64626,83702.81,1686728.93,68323.2842,-3653.7672,-43.517
2023-02-22,green,Green Boro Taxi,weekday,false,,218,6718.5,669.29,212944.0,136,145,770.0,3801.62,195.3636,-8.4807,31.1171
2023-02-22,yellow,Yellow Medallion Taxi,weekday,false,,10290,304509.15,25293.56,8149967.0,6545,7103,31288.87,154663.04,10764.6855,-546.7837,72.0982
2023-02-23,fhvhv,High Volume For Hire Vehicle,weekday,false,,69665,2239124.65,311991.81,100215414.0,18137,69665,89968.09,1821421.12,68296.9513,1089.2694,278.7793
2023-02-23,green,Green Boro Taxi,weekday,false,,197,5951.33,572.32,186783.0,131,137,750.82,3503.56,193.7412,2.3591,0.8997
2023-02-23,yellow,Yellow Medallion Taxi,weekday,false,,10821,319409.75,26370.68,8430525.0,7053,7629,32931.98,163925.9,10748.2119,92.4881,-19.6999
2023-02-24,fhvhv,High Volume For Hire Vehicle,weekday,false,,79364,2550623.81,355121.69,114177829.0,20722,79364,103083.55,2074507.93,68278.3821,9869.5396,1216.0783
2023-02-24,green,Green Boro Taxi,weekday,false,,220,6783.48,664.78,214074.0,147,158,797.88,3981.79,192.1135,32.2276,-4.3411
2023-02-24,yellow,Yellow Medallion Taxi,weekday,false,,12477,369022.43,30455.44,9810671.0,8073,8711,38266.84,187829.73,10734.2847,1755.784,-13.0687
2023-02-25,fhvhv,High Volume For Hire Vehicle,weekend,false,,83648,2566557.76,373840.0,108983343.0,21525,83648,101814.79,2083402.7,68265.7202,15357.8982,24.3816
2023-02-25,green,Green Boro Taxi,weekend,false,,252,8340.43,906.14,246275.0,157,172,1009.3,4868.76,190.5259,39.7698,21.7042
2023-02-25,yellow,Yellow Medallion Taxi,weekend,false,,13117,376259.07,32701.75,9533574.0,8357,9070,38477.72,189308.07,10721.7891,2381.921,13.2899
2023-02-26,fhvhv,High Volume For Hire Vehicle,weekend,false,,61601,1891934.19,275396.14,80335868.0,16081,61601,76293.39,1535146.64,68236.0294,-6749.7502,114.7208
2023-02-26,green,Green Boro Taxi,weekend,false,,169,5444.85,560.08,164329.0,121,129,720.28,3463.23,188.8386,-21.4089,1.5703
2023-02-26,yellow,Yellow Medallion Taxi,weekend,false,,9735,276742.54,23847.75,6958543.0,6316,6829,29308.1,143637.06,10706.9623,-967.9597,-4.0026
2023-02-27,fhvhv,High Volume For Hire Vehicle,weekday,false,,59024,1892689.07,263402.92,84676593.0,15420,59024,76706.57,1539331.22,68016.0394,-9032.5843,40.5449
2023-02-27,green,Green Boro Taxi,weekday,false,,168,5154.9,515.33,164602.0,104,118,576.75,3095.51,186.9486,-14.3564,-4.5923
2023-02-27,yellow,Yellow Medallion Taxi,weekday,false,,9323,274555.4,22651.74,7305708.0,6017,6504,28457.73,139901.51,10575.7334,-1536.6546,283.9212
2023-02-28,fhvhv,High Volume For Hire Vehicle,weekday,false,,62001,1981871.47,276040.52,88621355.0,16075,62001,78784.57,1612794.1,66736.7982,-6708.903,1973.1048
2023-02-28,green,Green Boro Taxi,weekday,false,,193,5491.67,546.55,173391.0,117,128,575.27,2923.11,184.7849,-27.8361,36.0511
2023-02-28,yellow,Yellow Medallion Taxi,weekday,false,,9633,285959.82,23647.62,7615023.0,6232,6723,29302.65,144157.87,10353.5612,-1136.3058,415.7446
2023-03-01,fhvhv,High Volume For Hire Vehicle,weekday,false,,57428,1836445.8,255666.9,82084569.0,14976,57428,73408.16,1493808.76,65527.4169,-3569.7817,-4529.6352
2023-03-01,green,Green Boro Taxi,weekday,false,,174,5761.45,564.28,190066.0,122,131,681.16,3375.48,182.5939,-7.5912,-1.0026
2023-03-01,yellow,Yellow Medallion Taxi,weekday,false,,9178,270226.12,22211.7,7140764.0,5933,6395,27879.94,136314.74,10227.0238,-496.1511,-552.8727
2023-03-02,fhvhv,High Volume For Hire Vehicle,weekday,false,,61939,1993482.49,278377.94,89402099.0,16087,61939,78722.57,1624025.06,64714.6543,1189.3679,-3965.0221
2023-03-02,green,Green Boro Taxi,weekday,false,,195,6354.56,627.61,207400.0,118,129,740.92,3619.77,180.5245,3.6274,10.8481
2023-03-02,yellow,Yellow Medallion Taxi,weekday,false,,9650,286206.38,23679.71,7605621.0,6210,6752,29117.83,144449.27,10124.2231,62.4563,-536.6794
2023-03-03,fhvhv,High Volume For Hire Vehicle,weekday,false,,69226,2223265.8,309944.04,99538565.0,18193,69226,90160.11,1809378.26,63977.2468,9590.9394,-4342.1862
2023-03-03,green,Green Boro Taxi,weekday,false,,198,6293.89,641.05,195401.0,128,137,739.41,3650.34,178.7342,24.8551,-5.5892
2023-03-03,yellow,Yellow Medallion Taxi,weekday,false,,10882,318655.44,26299.64,8459274.0,7023,7615,32876.31,161514.55,9999.2463,1635.2268,-752.4731
2023-03-04,fhvhv,High Volume For Hire Vehicle,weekend,false,,74691,2285378.76,332018.53,96924184.0,19587,74691,92709.72,1853373.92,63044.2598,14714.1453,-3067.4051
2023-03-04,green,Green Boro Taxi,weekend,false,,213,6369.66,673.72,196582.0,125,142,667.97,3378.87,177.3379,37.2392,-1.5771
2023-03-04,yellow,Yellow Medallion Taxi,weekend,false,,11766,333066.01,28779.51,8394891.0,7515,8112,34157.34,167331.56,9781.3568,2332.624,-347.9808
2023-03-05,fhvhv,High Volume For Hire Vehicle,weekend,false,,54345,1669546.01,243871.72,70770446.0,13916,54345,66221.29,1355151.36,61468.7885,-6496.816,-626.9726
2023-03-05,green,Green Boro Taxi,weekend,false,,147,4842.81,499.97,154290.0,91,101,547.43,2643.44,176.33,-19.1027,-10.2273
2023-03-05,yellow,Yellow Medallion Taxi,weekend,false,,8725,248729.18,21405.06,6212656.0,5625,6036,25909.59,126144.41,9648.7033,-931.0754,7.3721
2023-03-06,fhvhv,High Volume For Hire Vehicle,weekday,false,,51979,1676433.83,233761.14,75047170.0,13617,51979,67962.09,1363350.76,60753.6992,-8755.1603,-19.5389
2023-03-06,green,Green Boro Taxi,weekday,false,,166,5176.09,521.14,162092.0,105,113,597.37,2961.2,175.697,-11.5366,1.8396
2023-03-06,yellow,Yellow Medallion Taxi,weekday,false,,8133,239764.43,19699.99,6330909.0,5234,5622,24804.67,121361.19,9631.1763,-1469.5332,-28.6431
2023-03-07,fhvhv,High Volume For Hire Vehicle,weekday,false,,54274,1741153.43,242700.64,77856489.0,13983,54274,69512.39,1416354.63,60770.7364,-6448.4414,-48.295
2023-03-07,green,Green Boro Taxi,weekday,false,,149,5511.14,541.18,181804.0,110,120,752.59,3602.31,175.5629,-24.8284,-1.7345
2023-03-07,yellow,Yellow Medallion Taxi,weekday,false,,8527,252662.87,20926.01,6691869.0,5397,5843,25799.42,126578.94,9616.5278,-1100.0132,10.4854
2023-03-08,fhvhv,High Volume For Hire Vehicle,weekday,false,,57361,1837250.63,255798.15,82113181.0,14827,57361,73960.3,1494008.62,60782.2167,-3448.4613,27.2447
2023-03-08,green,Green Boro Taxi,weekday,false,,171,4960.36,484.99,153451.0,110,121,544.42,2832.93,176.064,-6.9983,1.9343
2023-03-08,yellow,Yellow Medallion Taxi,weekday,false,,9170,268618.84,22201.85,7163130.0,5902,6353,27532.21,135010.86,9611.1199,-474.7622,33.6423
2023-03-09,fhvhv,High Volume For Hire Vehicle,weekday,false,,62086,1992722.86,277564.41,89343560.0,16066,62086,79463.52,1622608.71,60789.0423,1236.668,60.2897
2023-03-09,green,Green Boro Taxi,weekday,false,,173,4794.08,476.92,148666.0,106,118,493.65,2532.69,177.0556,4.5486,-8.6042
2023-03-09,yellow,Yellow Medallion Taxi,weekday,false,,9584,280875.96,23376.98,7502055.0,6128,6607,28746.58,139884.27,9612.4943,62.0826,-90.5769
2023-03-10,fhvhv,High Volume For Hire Vehicle,weekday,false,,69822,2232556.98,311041.79,99991683.0,17959,69822,87979.13,1818304.76,60789.8793,9039.0812,-6.9605
2023-03-10,green,Green Boro Taxi,weekday,false,,202,6967.34,704.28,225960.0,128,139,838.63,3916.4,177.8808,20.0576,4.0615
2023-03-10,yellow,Yellow Medallion Taxi,weekday,false,,10895,320295.23,26591.03,8535379.0,7050,7588,33345.23,163159.85,9614.9713,1565.8301,-285.8014
2023-03-11,fhvhv,High Volume For Hire Vehicle,weekend,false,,73939,2264188.23,330418.23,95854517.0,19297,73939,91837.54,1837212.62,60785.7602,14320.0544,-1166.8146
2023-03-11,green,Green Boro Taxi,weekend,false,,210,6198.77,636.72,187327.0,129,139,697.5,3429.27,178.4048,33.5866,-1.9914
2023-03-11,yellow,Yellow Medallion Taxi,weekend,false,,11843,335982.98,28915.41,8417972.0,7708,8335,35296.75,172817.63,9615.99,2282.4091,-55.3991
2023-03-12,fhvhv,High Volume For Hire Vehicle,weekend,false,,54576,1661086.87,241501.64,70365503.0,14120,54576,66088.39,1348023.33,60779.7607,-6282.2244,78.4636
2023-03-12,green,Green Boro Taxi,weekend,false,,170,4996.84,521.67,150412.0,109,117,565.85,2914.33,178.5403,-16.4648,7.9245
2023-03-12,yellow,Yellow Medallion Taxi,weekend,false,,8712,247968.53,21280.09,6237694.0,5618,6107,25700.66,126820.99,9616.7214,-905.1056,0.3842
2023-03-13,fhvhv,High Volume For Hire Vehicle,weekday,false,,52186,1671948.83,232884.59,74764531.0,13483,52186,66767.16,1360075.11,60774.6178,-8524.9063,-63.7115
2023-03-13,green,Green Boro Taxi,weekday,false,,131,3812.36,364.91,120617.0,90,99,441.26,2242.79,178.3402,-10.5326,-36.8076
2023-03-13,yellow,Yellow Medallion Taxi,weekday,false,,8277,245653.35,20318.79,6551157.0,5355,5803,25697.03,127220.8,9619.34,-1430.8536,88.5136
2023-03-14,fhvhv,High Volume For Hire Vehicle,weekday,false,,54749,1765650.4,246256.16,79076769.0,14246,54749,70325.68,1436348.18,60773.2234,-6165.1672,140.9438
2023-03-14,green,Green Boro Taxi,weekday,false,,160,5028.16,495.12,158860.0,100,108,620.8,3109.03,177.9002,-22.7248,4.8246
2023-03-14,yellow,Yellow Medallion Taxi,weekday,false,,8602,256673.13,21281.41,6798926.0,5531,5974,26597.96,131177.61,9624.685,-1056.9987,34.3138
2023-03-15,fhvhv,High Volume For Hire Vehicle,weekday,false,,57225,1822941.26,253426.78,81459425.0,14778,57225,72226.14,1482948.9,60780.5346,-3304.203,-251.3316
2023-03-15,green,Green Boro Taxi,weekday,false,,168,4872.26,485.07,150440.0,113,117,563.98,2800.47,177.3748,-6.786,-2.5888
2023-03-15,yellow,Yellow Medallion Taxi,weekday,false,,9122,269202.23,22290.65,7152267.0,5933,6372,27736.78,136438.2,9628.7346,-492.3728,-14.3618
2023-03-16,fhvhv,High Volume For Hire Vehicle,weekday,false,,61826,1982082.15,275957.35,88618109.0,16095,61826,79636.46,1611799.01,60801.3439,1068.6845,-44.0284
2023-03-16,green,Green Boro Taxi,weekday,false,,184,5985.13,611.9,190036.0,121,132,662.65,3387.09,176.648,2.7577,4.5943
2023-03-16,yellow,Yellow Medallion Taxi,weekday,false,,9733,289441.13,23914.38,7672470.0,6262,6779,30120.71,147727.27,9626.7841,123.7758,-17.5599
2023-03-17,fhvhv,High Volume For Hire Vehicle,weekday,false,,69877,2235075.05,310831.38,99911269.0,18136,69877,90653.85,1817430.99,60835.3863,9175.5381,-133.9244
2023-03-17,green,Green Boro Taxi,weekday,false,,190,5378.06,506.51,165809.0,130,141,681.1,3263.85,175.95,17.8276,-3.7776
2023-03-17,yellow,Yellow Medallion Taxi,weekday,false,,11071,326829.52,26893.79,8612864.0,7129,7708,33973.4,166328.33,9620.2747,1460.2225,-9.4973
2023-03-18,fhvhv,High Volume For Hire Vehicle,weekend,false,,74418,2278549.47,331229.49,96739088.0,19444,74418,92209.05,1848935.58,60873.5251,13611.9464,-67.4715
2023-03-18,green,Green Boro Taxi,weekend,false,,200,5990.81,619.82,177384.0,139,143,728.6,3451.74,175.4128,33.5153,-8.9281
2023-03-18,yellow,Yellow Medallion Taxi,weekend,false,,11910,339683.74,29580.22,8575906.0,7652,8316,34937.83,172693.69,9612.5093,2241.3813,56.1094
2023-03-19,fhvhv,High Volume For Hire Vehicle,weekend,false,,54864,1673227.84,243173.45,70991813.0,14354,54864,66797.38,1358195.3,60916.3354,-6091.3786,39.0433
2023-03-19,green,Green Boro Taxi,weekend,false,,157,4698.28,485.45,146441.0,100,108,520.19,2645.55,175.181,-12.7437,-5.4374
2023-03-19,yellow,Yellow Medallion Taxi,weekend,false,,8740,247709.74,21173.14,6207319.0,5613,6063,25652.85,125655.41,9606.3424,-887.7886,21.4461
2023-03-20,fhvhv,High Volume For Hire Vehicle,weekday,false,,52662,1681510.64,234132.63,75002756.0,13787,52662,68991.93,1366806.08,60960.9834,-8363.0972,64.1139
2023-03-20,green,Green Boro Taxi,weekday,false,,173,5931.87,596.16,188226.0,117,128,753.64,3753.78,175.3127,-12.584,10.2713
2023-03-20,yellow,Yellow Medallion Taxi,weekday,false,,8148,238723.58,19675.19,6299227.0,5269,5718,24557.46,120853.52,9601.92,-1406.1603,-47.7597
2023-03-21,fhvhv,High Volume For Hire Vehicle,weekday,false,,54972,1761993.29,245198.9,78795983.0,14493,54972,71813.85,1432815.78,61001.3196,-6117.1348,87.8152
2023-03-21,green,Green Boro Taxi,weekday,false,,150,5037.51,507.41,161974.0,99,108,588.46,2854.59,175.9151,-19.6216,-6.2935
2023-03-21,yellow,Yellow Medallion Taxi,weekday,false,,8518,252651.86,20931.26,6763631.0,5447,5866,26105.0,127399.99,9597.4219,-1059.717,-19.705
2023-03-22,fhvhv,High Volume For Hire Vehicle,weekday,false,,58015,1850628.68,257364.03,82796343.0,14838,58015,73563.73,1506175.12,61029.8447,-3260.8128,245.9681
2023-03-22,green,Green Boro Taxi,weekday,false,,175,6177.04,626.02,202175.0,108,113,713.06,3557.79,176.6782,-8.2904,6.6123
2023-03-22,yellow,Yellow Medallion Taxi,weekday,false,,9018,271067.23,22513.62,7256897.0,5826,6303,28113.18,138447.57,9592.9605,-513.0797,-61.8808
2023-03-23,fhvhv,High Volume For Hire Vehicle,weekday,false,,61706,1979435.35,275478.61,88482422.0,16234,61706,80891.28,1609111.04,61045.9624,858.8268,-198.7893
2023-03-23,green,Green Boro Taxi,weekday,false,,175,5240.17,522.66,161286.0,119,123,586.04,2803.86,177.3036,1.666,-3.9696
2023-03-23,yellow,Yellow Medallion Taxi,weekday,false,,9861,289228.93,24047.44,7725474.0,6325,6810,29474.85,144946.46,9590.9878,190.4718,79.5404
2023-03-24,fhvhv,High Volume For Hire Vehicle,weekday,false,,70428,2249003.83,313249.36,100564731.0,18160,70428,88766.77,1830487.09,61056.5637,9179.2301,192.2061
2023-03-24,green,Green Boro Taxi,weekday,false,,193,6351.74,629.82,204955.0,123,139,764.1,3815.82,177.4985,16.7698,-1.2683
2023-03-24,yellow,Yellow Medallion Taxi,weekday,false,,11065,327801.66,27058.33,8755167.0,7126,7706,34119.95,167072.69,9593.6954,1464.4324,6.8723
2023-03-25,fhvhv,High Volume For Hire Vehicle,weekend,false,,74876,2303602.33,335813.44,97793710.0,19404,74876,91933.33,1869332.6,61067.5087,13800.7733,7.7179
2023-03-25,green,Green Boro Taxi,weekend,false,,219,6669.04,703.66,204814.0,140,153,746.26,3870.19,177.4718,35.4233,6.1049
2023-03-25,yellow,Yellow Medallion Taxi,weekend,false,,11762,336273.55,28938.3,8451265.0,7564,8184,34603.13,169847.28,9601.146,2206.5397,-45.6857
2023-03-26,fhvhv,High Volume For Hire Vehicle,weekend,false,,54882,1676077.57,243962.0,71014956.0,14203,54882,66366.72,1359995.15,61080.2849,-6065.9494,-132.3354
2023-03-26,green,Green Boro Taxi,weekend,false,,176,5546.94,572.43,173214.0,107,110,648.08,2982.26,177.5073,-12.9442,11.4369
2023-03-26,yellow,Yellow Medallion Taxi,weekend,false,,8678,247876.14,21471.11,6210115.0,5536,5990,25553.89,125281.27,9612.5207,-885.3566,-49.1642
2023-03-27,fhvhv,High Volume For Hire Vehicle,weekday,false,,52226,1674045.37,233320.63,74777476.0,13715,52226,67061.44,1361212.37,61100.5704,-8249.5003,-625.0701
2023-03-27,green,Green Boro Taxi,weekday,false,,151,4795.07,479.29,154827.0,95,98,522.37,2318.43,177.7019,-16.108,-10.594
2023-03-27,yellow,Yellow Medallion Taxi,weekday,false,,8205,245573.41,20402.89,6569396.0,5351,5784,26007.62,127080.78,9631.3446,-1399.6106,-26.734
2023-03-28,fhvhv,High Volume For Hire Vehicle,weekday,false,,54855,1773582.59,247261.74,79515290.0,14161,54855,71693.59,1442712.86,61156.7849,-6213.2285,-88.5564
2023-03-28,green,Green Boro Taxi,weekday,false,,160,4389.31,435.73,132378.0,91,96,489.79,2204.0,177.851,-15.7547,-2.0963
2023-03-28,yellow,Yellow Medallion Taxi,weekday,false,,8595,254942.03,21022.7,6754533.0,5537,5986,26497.74,129385.93,9659.8714,-1066.1179,1.2466
2023-03-29,fhvhv,High Volume For Hire Vehicle,weekday,false,,57949,1852263.98,257965.66,82774251.0,15027,57949,73971.14,1506828.07,61288.5571,-3260.317,-79.24
2023-03-29,green,Green Boro Taxi,weekday,false,,161,4943.01,468.65,158655.0,108,113,612.91,2944.11,178.0544,-7.9547,-9.0997
2023-03-29,yellow,Yellow Medallion Taxi,weekday,false,,9157,272960.91,22463.77,7246836.0,5933,6395,28133.18,139127.61,9693.1486,-514.1139,-22.0347
2023-03-30,fhvhv,High Volume For Hire Vehicle,weekday,false,,61983,1990273.23,277566.46,88985596.0,16211,61983,80784.84,1618918.99,61477.0952,779.8666,-273.9618
2023-03-30,green,Green Boro Taxi,weekday,false,,186,5486.78,545.23,165905.0,127,132,672.65,3135.73,178.4368,-0.7039,8.2671
2023-03-30,yellow,Yellow Medallion Taxi,weekday,false,,9596,281188.63,23334.09,7460315.0,6128,6646,28685.28,141695.58,9725.8361,209.4888,-339.3249
2023-03-31,fhvhv,High Volume For Hire Vehicle,weekday,false,,70538,2251255.88,313650.44,100584701.0,18287,70538,89600.67,1831944.61,61681.5384,9217.5133,-361.0517
2023-03-31,green,Green Boro Taxi,weekday,false,,195,6576.02,658.49,211525.0,126,133,795.34,4006.3,179.1564,17.8461,-2.0024
2023-03-31,yellow,Yellow Medallion Taxi,weekday,false,,10926,323442.53,26839.06,8654230.0,7036,7581,33427.33,163492.69,9757.6565,1477.9904,-309.6469
2023-04-01,fhvhv,High Volume For Hire Vehicle,weekend,false,,76635,2350785.5,342243.32,99758995.0,19965,76635,93955.32,1907461.12,61894.3261,13948.8472,791.8267
2023-04-01,green,Green Boro Taxi,weekend,false,,218,7118.58,752.4,215151.0,146,159,888.8,4405.4,180.1541,39.3983,-1.5525
2023-04-01,yellow,Yellow Medallion Taxi,weekend,false,,11967,340087.76,29269.34,8525317.0,7663,8297,35217.57,172368.26,9786.4428,2177.4974,3.0598
2023-04-02,fhvhv,High Volume For Hire Vehicle,weekend,false,,56548,1738706.45,253689.3,73879774.0,14669,56548,69247.33,1412121.71,62106.4188,-6088.1414,529.7225
2023-04-02,green,Green Boro Taxi,weekend,false,,165,5085.76,537.97,150583.0,108,112,611.39,2948.86,181.1948,-14.2662,-1.9285
2023-04-02,yellow,Yellow Medallion Taxi,weekend,false,,8971,256974.1,22091.81,6430395.0,5841,6310,26975.26,132043.41,9811.8564,-909.7907,68.9344
2023-04-03,fhvhv,High Volume For Hire Vehicle,weekday,false,,54315,1742004.37,242641.71,78063246.0,14287,54315,69928.14,1418289.13,62310.4545,-8358.6426,363.1881
2023-04-03,green,Green Boro Taxi,weekday,false,,161,4907.72,490.1,162911.0,96,101,467.14,2404.38,182.08,-22.3488,1.2688
2023-04-03,yellow,Yellow Medallion Taxi,weekday,false,,8625,253933.8,21119.54,6765327.0,5593,6043,26205.15,128598.14,9834.7382,-1398.5673,188.8291
2023-04-04,fhvhv,High Volume For Hire Vehicle,weekday,false,,56259,1806098.0,251528.89,80771477.0,14705,56259,73532.82,1468667.31,62521.7561,-6364.6722,101.9162
2023-04-04,green,Green Boro Taxi,weekday,false,,182,5333.81,511.0,166191.0,114,122,654.69,3056.52,182.8273,-13.6983,12.871
2023-04-04,yellow,Yellow Medallion Taxi,weekday,false,,8718,254939.39,20967.23,6724237.0,5574,6024,26481.47,130455.16,9849.4763,-1036.0223,-95.454
2023-04-05,fhvhv,High Volume For Hire Vehicle,weekday,false,,58835,1879263.08,261881.47,83955939.0,15144,58835,75393.6,1529057.76,62721.8488,-3226.5658,-660.283
2023-04-05,green,Green Boro Taxi,weekday,false,,177,5309.51,529.59,162883.0,114,126,652.7,3202.19,183.583,-5.8257,-0.7573
2023-04-05,yellow,Yellow Medallion Taxi,weekday,false,,9456,279036.27,23234.59,7448940.0,6023,6510,28560.1,140478.5,9853.1672,-511.2811,114.1139
2023-04-06,fhvhv,High Volume For Hire Vehicle,weekday,false,,63839,2029232.56,281737.36,90639782.0,16594,63839,81444.0,1650353.72,62841.1511,840.3229,157.526
2023-04-06,green,Green Boro Taxi,weekday,false,,166,4885.92,485.02,148681.0,104,110,567.78,2660.79,184.34,-1.049,-17.291
2023-04-06,yellow,Yellow Medallion Taxi,weekday,false,,10073,297472.77,24604.63,7876962.0,6421,6926,30643.94,150791.86,9854.3692,202.5437,16.0871
2023-04-07,fhvhv,High Volume For Hire Vehicle,weekday,false,,72335,2324471.29,324197.99,103974273.0,18867,72335,94295.88,1890968.34,62883.1368,9220.3531,231.5102
2023-04-07,green,Green Boro Taxi,weekday,false,,208,6930.23,722.34,220505.0,120,131,759.9,3558.4,184.8482,20.7951,2.3567
2023-04-07,yellow,Yellow Medallion Taxi,weekday,false,,11306,332295.57,27459.73,8786428.0,7297,7859,34397.03,168488.45,9854.0867,1489.1863,-37.2729
2023-04-08,fhvhv,High Volume For Hire Vehicle,weekend,false,,77092,2358042.88,343400.24,99897367.0,20141,77092,95706.96,1913027.82,62899.3675,14061.8053,130.8272
2023-04-08,green,Green Boro Taxi,weekend,false,,228,6438.79,663.31,185199.0,147,156,797.72,3716.37,185.0329,39.0134,3.9537
2023-04-08,yellow,Yellow Medallion Taxi,weekend,false,,11968,336684.69,29092.74,8483859.0,7711,8295,34886.77,170575.78,9852.5964,2169.032,-53.6284
2023-04-09,fhvhv,High Volume For Hire Vehicle,weekend,false,,56749,1736587.64,253423.18,73485090.0,14869,56749,70263.77,1408982.5,62903.4304,-6102.2257,-52.2047
2023-04-09,green,Green Boro Taxi,weekend,false,,165,4968.06,513.73,154437.0,111,118,549.67,2710.3,184.9036,-16.0332,-3.8704
2023-04-09,yellow,Yellow Medallion Taxi,weekend,false,,8942,254001.77,21949.49,6408285.0,5724,6176,25985.44,127230.26,9855.5328,-957.7753,44.2425
2023-04-10,fhvhv,High Volume For Hire Vehicle,weekday,false,,53316,1714114.86,238479.54,76628801.0,14108,53316,70586.45,1392791.23,62891.153,-8411.634,-1163.519
2023-04-10,green,Green Boro Taxi,weekday,false,,164,5626.2,568.89,177281.0,100,112,698.62,3338.05,184.6217,-26.905,6.2833
2023-04-10,yellow,Yellow Medallion Taxi,weekday,false,,8440,250674.25,20820.37,6683287.0,5463,5903,25835.96,126928.65,9864.5495,-1378.3886,-46.1609
2023-04-11,fhvhv,High Volume For Hire Vehicle,weekday,false,,56353,1800112.98,250654.65,80364779.0,14621,56353,72407.89,1463766.55,62863.1982,-6501.8411,-8.3571
2023-04-11,green,Green Boro Taxi,weekday,false,,173,5814.25,596.47,190570.0,114,121,629.95,2951.02,183.9451,-12.8591,1.914
2023-04-11,yellow,Yellow Medallion Taxi,weekday,false,,8906,263370.86,21789.44,7008584.0,5700,6152,26777.15,132293.01,9874.8511,-991.3771,22.526
2023-04-12,fhvhv,High Volume For Hire Vehicle,weekday,false,,59653,1910625.43,266146.71,85403671.0,15371,59653,76357.27,1554039.75,62830.3032,-3214.1527,36.8495
2023-04-12,green,Green Boro Taxi,weekday,false,,182,5945.78,581.16,186057.0,118,125,710.07,3397.45,182.2807,-1.3068,1.0261
2023-04-12,yellow,Yellow Medallion Taxi,weekday,false,,9245,273521.76,22603.14,7224282.0,6026,6506,28659.42,140226.22,9885.8064,-486.3974,-154.4089
2023-04-13,fhvhv,High Volume For Hire Vehicle,weekday,false,,63716,2043949.04,284326.36,91434989.0,16755,63716,83068.26,1661917.26,62799.3806,985.0794,-68.46
2023-04-13,green,Green Boro Taxi,weekday,false,,183,6120.48,628.94,202310.0,111,118,588.81,2983.11,179.7983,-4.7756,7.9772
2023-04-13,yellow,Yellow Medallion Taxi,weekday,false,,10043,295790.52,24423.66,7819744.0,6500,6982,30674.18,149896.1,9897.8316,159.9818,-14.8134
2023-04-14,fhvhv,High Volume For Hire Vehicle,weekday,false,,71968,2307657.84,321388.41,103178341.0,18833,71968,93526.92,1876723.2,62779.7851,9255.714,-67.4992
2023-04-14,green,Green Boro Taxi,weekday,false,,200,5810.99,567.83,177729.0,131,139,719.22,3429.31,177.2426,25.181,-2.4236
2023-04-14,yellow,Yellow Medallion Taxi,weekday,false,,11516,338591.4,27971.26,8994929.0,7352,7963,34721.39,171667.86,9909.7205,1491.8694,114.4101
2023-04-15,fhvhv,High Volume For Hire Vehicle,weekend,false,,76890,2355437.47,343558.46,99841799.0,20055,76890,94982.54,1911904.39,62776.5436,14125.5299,-12.0735
2023-04-15,green,Green Boro Taxi,weekend,false,,249,7679.41,806.81,231795.0,154,180,919.46,4723.46,174.7658,38.5366,35.6976
2023-04-15,yellow,Yellow Medallion Taxi,weekend,false,,12177,345970.31,29917.74,8718541.0,7875,8550,36195.75,178429.54,9921.2698,2168.1964,87.5338
2023-04-16,fhvhv,High Volume For Hire Vehicle,weekend,false,,56661,1738457.03,253297.25,73752988.0,14882,56661,70256.4,1410746.98,62785.9912,-6142.0444,17.0531
2023-04-16,green,Green Boro Taxi,weekend,false,,158,4933.8,509.98,155285.0,105,118,564.71,2998.12,172.6273,-17.934,3.3067
2023-04-16,yellow,Yellow Medallion Taxi,weekend,false,,8833,252596.47,21888.46,6353588.0,5667,6122,26064.09,128783.98,9930.874,-998.8051,-99.0689
2023-04-17,fhvhv,High Volume For Hire Vehicle,weekday,false,,54129,1735970.95,242355.32,77700612.0,13926,54129,68797.28,1413620.02,62797.6319,-8578.9512,-89.6807
2023-04-17,green,Green Boro Taxi,weekday,false,,130,4216.55,404.11,132573.0,94,101,574.47,2577.3,170.7954,-28.1526,-12.6428
2023-04-17,yellow,Yellow Medallion Taxi,weekday,false,,8558,252414.26,20898.61,6725963.0,5439,5908,25801.99,127444.43,9934.7125,-1361.3475,-15.3649
2023-04-18,fhvhv,High Volume For Hire Vehicle,weekday,false,,56060,1786530.04,248666.07,79697606.0,14690,56060,72035.66,1452594.46,62808.4651,-6522.4438,-226.0213
2023-04-18,green,Green Boro Taxi,weekday,false,,143,4295.44,428.33,133906.0,89,101,499.25,2563.1,169.123,-14.3035,-11.8195
2023-04-18,yellow,Yellow Medallion Taxi,weekday,false,,9080,268436.92,22118.08,7126171.0,5873,6291,28056.63,135871.72,9932.4902,-955.2777,102.7875
2023-04-19,fhvhv,High Volume For Hire Vehicle,weekday,false,,59807,1929112.35,269079.0,86400285.0,15573,59807,77853.13,1569345.84,62822.6935,-3177.5362,161.8427
2023-04-19,green,Green Boro Taxi,weekday,false,,176,5633.24,556.14,184032.0,105,119,622.2,3455.46,168.0637,2.0071,5.9292
2023-04-19,yellow,Yellow Medallion Taxi,weekday,false,,9466,281555.14,23247.03,7481103.0,6119,6641,29177.3,144410.6,9927.1797,-467.6539,6.4742
2023-04-20,fhvhv,High Volume For Hire Vehicle,weekday,false,,64100,2060962.46,287677.14,92216000.0,16635,64100,82513.72,1677141.88,62841.5953,1096.5245,161.8802
2023-04-20,green,Green Boro Taxi,weekday,false,,199,6076.17,608.71,195390.0,119,122,632.05,2989.01,168.18,-6.2281,37.0481
2023-04-20,yellow,Yellow Medallion Taxi,weekday,false,,10078,298884.74,24849.03,7967270.0,6456,7025,30724.5,151444.14,9922.9403,108.3389,46.7209
2023-04-21,fhvhv,High Volume For Hire Vehicle,weekday,false,,72175,2315662.31,322117.83,103741034.0,18986,72175,92958.62,1884137.62,62857.8332,9247.1715,69.9953
2023-04-21,green,Green Boro Taxi,weekday,false,,198,6196.13,629.45,196227.0,125,135,666.37,3297.63,169.0861,29.4551,-0.5412
2023-04-21,yellow,Yellow Medallion Taxi,weekday,false,,11361,335196.18,27937.32,8946065.0,7274,7862,34369.17,168494.3,9921.4264,1495.4791,-55.9055
2023-04-22,fhvhv,High Volume For Hire Vehicle,weekend,false,,76927,2354162.36,342566.54,99769708.0,20051,76927,94851.82,1909519.25,62863.888,14183.7011,-120.5891
2023-04-22,green,Green Boro Taxi,weekend,false,,203,5963.3,627.32,177325.0,127,137,672.76,3370.74,170.1333,37.0186,-4.1519
2023-04-22,yellow,Yellow Medallion Taxi,weekend,false,,12044,339158.1,29174.97,8421100.0,7708,8348,34526.8,170980.01,9918.0336,2197.4792,-71.5128
2023-04-23,fhvhv,High Volume For Hire Vehicle,weekend,false,,56667,1723237.45,251239.51,72890975.0,14623,56667,68747.95,1399065.47,62855.4689,-6113.502,-74.9669
2023-04-23,green,Green Boro Taxi,weekend,false,,180,5500.48,577.75,166786.0,120,132,628.49,3312.66,171.462,-20.1494,28.6874
2023-04-23,yellow,Yellow Medallion Taxi,weekend,false,,8863,253757.54,21636.3,6290358.0,5683,6160,25996.45,128154.83,9911.1187,-1025.2567,-22.862
2023-04-24,fhvhv,High Volume For Hire Vehicle,weekday,false,,54208,1730910.14,240709.94,77374484.0,14255,54208,70648.29,1407888.22,62829.5566,-8791.2369,169.6802
2023-04-24,green,Green Boro Taxi,weekday,false,,142,4543.64,463.83,141116.0,93,100,546.58,2687.97,172.8627,-27.2728,-3.5899
2023-04-24,yellow,Yellow Medallion Taxi,weekday,false,,8719,260823.09,21886.77,7014497.0,5619,6045,26955.83,132171.5,9903.224,-1356.4172,172.1931
2023-04-25,fhvhv,High Volume For Hire Vehicle,weekday,false,,56816,1826966.07,254340.9,81801106.0,14765,56816,73130.03,1485901.01,62793.0147,-6523.6435,546.6287
2023-04-25,green,Green Boro Taxi,weekday,false,,176,5356.64,521.75,164191.0,127,133,677.98,3284.95,174.2225,-16.6539,18.4314
2023-04-25,yellow,Yellow Medallion Taxi,weekday,false,,8959,265348.04,22088.61,7068085.0,5825,6310,27899.3,137159.33,9897.8958,-949.3238,10.428
2023-04-26,fhvhv,High Volume For Hire Vehicle,weekday,false,,59540,1903653.49,264942.8,85078252.0,15538,59540,76649.07,1548281.67,62741.1507,-3198.0251,-3.1256
2023-04-26,green,Green Boro Taxi,weekday,false,,178,5708.39,588.89,179874.0,113,126,633.51,3335.24,175.6675,3.8912,-1.5587
2023-04-26,yellow,Yellow Medallion Taxi,weekday,false,,9496,278122.65,22922.84,7337169.0,6107,6581,28634.02,140324.47,9894.3141,-459.8396,61.5255
2023-04-27,fhvhv,High Volume For Hire Vehicle,weekday,false,,63796,2047411.05,285335.31,91653131.0,16632,63796,82561.88,1666182.73,62671.0425,1137.2379,-12.2805
2023-04-27,green,Green Boro Taxi,weekday,false,,161,5063.45,515.3,159875.0,100,107,557.34,2983.02,176.7832,-7.1223,-8.6609
2023-04-27,yellow,Yellow Medallion Taxi,weekday,false,,9864,289997.42,23942.28,7652838.0,6396,6892,29708.26,146295.8,9890.0968,86.3186,-112.4155
2023-04-28,fhvhv,High Volume For Hire Vehicle,weekday,false,,72739,2331902.22,324515.04,104412132.0,19064,72739,93910.94,1897376.8,62590.151,9299.7559,849.093
2023-04-28,green,Green Boro Taxi,weekday,false,,216,5755.67,559.37,178844.0,127,135,579.3,2889.56,177.3824,32.3358,6.2818
2023-04-28,yellow,Yellow Medallion Taxi,weekday,false,,11410,339865.53,28121.53,9058656.0,7338,7937,34972.24,173176.72,9881.5237,1483.9884,44.4878
2023-04-29,fhvhv,High Volume For Hire Vehicle,weekend,false,,76860,2364157.19,344632.84,100232510.0,20069,76860,95492.62,1917344.04,62507.6016,14280.0771,72.3214
2023-04-29,green,Green Boro Taxi,weekend,false,,229,6700.15,697.17,201267.0,144,161,771.21,3874.36,177.613,33.2729,18.1141
2023-04-29,yellow,Yellow Medallion Taxi,weekend,false,,12076,343344.62,29545.73,8567144.0,7761,8393,35503.22,174088.66,9868.6643,2235.667,-28.3313
2023-04-30,fhvhv,High Volume For Hire Vehicle,weekend,false,,56885,1735887.18,252754.94,73531890.0,14841,56885,69431.23,1408745.73,62423.7509,-6148.2957,609.5448
2023-04-30,green,Green Boro Taxi,weekend,false,,154,5434.5,575.99,168975.0,105,113,675.2,3396.95,177.6989,-21.8643,-1.8346
2023-04-30,yellow,Yellow Medallion Taxi,weekend,false,,8878,253668.48,21647.87,6342213.0,5733,6175,26528.28,129217.71,9854.9271,-1021.8114,44.8843
2023-05-01,fhvhv,High Volume For Hire Vehicle,weekday,false,,53024,1714937.95,239313.98,76905078.0,13750,53024,68501.69,1395541.94,62348.4442,-8900.6153,-423.8289
2023-05-01,green,Green Boro Taxi,weekday,false,,158,4857.42,476.2,157221.0,100,111,525.06,2651.81,177.4499,-22.3717,2.9218
2023-05-01,yellow,Yellow Medallion Taxi,weekday,false,,8490,254152.05,20986.69,6737814.0,5487,5931,26528.64,129957.03,9844.6338,-1353.7451,-0.8887
2023-05-02,fhvhv,High Volume For Hire Vehicle,weekday,false,,55789,1782660.06,248074.0,79613902.0,14565,55789,72542.97,1449456.56,62283.9704,-6476.4425,-18.5279
2023-05-02,green,Green Boro Taxi,weekday,false,,154,4836.05,480.1,153433.0,94,105,566.9,2827.13,176.9029,-16.1291,-6.7739
2023-05-02,yellow,Yellow Medallion Taxi,weekday,false,,8833,260175.12,21540.11,6884505.0,5656,6113,26828.8,132740.17,9836.3757,-965.7067,-37.669
2023-05-03,fhvhv,High Volume For Hire Vehicle,weekday,false,,58658,1882163.57,262170.27,84223882.0,15352,58658,75183.36,1531208.71,62228.275,-3192.1881,-378.0869
2023-05-03,green,Green Boro Taxi,weekday,false,,177,5437.41,529.22,171946.0,112,122,625.77,3043.12,176.1123,3.0368,-2.149
2023-05-03,yellow,Yellow Medallion Taxi,weekday,false,,9017,267079.87,22090.22,7120725.0,5823,6280,27915.44,136822.01,9827.5057,-481.2611,-329.2446
2023-05-04,fhvhv,High Volume For Hire Vehicle,weekday,false,,63477,2040195.83,283908.63,91419372.0,16447,63477,81723.04,1659874.86,62190.2851,1051.4075,235.3073
2023-05-04,green,Green Boro Taxi,weekday,false,,176,5050.9,501.77,150182.0,118,122,606.85,2830.24,175.4965,-10.4832,10.9867
2023-05-04,yellow,Yellow Medallion Taxi,weekday,false,,9905,291062.15,24113.6,7774661.0,6335,6866,29864.67,147057.38,9816.8465,72.7681,15.3853
2023-05-05,fhvhv,High Volume For Hire Vehicle,weekday,false,,71343,2278438.93,316365.12,101869020.0,18757,71343,92051.56,1852420.96,62174.2426,9378.0663,-209.3089
2023-05-05,green,Green Boro Taxi,weekday,false,,208,6247.43,604.13,196890.0,143,158,745.79,3707.58,175.5758,33.7842,-1.3599
2023-05-05,yellow,Yellow Medallion Taxi,weekday,false,,11229,331743.36,27526.14,8800432.0,7223,7786,34499.03,168697.09,9806.7243,1489.3731,-67.0974
2023-05-06,fhvhv,High Volume For Hire Vehicle,weekend,false,,76515,2332087.49,339466.43,98785498.0,19839,76515,93402.6,1892813.17,62178.389,14387.9814,-51.3705
2023-05-06,green,Green Boro Taxi,weekend,false,,195,5611.93,576.82,167232.0,130,136,668.11,3148.07,176.097,32.4961,-13.5931
2023-05-06,yellow,Yellow Medallion Taxi,weekend,false,,12201,345472.58,29926.15,8700619.0,7738,8408,35160.6,172795.08,9798.7508,2278.4485,123.8007
2023-05-07,fhvhv,High Volume For Hire Vehicle,weekend,false,,56079,1724389.68,251284.22,73264682.0,14545,56079,68808.49,1399810.29,62193.1631,-6198.9682,84.8051
2023-05-07,green,Green Boro Taxi,weekend,false,,148,4787.87,511.09,143804.0,98,101,595.81,2933.17,176.7004,-23.2232,-5.4772
2023-05-07,yellow,Yellow Medallion Taxi,weekend,false,,8783,250205.19,21560.51,6269013.0,5739,6200,26280.33,128815.43,9794.3989,-1003.732,-7.6668
2023-05-08,fhvhv,High Volume For Hire Vehicle,weekday,false,,53234,1707134.35,237689.61,76443595.0,13828,53234,67950.78,1389233.32,62212.7201,-8963.015,-15.7051
2023-05-08,green,Green Boro Taxi,weekday,false,,162,5625.4,568.32,180559.0,105,113,697.68,3377.8,177.3424,-15.7441,0.4017
2023-05-08,yellow,Yellow Medallion Taxi,weekday,false,,8378,247489.46,20435.98,6595831.0,5394,5854,25637.85,125857.11,9791.2549,-1378.1178,-35.1371
2023-05-09,fhvhv,High Volume For Hire Vehicle,weekday,false,,55703,1793825.01,249784.3,80321799.0,14510,55703,72491.46,1458713.48,62228.1657,-6441.6171,-83.5486
2023-05-09,green,Green Boro Taxi,weekday,false,,164,5773.29,570.79,186819.0,112,120,751.32,3573.76,178.1693,-17.6783,3.509
2023-05-09,yellow,Yellow Medallion Taxi,weekday,false,,8782,259297.62,21360.65,6900763.0,5681,6131,27094.95,132468.82,9787.0987,-975.1651,-29.9336
2023-05-10,fhvhv,High Volume For Hire Vehicle,weekday,false,,59298,1893140.02,263082.43,84615361.0,15502,59298,76331.42,1539428.03,62233.0215,-3213.3939,278.3724
2023-05-10,green,Green Boro Taxi,weekday,false,,190,5800.81,562.59,185092.0,128,139,661.83,3175.88,179.333,0.2103,10.4567
2023-05-10,yellow,Yellow Medallion Taxi,weekday,false,,9261,272700.13,22446.48,7215139.0,5983,6466,28416.51,138752.42,9783.7126,-516.3996,-6.3129
2023-05-11,fhvhv,High Volume For Hire Vehicle,weekday,false,,62829,2008606.86,279752.99,89774555.0,16225,62829,80573.18,1634111.33,62233.7902,964.3048,-369.095
2023-05-11,green,Green Boro Taxi,weekday,false,,165,5269.08,522.14,169215.0,114,122,639.94,3174.67,180.6928,-9.1502,-6.5426
2023-05-11,yellow,Yellow Medallion Taxi,weekday,false,,9883,290069.49,24137.69,7758974.0,6300,6801,29589.87,145825.72,9783.5398,77.2065,22.2537
2023-05-12,fhvhv,High Volume For Hire Vehicle,weekday,false,,71928,2289459.88,318547.49,102234325.0,18485,71928,91423.97,1862590.87,62231.4003,9461.2778,235.3219
2023-05-12,green,Green Boro Taxi,weekday,false,,214,6701.25,677.19,204868.0,152,157,842.54,4105.37,181.5918,31.6555,0.7527
2023-05-12,yellow,Yellow Medallion Taxi,weekday,false,,11323,333480.32,27739.37,8893992.0,7284,7852,34031.92,167226.11,9786.0469,1493.3863,43.5667
2023-05-13,fhvhv,High Volume For Hire Vehicle,weekend,false,,76885,2354028.8,342899.69,99697524.0,20008,76885,94101.39,1909317.39,62229.1653,14412.4484,243.3863
2023-05-13,green,Green Boro Taxi,weekend,false,,212,6514.87,674.94,200844.0,140,152,759.58,3671.55,181.7897,32.5706,-2.3603
2023-05-13,yellow,Yellow Medallion Taxi,weekend,false,,12048,341561.02,29505.33,8615517.0,7734,8389,35215.41,172694.25,9789.8686,2334.1295,-75.9981
2023-05-14,fhvhv,High Volume For Hire Vehicle,weekend,false,,55720,1709642.96,249082.16,72595842.0,14626,55720,68728.7,1387914.07,62225.2308,-6276.2092,-229.0216
2023-05-14,green,Green Boro Taxi,weekend,false,,169,5401.84,557.48,165056.0,112,120,687.25,3073.66,181.7049,-23.0237,10.3187
2023-05-14,yellow,Yellow Medallion Taxi,weekend,false,,8762,249661.36,21434.37,6254050.0,5594,6060,25706.12,127062.11,9793.3359,-991.2267,-40.1092
2023-05-15,fhvhv,High Volume For Hire Vehicle,weekday,false,,53196,1713219.07,238660.63,76678429.0,13922,53196,69390.42,1393035.96,62215.395,-8888.1323,-131.2627
2023-05-15,green,Green Boro Taxi,weekday,false,,171,4840.76,472.82,148477.0,113,117,578.12,2770.2,181.6953,-11.0054,0.3102
2023-05-15,yellow,Yellow Medallion Taxi,weekday,false,,8410,246080.09,20338.46,6490756.0,5393,5856,25323.76,124966.73,9797.5847,-1409.4128,21.8281
2023-05-16,fhvhv,High Volume For Hire Vehicle,weekday,false,,55794,1792210.67,249952.95,80166115.0,14485,55794,71792.22,1458057.29,62207.7452,-6451.3812,37.636
2023-05-16,green,Green Boro Taxi,weekday,false,,164,4646.14,450.69,148738.0,101,111,480.72,2539.22,181.7197,-20.0718,2.352
2023-05-16,yellow,Yellow Medallion Taxi,weekday,false,,8957,262947.6,21737.86,6982806.0,5854,6286,27707.85,135224.66,9804.0286,-993.799,146.7705
2023-05-17,fhvhv,High Volume For Hire Vehicle,weekday,false,,58987,1896919.5,263990.53,84907317.0,15303,58987,76773.8,1542367.82,62214.5713,-3207.4784,-20.093
2023-05-17,green,Green Boro Taxi,weekday,false,,171,5299.35,540.35,165575.0,106,115,605.58,3007.18,181.613,-2.4239,-8.189
2023-05-17,yellow,Yellow Medallion Taxi,weekday,false,,9211,273641.18,22781.42,7321512.0,5880,6380,28096.34,139092.25,9812.3051,-551.1786,-50.1265
2023-05-18,fhvhv,High Volume For Hire Vehicle,weekday,false,,63141,2031625.78,283043.8,90883369.0,16619,63141,82560.32,1651844.57,62234.8026,837.2572,68.9402
2023-05-18,green,Green Boro Taxi,weekday,false,,169,5510.39,527.39,181537.0,106,112,653.04,3183.8,181.2465,-6.3879,-5.8585
2023-05-18,yellow,Yellow Medallion Taxi,weekday,false,,9882,290703.92,24010.8,7731975.0,6328,6908,29740.16,146956.31,9821.1864,99.2009,-38.3873
2023-05-19,fhvhv,High Volume For Hire Vehicle,weekday,false,,71288,2287937.8,318513.43,102552977.0,18298,71288,90702.24,1862448.36,62265.7026,9612.425,-590.1276
2023-05-19,green,Green Boro Taxi,weekday,false,,216,6502.43,633.44,207813.0,138,149,706.95,3594.93,181.1011,26.6223,8.2766
2023-05-19,yellow,Yellow Medallion Taxi,weekday,false,,11319,333376.98,27538.08,8855467.0,7198,7813,34135.77,167903.74,9829.7343,1516.4572,-27.1914
2023-05-20,fhvhv,High Volume For Hire Vehicle,weekend,false,,76553,2346128.11,341477.18,99492721.0,19879,76553,94974.87,1903214.01,62301.2956,14434.4338,-182.7293
2023-05-20,green,Green Boro Taxi,weekend,false,,223,6873.72,719.36,205745.0,154,164,870.06,4008.88,181.436,37.6192,3.9448
2023-05-20,yellow,Yellow Medallion Taxi,weekend,false,,12231,346303.76,29887.8,8660870.0,7913,8552,36000.71,177448.25,9835.4894,2350.1389,45.3717
2023-05-21,fhvhv,High Volume For Hire Vehicle,weekend,false,,55992,1724075.62,251064.5,73241326.0,14591,55992,69848.58,1398780.21,62334.2177,-6370.2139,27.9962
2023-05-21,green,Green Boro Taxi,weekend,false,,154,4599.08,490.12,135540.0,102,106,540.27,2638.72,181.8764,-19.9972,-7.8792
2023-05-21,yellow,Yellow Medallion Taxi,weekend,false,,8898,252620.29,21655.6,6336569.0,5681,6171,26034.74,128063.64,9839.65,-994.0606,52.4106
2023-05-22,fhvhv,High Volume For Hire Vehicle,weekday,false,,53693,1726606.74,240638.36,77301677.0,13999,53693,69407.26,1404729.56,62366.0484,-8810.1643,137.1158
2023-05-22,green,Green Boro Taxi,weekday,false,,137,4220.97,418.75,130880.0,96,100,527.33,2513.16,182.1044,-12.9493,-32.1551
2023-05-22,yellow,Yellow Medallion Taxi,weekday,false,,8403,248529.18,20619.79,6602109.0,5444,5851,25824.1,125438.21,9845.8932,-1435.3168,-7.5764
2023-05-23,fhvhv,High Volume For Hire Vehicle,weekday,false,,56061,1798510.22,250757.74,80383141.0,14599,56061,73069.69,1462782.11,62403.8746,-6489.0998,146.2252
2023-05-23,green,Green Boro Taxi,weekday,false,,157,4562.76,447.77,146774.0,97,102,462.21,2409.37,182.072,-22.4515,-2.6205
2023-05-23,yellow,Yellow Medallion Taxi,weekday,false,,8806,258427.99,21261.5,6863986.0,5664,6090,26743.58,130732.64,9854.2396,-999.6196,-48.62
2023-05-24,fhvhv,High Volume For Hire Vehicle,weekday,false,,59093,1904379.03,265569.61,85226782.0,15405,59093,76660.84,1548761.47,62445.5693,-3234.3953,-118.1739
2023-05-24,green,Green Boro Taxi,weekday,false,,181,5354.99,519.35,171509.0,115,126,612.51,3017.97,181.7525,-6.8749,6.1223
2023-05-24,yellow,Yellow Medallion Taxi,weekday,false,,9348,276997.76,22888.91,7339892.0,6094,6611,29137.26,142906.95,9861.1878,-571.0481,57.8603
2023-05-25,fhvhv,High Volume For Hire Vehicle,weekday,false,,63236,2035184.76,283596.49,91108968.0,16436,63236,81847.49,1655368.44,62482.7837,779.6449,-26.4286
2023-05-25,green,Green Boro Taxi,weekday,false,,194,6259.43,636.53,201102.0,123,132,645.33,3333.86,181.3191,-2.8822,15.5631
2023-05-25,yellow,Yellow Medallion Taxi,weekday,false,,9954,293933.89,24380.16,7782452.0,6425,6959,30350.72,149466.51,9864.9181,124.3112,-35.2293
2023-05-26,fhvhv,High Volume For Hire Vehicle,weekday,false,,72257,2317734.81,322799.45,103669436.0,18996,72257,94002.01,1885182.5,62516.5707,9686.9396,53.4897
2023-05-26,green,Green Boro Taxi,weekday,false,,196,5832.02,563.92,188131.0,113,126,651.07,3097.72,180.8301,22.5331,-7.3631
2023-05-26,yellow,Yellow Medallion Taxi,weekday,false,,11367,336798.68,27691.02,8908131.0,7334,7924,34721.16,170806.31,9866.9993,1563.1997,-63.1991
2023-05-27,fhvhv,High Volume For Hire Vehicle,weekend,false,,76905,2365528.58,345435.35,100480361.0,19914,76905,93869.51,1921320.44,62554.2053,14465.0094,-114.2148
2023-05-27,green,Green Boro Taxi,weekend,false,,223,6417.04,666.37,197595.0,136,144,677.56,3200.03,180.1281,42.5921,0.2798
2023-05-27,yellow,Yellow Medallion Taxi,weekend,false,,12269,348319.88,30231.77,8790231.0,7957,8561,36302.07,178032.67,9872.4832,2330.1068,66.41
2023-05-28,fhvhv,High Volume For Hire Vehicle,weekend,false,,56246,1721115.49,250611.87,73012617.0,14645,56246,68360.56,1397018.79,62611.3954,-6402.4912,37.0958
2023-05-28,green,Green Boro Taxi,weekend,false,,160,4839.9,515.67,142748.0,111,115,579.17,2769.1,179.3939,-17.8426,-1.5513
2023-05-28,yellow,Yellow Medallion Taxi,weekend,false,,8902,253495.22,21908.82,6352569.0,5667,6169,25812.82,127116.45,9882.5401,-1006.684,26.1439
2023-05-29,fhvhv,High Volume For Hire Vehicle,weekday,true,Memorial Day,33394,1065149.68,148033.21,47571615.0,8662,33394,43162.4,865979.45,62686.5988,-8775.9618,-20516.637
2023-05-29,green,Green Boro Taxi,weekday,true,Memorial Day,106,3492.34,340.61,111591.0,74,80,453.87,2106.22,179.0418,-11.7401,-61.3017
2023-05-29,yellow,Yellow Medallion Taxi,weekday,true,Memorial Day,5210,152581.61,12593.16,4022552.0,3365,3643,15822.56,77780.69,9893.3766,-1448.4075,-3234.9691
2023-05-30,fhvhv,High Volume For Hire Vehicle,weekday,false,,56022,1791648.09,249279.06,80139031.0,14626,56022,71795.1,1457567.98,62762.3099,-6515.9936,-224.3163
2023-05-30,green,Green Boro Taxi,weekday,false,,185,6177.88,605.54,195661.0,130,138,777.59,3673.47,179.1864,-24.2398,30.0533
2023-05-30,yellow,Yellow Medallion Taxi,weekday,false,,8833,258921.94,21554.92,6882818.0,5657,6171,26749.77,132753.21,9901.5968,-1003.7363,-64.8605
2023-05-31,fhvhv,High Volume For Hire Vehicle,weekday,false,,59553,1905380.19,265482.97,85207339.0,15276,59553,75530.39,1550538.49,62832.4239,-3282.4179,2.994
2023-05-31,green,Green Boro Taxi,weekday,false,,164,4914.0,495.53,153029.0,100,107,543.73,2620.89,179.8472,-10.1358,-5.7113
2023-05-31,yellow,Yellow Medallion Taxi,weekday,false,,9281,275417.37,22586.6,7292808.0,5932,6388,28352.01,139066.8,9908.1698,-579.3367,-47.8331
2023-06-01,fhvhv,High Volume For Hire Vehicle,weekday,false,,64517,2068142.94,287722.7,92355415.0,16881,64517,83950.79,1680404.5,62903.7583,799.3026,813.9391
2023-06-01,green,Green Boro Taxi,weekday,false,,178,6087.86,603.71,200249.0,114,121,698.06,3405.37,180.7621,0.551,-3.3131
2023-06-01,yellow,Yellow Medallion Taxi,weekday,false,,10201,301873.56,25186.63,8081554.0,6561,7137,31101.64,153913.21,9914.2907,144.7933,141.916
2023-06-02,fhvhv,High Volume For Hire Vehicle,weekday,false,,72823,2341203.86,326190.31,105011534.0,18963,72823,94667.76,1906375.1,62982.4588,9690.5425,149.9987
2023-06-02,green,Green Boro Taxi,weekday,false,,196,6194.85,610.03,190678.0,141,150,808.99,3823.62,181.7947,20.3835,-6.1782
2023-06-02,yellow,Yellow Medallion Taxi,weekday,false,,11572,343321.19,28297.63,9135787.0,7503,8085,35725.23,174824.58,9921.4849,1611.5956,38.9195
2023-06-03,fhvhv,High Volume For Hire Vehicle,weekend,false,,77743,2383552.1,346925.87,101049838.0,20139,77743,95871.99,1933164.93,63061.1145,14517.5906,164.2949
2023-06-03,green,Green Boro Taxi,weekend,false,,233,7175.32,763.06,215792.0,158,171,806.03,4352.5,183.4181,43.238,6.344
2023-06-03,yellow,Yellow Medallion Taxi,weekend,false,,12213,345494.8,29825.3,8702578.0,7867,8471,35960.06,175560.62,9931.8871,2279.9385,1.1744
2023-06-04,fhvhv,High Volume For Hire Vehicle,weekend,false,,56600,1725095.54,250890.64,72955617.0,14699,56600,69487.05,1398671.97,63131.0152,-6385.7836,-145.2316
2023-06-04,green,Green Boro Taxi,weekend,false,,181,5382.7,549.16,169388.0,105,113,578.17,2884.23,185.4354,-15.2578,10.8224
2023-06-04,yellow,Yellow Medallion Taxi,weekend,false,,8854,251953.8,21578.02,6294785.0,5682,6157,25853.82,127646.57,9943.1436,-1006.4347,-82.709
2023-06-05,fhvhv,High Volume For Hire Vehicle,weekday,false,,54416,1737554.61,241265.75,77606822.0,14115,54416,70346.68,1412005.72,63187.8342,-8771.0979,-0.7363
2023-06-05,green,Green Boro Taxi,weekday,false,,172,4911.18,484.9,152403.0,108,117,524.13,2614.6,187.1118,-14.6135,-0.4983
2023-06-05,yellow,Yellow Medallion Taxi,weekday,false,,8454,247574.01,20507.15,6581021.0,5387,5798,25072.54,123012.41,9950.3779,-1450.2756,-46.1024
2023-06-06,fhvhv,High Volume For Hire Vehicle,weekday,false,,56689,1812621.08,251977.47,80969388.0,14923,56689,72978.77,1473292.52,63231.9484,-6551.0961,8.1477
2023-06-06,green,Green Boro Taxi,weekday,false,,161,5420.17,544.82,173884.0,114,122,647.74,3080.99,188.1294,-23.4402,-3.6892
2023-06-06,yellow,Yellow Medallion Taxi,weekday,false,,9059,265531.11,22028.18,7095600.0,5781,6297,26630.88,133406.39,9952.6942,-1005.0066,111.3124
2023-06-07,fhvhv,High Volume For Hire Vehicle,weekday,false,,60261,1932556.37,268888.46,86573765.0,15565,60261,77309.36,1572631.66,63272.4053,-3366.8629,355.4576
2023-06-07,green,Green Boro Taxi,weekday,false,,179,5317.65,540.64,167676.0,104,113,540.14,2599.71,188.4456,-11.6841,2.2385
2023-06-07,yellow,Yellow Medallion Taxi,weekday,false,,9386,277158.57,22943.67,7391746.0,5965,6448,28402.32,139429.66,9954.2222,-601.1266,32.9044
2023-06-08,fhvhv,High Volume For Hire Vehicle,weekday,false,,63983,2067781.27,288503.38,92693126.0,16842,63983,83191.83,1682486.54,63315.2525,867.578,-199.8305
2023-06-08,green,Green Boro Taxi,weekday,false,,195,5872.16,579.42,187528.0,126,134,677.7,3457.27,187.9903,-1.7209,8.7306
2023-06-08,yellow,Yellow Medallion Taxi,weekday,false,,10089,299296.02,24663.81,7943288.0,6483,6965,30863.89,150450.89,9957.993,163.8467,-32.8397
2023-06-09,fhvhv,High Volume For Hire Vehicle,weekday,false,,72912,2335132.74,324636.5,104507636.0,19050,72912,94221.28,1899265.64,63355.9591,9660.433,-104.3921
2023-06-09,green,Green Boro Taxi,weekday,false,,211,6066.63,594.53,189813.0,136,145,664.67,3268.48,186.8205,19.6926,4.4869
2023-06-09,yellow,Yellow Medallion Taxi,weekday,false,,11696,344745.78,28630.18,9192155.0,7473,8115,35418.46,174949.37,9962.7797,1650.6075,82.6127
2023-06-10,fhvhv,High Volume For Hire Vehicle,weekend,false,,78008,2377094.22,346012.5,100725279.0,20235,78008,94755.14,1929708.14,63393.6903,14556.5318,57.7779
2023-06-10,green,Green Boro Taxi,weekend,false,,226,6453.34,672.14,195557.0,133,151,701.97,3522.9,185.2808,41.0793,-0.36
2023-06-10,yellow,Yellow Medallion Taxi,weekend,false,,12133,343581.29,29814.04,8606852.0,7835,8467,35645.25,174845.28,9965.7231,2226.3389,-59.062
2023-06-11,fhvhv,High Volume For Hire Vehicle,weekend,false,,57146,1758997.52,256225.2,74841836.0,14806,57146,70115.13,1428401.87,63424.9658,-6343.567,64.6012
2023-06-11,green,Green Boro Taxi,weekend,false,,156,4747.86,487.78,146838.0,107,112,555.56,2781.54,183.7871,-11.5696,-16.2175
2023-06-11,yellow,Yellow Medallion Taxi,weekend,false,,8937,252874.64,21616.09,6272521.0,5740,6202,26171.96,127786.92,9963.9478,-984.329,-42.6188
2023-06-12,fhvhv,High Volume For Hire Vehicle,weekday,false,,54654,1753873.93,244687.57,78471167.0,14159,54654,70320.35,1427450.45,63450.6266,-8838.462,41.8354
2023-06-12,green,Green Boro Taxi,weekday,false,,187,6127.62,625.02,191081.0,117,138,723.27,3700.46,182.3052,-10.8331,15.5279
2023-06-12,yellow,Yellow Medallion Taxi,weekday,false,,8561,254220.33,21169.71,6826390.0,5472,5921,26069.58,128995.52,9959.4111,-1443.0868,44.6757
2023-06-13,fhvhv,High Volume For Hire Vehicle,weekday,false,,57077,1839628.85,256126.28,82348291.0,15003,57077,74890.34,1495450.64,63470.9807,-6532.2506,138.27
2023-06-13,green,Green Boro Taxi,weekday,false,,159,5372.85,516.27,176047.0,100,109,675.9,3205.24,180.994,-21.3583,-0.6358
2023-06-13,yellow,Yellow Medallion Taxi,weekday,false,,8954,265974.07,21972.32,7057122.0,5743,6189,27355.28,134102.84,9956.8939,-1004.7253,1.8314
2023-06-14,fhvhv,High Volume For Hire Vehicle,weekday,false,,59702,1914071.28,266728.38,85711003.0,15312,59702,75473.46,1558146.27,63483.8206,-3399.2219,-382.5987
2023-06-14,green,Green Boro Taxi,weekday,false,,159,5251.01,536.96,172840.0,96,102,538.37,2602.09,180.1119,-11.2579,-9.854
2023-06-14,yellow,Yellow Medallion Taxi,weekday,false,,9345,278043.05,22978.56,7377332.0,5972,6517,28498.58,141623.08,9956.8435,-621.9224,10.0789
2023-06-15,fhvhv,High Volume For Hire Vehicle,weekday,false,,64817,2082450.43,290212.93,93186410.0,17069,64817,84965.96,1694044.28,63476.8205,954.0633,386.1162
2023-06-15,green,Green Boro Taxi,weekday,false,,165,5704.69,567.75,182315.0,115,119,714.06,3148.65,180.1676,-4.0454,-11.1222
2023-06-15,yellow,Yellow Medallion Taxi,weekday,false,,10138,295372.16,24288.74,7800516.0,6464,6977,30534.38,148878.15,9958.8764,150.6434,28.4803
2023-06-16,fhvhv,High Volume For Hire Vehicle,weekday,false,,73090,2349247.49,327542.87,105189111.0,18708,73090,93044.7,1911798.61,63456.8331,9606.2051,26.9618
2023-06-16,green,Green Boro Taxi,weekday,false,,206,6959.98,695.03,226993.0,126,139,794.38,3950.62,181.1715,19.2085,5.62
2023-06-16,yellow,Yellow Medallion Taxi,weekday,false,,11565,344438.04,28429.95,9150534.0,7381,7985,35259.98,174038.33,9961.4954,1664.5245,-61.0199
2023-06-17,fhvhv,High Volume For Hire Vehicle,weekend,false,,78018,2397972.25,350230.92,101625994.0,20240,78018,96233.3,1945957.51,63437.0794,14494.4918,86.4288
2023-06-17,green,Green Boro Taxi,weekend,false,,213,6508.55,678.02,199568.0,140,149,762.55,3604.5,182.4426,39.3547,-8.7973
2023-06-17,yellow,Yellow Medallion Taxi,weekend,false,,12120,342470.05,29588.83,8554512.0,7805,8472,35481.23,175574.73,9963.9389,2217.7671,-61.706
2023-06-18,fhvhv,High Volume For Hire Vehicle,weekend,false,,57134,1761563.65,256682.3,74991895.0,14725,57134,69817.88,1430576.61,63422.4891,-6232.012,-56.4771
2023-06-18,green,Green Boro Taxi,weekend,false,,177,4836.26,494.51,144513.0,112,118,540.14,2558.68,183.4481,-10.7525,4.3044
2023-06-18,yellow,Yellow Medallion Taxi,weekend,false,,9098,257032.6,21941.52,6432176.0,5794,6265,26178.0,129210.01,9969.3202,-932.3874,61.0672
2023-06-19,fhvhv,High Volume For Hire Vehicle,weekday,true,Juneteenth National Independence Day,33628,1073179.19,149189.96,47970082.0,8742,33628,42481.81,872864.79,63411.1904,-8934.8479,-20848.3425
2023-06-19,green,Green Boro Taxi,weekday,true,Juneteenth National Independence Day,79,2453.98,243.38,78567.0,46,50,286.33,1316.76,184.5846,-15.3153,-90.2693
2023-06-19,yellow,Yellow Medallion Taxi,weekday,true,Juneteenth National Independence Day,5343,156790.64,12880.8,4160266.0,3435,3728,16214.92,79365.26,9980.3001,-1433.1576,-3204.1426
2023-06-20,fhvhv,High Volume For Hire Vehicle,weekday,false,,56727,1813664.51,252663.37,81122174.0,14711,56727,72509.58,1476158.28,63402.9707,-6454.1157,-221.8551
2023-06-20,green,Green Boro Taxi,weekday,false,,174,5010.78,486.41,159886.0,111,117,532.99,2603.21,185.8541,-17.2196,5.3656
2023-06-20,yellow,Yellow Medallion Taxi,weekday,false,,8953,264070.0,21889.48,6995345.0,5794,6265,27470.15,134118.23,9995.0937,-1031.7371,-10.3566
2023-06-21,fhvhv,High Volume For Hire Vehicle,weekday,false,,59922,1918333.53,266906.56,85928616.0,15563,59922,76628.21,1561460.31,63395.5931,-3427.0399,-46.5532
2023-06-21,green,Green Boro Taxi,weekday,false,,188,5954.44,580.87,191132.0,127,138,701.62,3431.47,186.7824,-9.7826,11.0002
2023-06-21,yellow,Yellow Medallion Taxi,weekday,false,,9321,278482.95,22848.22,7349957.0,5958,6456,28723.35,141820.28,10009.9823,-624.5519,-64.4304
2023-06-22,fhvhv,High Volume For Hire Vehicle,weekday,false,,64433,2071746.88,288959.58,92851385.0,16864,64433,83691.92,1686859.53,63396.3405,1074.573,-37.9135
2023-06-22,green,Green Boro Taxi,weekday,false,,181,5686.13,546.34,180450.0,122,128,728.83,3341.98,187.1992,-3.3523,-2.8469
2023-06-22,yellow,Yellow Medallion Taxi,weekday,false,,10137,301094.1,25110.9,8044492.0,6436,6989,30198.78,150180.05,10022.5137,147.9026,-33.4163
2023-06-23,fhvhv,High Volume For Hire Vehicle,weekday,false,,73015,2332499.01,324653.77,104279348.0,18834,73015,93361.19,1897715.0,63408.3269,9523.7719,82.9012
2023-06-23,green,Green Boro Taxi,weekday,false,,195,5791.61,571.88,178523.0,133,139,681.7,3262.37,186.9686,18.3971,-10.3657
2023-06-23,yellow,Yellow Medallion Taxi,weekday,false,,11743,345487.46,28377.85,9076977.0,7569,8182,35524.33,176191.98,10030.6462,1644.8828,67.4709
2023-06-24,fhvhv,High Volume For Hire Vehicle,weekend,false,,77768,2380792.41,347013.64,100932488.0,20217,77768,94961.24,1932389.34,63429.0259,14358.3361,-19.362
2023-06-24,green,Green Boro Taxi,weekend,false,,230,7081.8,751.15,210088.0,145,154,871.33,4003.44,185.9543,39.8223,4.2234
2023-06-24,yellow,Yellow Medallion Taxi,weekend,false,,12373,350779.59,30234.55,8785232.0,7972,8656,36277.43,177658.86,10034.4485,2213.2417,125.3098
2023-06-25,fhvhv,High Volume For Hire Vehicle,weekend,false,,57383,1758897.92,256163.41,74705973.0,14888,57383,69741.99,1428151.86,63448.7681,-6163.2081,97.4401
2023-06-25,green,Green Boro Taxi,weekend,false,,182,5525.1,570.01,174434.0,112,120,604.1,3006.66,184.7148,-11.6147,8.8999
2023-06-25,yellow,Yellow Medallion Taxi,weekend,false,,9157,257131.99,22055.49,6415504.0,5929,6385,26875.35,131039.95,10035.4678,-927.9287,49.4609
2023-06-26,fhvhv,High Volume For Hire Vehicle,weekday,false,,54452,1745769.5,242785.07,78176153.0,14218,54452,70687.35,1420213.07,63460.8647,-8995.7687,-13.096
2023-06-26,green,Green Boro Taxi,weekday,false,,160,5248.28,514.54,165030.0,105,112,672.43,3137.34,183.5536,-19.8064,-3.7472
2023-06-26,yellow,Yellow Medallion Taxi,weekday,false,,8605,254977.0,20952.28,6725054.0,5616,6070,26403.85,129310.5,10033.2536,-1415.519,-12.7346
2023-06-27,fhvhv,High Volume For Hire Vehicle,weekday,false,,57181,1829675.39,255099.02,81728539.0,14783,57181,73651.19,1488379.82,63457.9469,-6374.4608,97.5139
2023-06-27,green,Green Boro Taxi,weekday,false,,166,5874.42,598.92,185821.0,105,118,732.58,3717.93,182.4569,-17.0241,0.5672
2023-06-27,yellow,Yellow Medallion Taxi,weekday,false,,8978,264277.64,21746.62,7000817.0,5844,6288,27669.24,134839.43,10022.1323,-1038.8549,-5.2774
2023-06-28,fhvhv,High Volume For Hire Vehicle,weekday,false,,60127,1940410.99,270547.09,86894346.0,15831,60127,78333.74,1578083.89,63419.4642,-3347.2202,54.756
2023-06-28,green,Green Boro Taxi,weekday,false,,169,5568.66,550.26,176227.0,119,125,714.33,3349.34,181.2797,-7.3205,-4.9592
2023-06-28,yellow,Yellow Medallion Taxi,weekday,false,,9422,274132.19,22713.2,7279166.0,6067,6536,28408.53,138840.75,9997.0736,-611.4361,36.3625
2023-06-29,fhvhv,High Volume For Hire Vehicle,weekday,false,,64425,2059126.79,286907.97,92126461.0,16772,64425,81834.24,1676356.01,63269.2819,1066.6393,89.0788
2023-06-29,green,Green Boro Taxi,weekday,false,,182,5585.22,551.29,177948.0,121,129,649.31,3171.98,179.8698,-0.1777,2.3079
2023-06-29,yellow,Yellow Medallion Taxi,weekday,false,,10141,301447.67,25039.28,8012407.0,6531,7058,31369.99,153875.1,9962.9318,164.1292,13.939
2023-06-30,fhvhv,High Volume For Hire Vehicle,weekday,false,,73191,2348386.46,326457.62,105122885.0,19114,73191,94610.02,1909585.19,63000.8459,9444.6108,745.5432
2023-06-30,green,Green Boro Taxi,weekday,false,,201,6299.92,610.14,201352.0,134,145,766.02,3880.08,178.7301,17.1772,5.0927
2023-06-30,yellow,Yellow Medallion Taxi,weekday,false,,11564,342322.96,28373.56,9100489.0,7377,8002,35404.1,173295.56,9925.0002,1615.3501,23.6497
2023-07-01,fhvhv,High Volume For Hire Vehicle,weekend,false,,75452,2313039.19,337281.07,97978584.0,19611,75452,93608.29,1876467.18,62790.272,14303.0297,-1641.3017
2023-07-01,green,Green Boro Taxi,weekend,false,,217,5869.24,600.8,172567.0,133,148,662.69,3316.73,178.338,44.4668,-5.8049
2023-07-01,yellow,Yellow Medallion Taxi,weekend,false,,11714,330558.44,28563.22,8334651.0,7508,8149,33849.3,167246.93,9887.1447,2212.6997,-385.8444
2023-07-02,fhvhv,High Volume For Hire Vehicle,weekend,false,,55396,1697994.77,247205.79,72111901.0,14397,55396,67765.36,1378464.45,62601.7513,-6147.9564,-1057.795
2023-07-02,green,Green Boro Taxi,weekend,false,,161,4349.39,442.68,125300.0,110,120,543.43,2611.96,178.219,-16.2466,-0.9725
2023-07-02,yellow,Yellow Medallion Taxi,weekend,false,,8515,243709.85,20876.36,6096338.0,5536,5951,25121.69,122328.33,9852.5477,-959.6111,-377.9366
2023-07-03,fhvhv,High Volume For Hire Vehicle,weekday,false,,52741,1692047.95,235990.98,75734128.0,13576,52741,67734.11,1377317.85,62404.6433,-8995.7059,-667.9374
2023-07-03,green,Green Boro Taxi,weekday,false,,148,3989.01,387.87,124006.0,87,94,431.53,2155.67,177.9648,-23.2856,-6.6792
2023-07-03,yellow,Yellow Medallion Taxi,weekday,false,,8400,252258.0,21056.74,6760969.0,5416,5845,26280.84,129421.34,9820.8529,-1390.1668,-30.6861
2023-07-04,fhvhv,High Volume For Hire Vehicle,weekday,true,Independence Day,34018,1087167.86,151177.12,48571944.0,8944,34018,44206.48,883889.34,62175.5089,-6285.4362,-21872.0727
2023-07-04,green,Green Boro Taxi,weekday,true,Independence Day,91,2958.67,298.99,96815.0,61,64,314.48,1431.99,177.5144,-18.2557,-68.2587
2023-07-04,yellow,Yellow Medallion Taxi,weekday,true,Independence Day,5508,163807.85,13580.0,4386219.0,3538,3835,17205.24,84221.56,9789.1228,-1049.1054,-3232.0174
2023-07-05,fhvhv,High Volume For Hire Vehicle,weekday,false,,58698,1876299.18,261012.88,83901856.0,15329,58698,76795.32,1526272.94,61892.8368,-3290.2301,95.3933
2023-07-05,green,Green Boro Taxi,weekday,false,,175,5087.77,495.13,157491.0,111,119,599.15,2768.87,177.1342,-6.3758,4.2416
2023-07-05,yellow,Yellow Medallion Taxi,weekday,false,,9151,265197.16,21902.06,7018253.0,5917,6413,27301.24,135157.04,9757.9757,-566.8548,-40.1209
2023-07-06,fhvhv,High Volume For Hire Vehicle,weekday,false,,62752,2004876.27,278732.07,89615608.0,16493,62752,81830.81,1630366.94,61743.3304,1011.1231,-2.4534
2023-07-06,green,Green Boro Taxi,weekday,false,,188,5475.69,534.11,171879.0,122,135,616.51,3108.66,176.9153,0.9488,10.1359
2023-07-06,yellow,Yellow Medallion Taxi,weekday,false,,9641,287138.88,23780.34,7640137.0,6228,6700,29733.11,145496.65,9734.2787,181.3831,-274.6617
2023-07-07,fhvhv,High Volume For Hire Vehicle,weekday,false,,70897,2270150.78,316214.55,101517566.0,18424,70897,91009.25,1846914.58,61687.3697,9343.9972,-134.3669
2023-07-07,green,Green Boro Taxi,weekday,false,,189,5236.11,521.32,157420.0,116,131,611.83,2963.8,176.7325,17.8053,-5.5379
2023-07-07,yellow,Yellow Medallion Taxi,weekday,false,,11281,334321.32,27686.04,8916778.0,7284,7860,34568.89,170276.64,9726.7767,1582.6438,-28.4205
2023-07-08,fhvhv,High Volume For Hire Vehicle,weekend,false,,75667,2320529.17,337719.13,98510342.0,19771,75667,93543.4,1883084.16,61651.4283,14288.65,-273.0782
2023-07-08,green,Green Boro Taxi,weekend,false,,228,6613.07,683.33,194781.0,148,158,782.47,3830.31,176.3288,49.2275,2.4437
2023-07-08,yellow,Yellow Medallion Taxi,weekend,false,,11889,337597.73,29087.3,8419203.0,7698,8294,34903.69,170868.35,9725.4193,2192.2526,-28.6719
2023-07-09,fhvhv,High Volume For Hire Vehicle,weekend,false,,55481,1698243.21,247061.0,71998417.0,14365,55481,68168.35,1377554.76,61631.4462,-6146.1224,-4.3238
2023-07-09,green,Green Boro Taxi,weekend,false,,135,3717.29,366.01,114405.0,87,92,422.02,2057.31,175.7624,-20.1536,-20.6088
2023-07-09,yellow,Yellow Medallion Taxi,weekend,false,,8692,247560.32,21325.21,6221802.0,5581,6034,25586.99,125405.76,9725.0058,-993.8562,-39.1496
2023-07-10,fhvhv,High Volume For Hire Vehicle,weekday,false,,52630,1684602.31,234477.1,75393946.0,13708,52630,67650.62,1370837.29,61631.6571,-8890.5899,-111.0672
2023-07-10,green,Green Boro Taxi,weekday,false,,162,5047.26,499.82,165333.0,91,100,477.56,2493.07,175.2597,-21.6134,8.3537
2023-07-10,yellow,Yellow Medallion Taxi,weekday,false,,8434,245475.62,20016.46,6434139.0,5447,5845,25069.93,122385.64,9726.3261,-1355.6388,63.3128
2023-07-11,fhvhv,High Volume For Hire Vehicle,weekday,false,,55434,1793624.07,250189.42,80429230.0,14403,55434,72689.6,1459224.21,61645.92,-6232.628,20.7079
2023-07-11,green,Green Boro Taxi,weekday,false,,152,4504.64,442.59,138793.0,102,110,539.0,2585.56,174.9564,-19.6592,-3.2972
2023-07-11,yellow,Yellow Medallion Taxi,weekday,false,,8713,256882.81,21184.43,6828791.0,5489,5972,26271.99,129386.46,9726.8301,-1057.1422,43.3122
2023-07-12,fhvhv,High Volume For Hire Vehicle,weekday,false,,58394,1887391.42,263503.2,84524290.0,15244,58394,76380.64,1535257.23,61673.8939,-3337.5162,57.6224
2023-07-12,green,Green Boro Taxi,weekday,false,,162,4979.74,482.87,155201.0,115,123,630.16,3046.29,174.7757,-5.7805,-6.9952
2023-07-12,yellow,Yellow Medallion Taxi,weekday,false,,9229,271818.6,22478.52,7207557.0,5966,6426,28107.9,136879.54,9725.6047,-518.0511,21.4464
2023-07-13,fhvhv,High Volume For Hire Vehicle,weekday,false,,62340,2002847.88,278542.58,89678720.0,16376,62340,81595.47,1628673.24,61707.8022,1009.6836,-377.4858
2023-07-13,green,Green Boro Taxi,weekday,false,,170,5617.74,551.24,182458.0,108,114,695.15,3160.91,174.8495,-0.6838,-4.1657
2023-07-13,yellow,Yellow Medallion Taxi,weekday,false,,9937,291069.94,24130.05,7748501.0,6337,6865,29812.47,146616.95,9721.6072,197.1358,18.257
2023-07-14,fhvhv,High Volume For Hire Vehicle,weekday,false,,71123,2280847.35,317709.76,101991971.0,18658,71123,92264.47,1855096.39,61735.8795,9223.3462,163.7743
2023-07-14,green,Green Boro Taxi,weekday,false,,203,6001.85,607.28,187199.0,128,140,626.8,3176.91,175.2799,15.5601,12.16
2023-07-14,yellow,Yellow Medallion Taxi,weekday,false,,11222,332848.14,27652.23,8854731.0,7195,7768,34430.29,168554.39,9715.0344,1567.2772,-60.3116
2023-07-15,fhvhv,High Volume For Hire Vehicle,weekend,false,,76327,2325415.37,338750.5,98364909.0,19662,76327,92777.47,1886789.21,61758.0392,14318.452,250.5088
2023-07-15,green,Green Boro Taxi,weekend,false,,230,6858.91,696.43,205769.0,156,169,859.26,4227.69,176.0721,51.9876,1.9403
2023-07-15,yellow,Yellow Medallion Taxi,weekend,false,,11883,339437.75,29357.03,8565172.0,7553,8160,34775.64,170274.32,9707.5381,2125.4171,50.0449
2023-07-16,fhvhv,High Volume For Hire Vehicle,weekend,false,,55492,1687903.45,245470.41,71468539.0,14488,55492,67575.88,1369782.16,61773.3131,-6136.3685,-144.9447
2023-07-16,green,Green Boro Taxi,weekend,false,,153,4611.7,496.59,140591.0,92,98,462.57,2252.25,177.0082,-21.8054,-2.2027
2023-07-16,yellow,Yellow Medallion Taxi,weekend,false,,8656,243251.13,20975.97,6112770.0,5531,5983,24870.18,122577.52,9701.666,-999.0958,-46.5702
2023-07-17,fhvhv,High Volume For Hire Vehicle,weekday,false,,53147,1705976.36,237605.79,76423379.0,13755,53147,67998.11,1388488.34,61778.8481,-8763.2258,131.3776
2023-07-17,green,Green Boro Taxi,weekday,false,,149,4867.93,468.35,155729.0,101,110,635.0,2953.71,178.1874,-17.3433,-11.8441
2023-07-17,yellow,Yellow Medallion Taxi,weekday,false,,8380,246593.38,20337.79,6533162.0,5421,5851,25560.55,125306.26,9698.3559,-1337.272,18.9161
2023-07-18,fhvhv,High Volume For Hire Vehicle,weekday,false,,55568,1786647.3,249244.63,80062959.0,14445,55568,71644.47,1454727.28,61776.7126,-6296.5895,87.8769
2023-07-18,green,Green Boro Taxi,weekday,false,,160,4915.45,480.91,148724.0,113,122,665.59,3132.77,179.4053,-19.2634,-0.1419
2023-07-18,yellow,Yellow Medallion Taxi,weekday,false,,8512,251145.07,20641.16,6622790.0,5533,5981,26170.03,128306.97,9699.0434,-1054.8115,-132.2319
2023-07-19,fhvhv,High Volume For Hire Vehicle,weekday,false,,58220,1875791.14,261461.35,84135376.0,15252,58220,74450.59,1527039.6,61766.5356,-3344.2658,-202.2698
2023-07-19,green,Green Boro Taxi,weekday,false,,188,5837.72,573.16,184013.0,124,134,732.98,3370.77,180.5135,-6.5417,14.0282
2023-07-19,yellow,Yellow Medallion Taxi,weekday,false,,9228,272198.93,22486.58,7190060.0,6014,6501,28295.66,138083.12,9703.1818,-483.5239,8.3421
2023-07-20,fhvhv,High Volume For Hire Vehicle,weekday,false,,62939,2019376.43,281467.86,90462798.0,16306,62939,80335.93,1644105.85,61749.1244,986.1872,203.6884
2023-07-20,green,Green Boro Taxi,weekday,false,,175,5101.15,503.03,159384.0,114,125,554.18,2951.56,181.5365,-2.1199,-4.4166
2023-07-20,yellow,Yellow Medallion Taxi,weekday,false,,9890,293503.34,24252.16,7786518.0,6414,6899,30341.28,149286.03,9711.1335,189.9393,-11.0728
2023-07-21,fhvhv,High Volume For Hire Vehicle,weekday,false,,70754,2264409.45,315090.21,101285083.0,18312,70754,91101.32,1842009.62,61732.3002,9137.0195,-115.3197
2023-07-21,green,Green Boro Taxi,weekday,false,,191,5759.68,572.41,181742.0,123,134,655.4,3192.5,182.3607,13.0681,-4.4288
2023-07-21,yellow,Yellow Medallion Taxi,weekday,false,,11316,335237.68,27731.36,8936884.0,7274,7874,34489.12,169436.21,9722.687,1545.9024,47.4106
2023-07-22,fhvhv,High Volume For Hire Vehicle,weekend,false,,76017,2333927.0,340167.19,98925317.0,19778,76017,93162.59,1893126.78,61717.1424,14376.9659,-77.1082
2023-07-22,green,Green Boro Taxi,weekend,false,,242,7200.64,738.89,220918.0,160,183,833.32,4383.93,182.694,49.6733,9.6328
2023-07-22,yellow,Yellow Medallion Taxi,weekend,false,,11748,334903.96,28979.3,8410164.0,7547,8170,34785.6,170262.04,9737.7012,2118.5822,-108.2834
2023-07-23,fhvhv,High Volume For Hire Vehicle,weekend,false,,55687,1713601.87,249901.09,72667405.0,14527,55687,68894.22,1389976.07,61703.6825,-6104.642,87.9595
2023-07-23,green,Green Boro Taxi,weekend,false,,167,4941.28,520.17,153951.0,90,98,485.56,2504.42,182.4338,-20.6826,5.2488
2023-07-23,yellow,Yellow Medallion Taxi,weekend,false,,8843,252009.43,21689.68,6279470.0,5648,6147,25567.47,126977.24,9754.82,-960.209,48.389
2023-07-24,fhvhv,High Volume For Hire Vehicle,weekday,false,,53065,1707167.32,237915.21,76407891.0,13582,53065,69041.05,1388566.63,61701.2276,-8627.9834,-8.2442
2023-07-24,green,Green Boro Taxi,weekday,false,,172,5188.92,524.07,165848.0,103,112,532.91,2692.86,181.8667,-13.7553,3.8886
2023-07-24,yellow,Yellow Medallion Taxi,weekday,false,,8381,248897.38,20614.59,6588271.0,5374,5839,25930.31,127566.2,9771.8608,-1347.9519,-42.9088
2023-07-25,fhvhv,High Volume For Hire Vehicle,weekday,false,,55233,1763385.23,245182.37,78740469.0,14385,55233,70389.83,1433486.24,61704.1092,-6411.9174,-59.1918
2023-07-25,green,Green Boro Taxi,weekday,false,,166,5778.5,583.25,192457.0,98,108,577.9,3091.41,181.5012,-17.7625,2.2613
2023-07-25,yellow,Yellow Medallion Taxi,weekday,false,,8760,260779.3,21610.12,6929510.0,5567,6057,26888.7,132396.96,9783.6719,-1051.2835,27.6116
2023-07-26,fhvhv,High Volume For Hire Vehicle,weekday,false,,59103,1903481.54,264869.3,85325656.0,15261,59103,76630.92,1548353.29,61693.1722,-3328.3223,738.1501
2023-07-26,green,Green Boro Taxi,weekday,false,,163,4914.89,501.45,150987.0,104,112,571.36,2793.66,181.4653,-6.8713,-11.594
2023-07-26,yellow,Yellow Medallion Taxi,weekday,false,,9358,274934.67,22463.35,7208736.0,6087,6578,28866.39,140732.01,9789.9859,-474.4755,42.4896
2023-07-27,fhvhv,High Volume For Hire Vehicle,weekday,false,,62656,2008502.45,280114.59,89909805.0,15987,62656,78748.27,1635225.16,61664.1973,994.2997,-2.497
2023-07-27,green,Green Boro Taxi,weekday,false,,176,5801.24,569.51,186151.0,113,119,704.7,3240.04,181.4901,1.2812,-6.7714
2023-07-27,yellow,Yellow Medallion Taxi,weekday,false,,9969,294260.36,24393.16,7829632.0,6401,6913,30404.23,148722.78,9791.0747,178.4209,-0.4956
2023-07-28,fhvhv,High Volume For Hire Vehicle,weekday,false,,71597,2298407.08,320097.64,102800857.0,18911,71597,92799.09,1869138.99,61625.3301,9119.9913,851.6786
2023-07-28,green,Green Boro Taxi,weekday,false,,188,6105.24,617.76,190916.0,123,132,724.37,3548.26,181.7419,10.155,-3.8969
2023-07-28,yellow,Yellow Medallion Taxi,weekday,false,,11380,335776.49,27557.5,8851391.0,7334,7989,34968.63,172653.21,9786.2091,1497.1705,96.6204
2023-07-29,fhvhv,High Volume For Hire Vehicle,weekend,false,,76457,2350752.31,342384.68,99826194.0,19951,76457,94484.33,1907515.97,61583.1116,14310.5401,563.3483
2023-07-29,green,Green Boro Taxi,weekend,false,,224,6630.1,704.53,199856.0,142,157,737.03,3896.68,182.5396,44.6118,-3.1514
2023-07-29,yellow,Yellow Medallion Taxi,weekend,false,,12208,347314.0,29721.13,8742179.0,7915,8535,35819.16,176779.45,9774.9457,2140.5472,292.5072
2023-07-30,fhvhv,High Volume For Hire Vehicle,weekend,false,,55589,1701923.99,247824.72,72184459.0,14414,55589,67901.67,1381192.19,61540.9627,-6105.4307,153.4681
2023-07-30,green,Green Boro Taxi,weekend,false,,167,5275.1,555.37,161140.0,109,119,607.98,3016.28,183.6354,-20.8245,4.1891
2023-07-30,yellow,Yellow Medallion Taxi,weekend,false,,8813,251848.76,21602.34,6277682.0,5693,6144,26204.42,129173.94,9759.5644,-918.1646,-28.3998
2023-07-31,fhvhv,High Volume For Hire Vehicle,weekday,false,,52962,1692330.43,235399.06,75649124.0,13721,52962,67957.36,1376433.81,61487.5085,-8572.8023,47.2938
2023-07-31,green,Green Boro Taxi,weekday,false,,176,5713.54,565.06,188044.0,115,120,638.14,3039.76,184.519,-10.8452,2.3263
2023-07-31,yellow,Yellow Medallion Taxi,weekday,false,,8426,248298.67,20692.43,6661019.0,5412,5862,25160.01,125627.16,9741.6066,-1382.3206,66.714
2023-08-01,fhvhv,High Volume For Hire Vehicle,weekday,false,,54650,1755311.57,244731.42,78382861.0,14184,54650,70461.23,1426718.89,61409.201,-6413.6446,-345.5564
2023-08-01,green,Green Boro Taxi,weekday,false,,170,4990.6,492.61,154340.0,119,127,592.08,2970.04,184.8084,-17.2476,2.4392
2023-08-01,yellow,Yellow Medallion Taxi,weekday,false,,8709,256169.05,21061.51,6750579.0,5503,6006,25958.89,128832.06,9723.2019,-1027.0893,12.8874
2023-08-02,fhvhv,High Volume For Hire Vehicle,weekday,false,,58110,1857291.76,258139.31,83045949.0,15169,58110,74873.87,1510347.46,61321.8738,-3262.8855,51.0117
2023-08-02,green,Green Boro Taxi,weekday,false,,185,5462.73,542.6,168555.0,125,135,615.43,3171.84,184.464,-8.9194,9.4554
2023-08-02,yellow,Yellow Medallion Taxi,weekday,false,,9192,272947.56,22564.63,7263874.0,5878,6344,28012.49,137398.85,9705.2869,-461.367,-51.9199
2023-08-03,fhvhv,High Volume For Hire Vehicle,weekday,false,,62206,1991748.31,277175.02,88988255.0,16278,62206,80474.05,1619217.62,61246.2032,936.4988,23.298
2023-08-03,green,Green Boro Taxi,weekday,false,,201,6235.41,641.82,200716.0,110,122,588.28,3031.02,183.4485,5.8801,11.6714
2023-08-03,yellow,Yellow Medallion Taxi,weekday,false,,9801,285547.93,23588.12,7590002.0,6240,6772,28804.36,142851.51,9688.9225,190.2257,-78.1482
2023-08-04,fhvhv,High Volume For Hire Vehicle,weekday,false,,70187,2253625.74,313697.28,100883550.0,18344,70187,91499.78,1833113.92,61191.0648,9133.8254,-137.8902
2023-08-04,green,Green Boro Taxi,weekday,false,,194,6500.95,635.92,212916.0,126,138,736.12,3659.16,181.7558,12.4178,-0.1736
2023-08-04,yellow,Yellow Medallion Taxi,weekday,false,,11067,327317.82,27263.14,8759564.0,7088,7698,33225.3,165642.2,9675.8854,1406.3589,-15.2444
2023-08-05,fhvhv,High Volume For Hire Vehicle,weekend,false,,75267,2310274.72,335795.05,98058614.0,19584,75267,92942.49,1873479.46,61153.1012,14200.2594,-86.3606
2023-08-05,green,Green Boro Taxi,weekend,false,,214,6654.82,682.96,205386.0,133,144,809.24,3911.88,179.5498,39.317,-4.8668
2023-08-05,yellow,Yellow Medallion Taxi,weekend,false,,11845,334983.0,28848.93,8373061.0,7622,8251,34494.5,170561.57,9668.1204,2178.5758,-1.6963
2023-08-06,fhvhv,High Volume For Hire Vehicle,weekend,false,,54684,1675520.27,244010.45,71005745.0,14288,54684,67618.39,1359098.03,61135.9494,-6067.8821,-384.0672
2023-08-06,green,Green Boro Taxi,weekend,false,,149,5069.74,524.19,167039.0,102,107,554.36,2810.3,176.9996,-21.3993,-6.6003
2023-08-06,yellow,Yellow Medallion Taxi,weekend,false,,8811,247450.61,21234.95,6165242.0,5641,6092,25398.2,125020.57,9666.1375,-897.2508,42.1133
2023-08-07,fhvhv,High Volume For Hire Vehicle,weekday,false,,52630,1690018.42,235391.4,75614651.0,13796,52630,68391.8,1374581.56,61137.2946,-8579.1551,71.8605
2023-08-07,green,Green Boro Taxi,weekday,false,,171,5230.0,526.59,168339.0,110,115,554.18,2628.19,174.5584,-12.3686,8.8102
2023-08-07,yellow,Yellow Medallion Taxi,weekday,false,,8226,242248.41,20009.7,6434415.0,5299,5738,24969.92,122337.67,9669.4358,-1416.2121,-27.2236
2023-08-08,fhvhv,High Volume For Hire Vehicle,weekday,false,,54831,1752340.81,244360.54,78340354.0,14254,54831,70570.13,1426458.42,61147.9517,-6353.1206,36.1689
2023-08-08,green,Green Boro Taxi,weekday,false,,151,4915.3,476.87,159880.0,100,111,592.17,2918.83,172.6078,-16.8328,-4.775
2023-08-08,yellow,Yellow Medallion Taxi,weekday,false,,8633,256191.82,21278.83,6842913.0,5512,5967,26429.92,130311.28,9673.7803,-994.8155,-45.9648
2023-08-09,fhvhv,High Volume For Hire Vehicle,weekday,false,,57917,1856684.09,258605.9,83196680.0,15017,57917,73722.58,1511710.61,61166.5741,-3175.978,-73.5961
2023-08-09,green,Green Boro Taxi,weekday,false,,154,4679.53,460.1,148687.0,104,113,536.02,2803.05,171.1459,-9.1913,-7.9547
2023-08-09,yellow,Yellow Medallion Taxi,weekday,false,,8923,262131.54,21785.73,7022800.0,5661,6118,26946.84,131387.42,9676.429,-450.221,-303.208
2023-08-10,fhvhv,High Volume For Hire Vehicle,weekday,false,,61943,1984181.74,276254.53,88665645.0,16216,61943,80379.14,1613337.4,61193.9551,886.4362,-137.3912
2023-08-10,green,Green Boro Taxi,weekday,false,,181,5610.05,560.77,177345.0,115,129,624.43,3424.88,170.3058,8.3517,2.3425
2023-08-10,yellow,Yellow Medallion Taxi,weekday,false,,9990,294885.2,24406.62,7802156.0,6435,6941,30416.88,148994.87,9677.6033,205.7485,106.6482
2023-08-11,fhvhv,High Volume For Hire Vehicle,weekday,false,,70678,2268399.68,316243.64,101445229.0,18673,70678,91989.85,1845312.02,61225.8606,9175.5269,276.6125
2023-08-11,green,Green Boro Taxi,weekday,false,,216,6571.38,664.56,202118.0,139,147,758.42,3428.31,170.0951,15.0637,30.8412
2023-08-11,yellow,Yellow Medallion Taxi,weekday,false,,10943,323124.06,26876.54,8571479.0,6996,7534,33328.41,162775.47,9678.2773,1338.8324,-74.1098
2023-08-12,fhvhv,High Volume For Hire Vehicle,weekend,false,,75361,2305896.6,336139.7,97792388.0,19582,75361,91367.15,1872180.67,61256.4679,14028.1135,76.4186
2023-08-12,green,Green Boro Taxi,weekend,false,,207,5706.49,574.51,168969.0,139,144,663.6,3252.1,170.4099,37.2263,-0.6361
2023-08-12,yellow,Yellow Medallion Taxi,weekend,false,,11973,339795.61,29216.65,8521706.0,7749,8365,35325.65,173394.4,9678.0032,2216.0457,78.9511
2023-08-13,fhvhv,High Volume For Hire Vehicle,weekend,false,,55189,1688028.27,245743.14,71513192.0,14354,55189,67929.46,1369315.95,61278.4999,-6036.0507,-53.4492
2023-08-13,green,Green Boro Taxi,weekend,false,,147,4358.25,447.16,133787.0,82,94,472.56,2259.54,171.1838,-20.78,-3.4038
2023-08-13,yellow,Yellow Medallion Taxi,weekend,false,,8777,250345.44,21661.83,6342579.0,5661,6108,25835.64,126796.86,9675.2877,-887.1179,-11.1698
2023-08-14,fhvhv,High Volume For Hire Vehicle,weekday,false,,52527,1682292.77,234136.72,75272935.0,13695,52527,67644.8,1368620.64,61293.8269,-8570.0901,-196.7368
2023-08-14,green,Green Boro Taxi,weekday,false,,149,4858.93,473.73,163512.0,89,97,523.59,2546.21,172.3386,-14.0773,-9.2613
2023-08-14,yellow,Yellow Medallion Taxi,weekday,false,,8203,243213.97,20154.05,6455245.0,5381,5796,25674.43,124845.33,9665.9008,-1459.7009,-3.1998
2023-08-15,fhvhv,High Volume For Hire Vehicle,weekday,false,,55166,1769549.15,246323.89,79145005.0,14492,55166,72198.99,1439010.52,61308.5528,-6281.7312,139.1784
2023-08-15,green,Green Boro Taxi,weekday,false,,159,4738.41,479.14,146747.0,95,104,541.18,2548.48,173.6045,-16.5577,1.9532
2023-08-15,yellow,Yellow Medallion Taxi,weekday,false,,8709,259606.75,21557.03,6954622.0,5577,6026,27012.9,132025.39,9653.7726,-976.5018,31.7291
2023-08-16,fhvhv,High Volume For Hire Vehicle,weekday,false,,58264,1863959.88,259820.93,83367059.0,14941,58264,74047.27,1517173.63,61326.7337,-3209.5994,146.8657
2023-08-16,green,Green Boro Taxi,weekday,false,,169,5397.16,551.81,172385.0,104,116,587.7,2988.73,174.9463,-8.8536,2.9073
2023-08-16,yellow,Yellow Medallion Taxi,weekday,false,,9234,271229.2,22280.17,7204442.0,5829,6305,27639.97,135302.12,9643.9384,-446.5081,36.5697
2023-08-17,fhvhv,High Volume For Hire Vehicle,weekday,false,,62199,1980306.08,275313.97,88443336.0,16125,62199,79140.96,1610708.13,61352.9766,861.9735,-15.9501
2023-08-17,green,Green Boro Taxi,weekday,false,,185,5218.27,497.72,163639.0,113,123,598.68,2882.29,176.1874,4.9527,3.8598
2023-08-17,yellow,Yellow Medallion Taxi,weekday,false,,9746,290840.69,23892.52,7676864.0,6318,6845,30393.64,148122.82,9637.4001,246.2951,-137.6952
2023-08-18,fhvhv,High Volume For Hire Vehicle,weekday,false,,70386,2266974.74,315955.38,101410047.0,18262,70386,91772.65,1843102.31,61386.4737,9286.5132,-286.9869
2023-08-18,green,Green Boro Taxi,weekday,false,,199,5803.19,564.37,185358.0,126,134,637.0,3111.68,176.9505,16.8334,5.2162
2023-08-18,yellow,Yellow Medallion Taxi,weekday,false,,11366,334267.95,27740.58,8902755.0,7356,7984,34635.24,171352.97,9633.3441,1320.8291,411.8268
2023-08-19,fhvhv,High Volume For Hire Vehicle,weekend,false,,75143,2300896.25,335106.11,97555432.0,19695,75143,92503.07,1867061.32,61417.3428,13930.3081,-204.6509
2023-08-19,green,Green Boro Taxi,weekend,false,,213,5902.2,614.32,170299.0,149,152,699.55,3373.18,177.1115,37.1766,-1.2881
2023-08-19,yellow,Yellow Medallion Taxi,weekend,false,,11818,334962.69,28787.06,8410282.0,7605,8247,34622.41,170396.6,9632.5499,2209.6452,-24.1951
2023-08-20,fhvhv,High Volume For Hire Vehicle,weekend,false,,55746,1704708.39,248744.33,72343215.0,14338,55746,67180.21,1385108.77,61436.1605,-5979.7342,289.5736
2023-08-20,green,Green Boro Taxi,weekend,false,,162,4505.46,460.7,141071.0,97,109,455.76,2325.75,176.8712,-17.6367,2.7655
2023-08-20,yellow,Yellow Medallion Taxi,weekend,false,,8730,246379.92,21200.33,6150247.0,5654,6093,25467.93,125366.73,9633.3724,-883.202,-20.1704
2023-08-21,fhvhv,High Volume For Hire Vehicle,weekday,false,,52903,1702728.97,237404.61,76277478.0,13696,52903,67886.92,1385667.54,61443.5945,-8556.2122,15.6178
2023-08-21,green,Green Boro Taxi,weekday,false,,128,3613.76,349.86,108600.0,79,89,443.25,2171.42,176.7732,-15.9641,-32.8091
2023-08-21,yellow,Yellow Medallion Taxi,weekday,false,,8113,237606.87,19733.08,6339697.0,5198,5615,24449.96,119969.82,9637.0358,-1489.801,-34.2348
2023-08-22,fhvhv,High Volume For Hire Vehicle,weekday,false,,55273,1763298.5,245229.85,78774252.0,14414,55273,71287.16,1434065.58,61449.9534,-6363.4164,186.4631
2023-08-22,green,Green Boro Taxi,weekday,false,,161,4573.4,438.4,142323.0,104,114,554.37,2638.39,177.0105,-14.8458,-1.1647
2023-08-22,yellow,Yellow Medallion Taxi,weekday,false,,8696,259190.73,21330.68,6880529.0,5615,6087,26692.02,132339.94,9647.0887,-954.7309,3.6422
2023-08-23,fhvhv,High Volume For Hire Vehicle,weekday,false,,58233,1870725.83,260750.1,83718298.0,15171,58233,75116.39,1521973.28,61460.9783,-3327.0656,99.0873
2023-08-23,green,Green Boro Taxi,weekday,false,,166,5419.89,526.53,172469.0,104,115,661.7,3161.91,177.4407,-8.7248,-2.7159
2023-08-23,yellow,Yellow Medallion Taxi,weekday,false,,9224,270940.38,22541.18,7267204.0,5905,6407,27626.53,136811.46,9661.8105,-469.4669,31.6564
2023-08-24,fhvhv,High Volume For Hire Vehicle,weekday,false,,62396,2008521.3,279590.37,90077286.0,16175,62396,80762.21,1634531.75,61467.3613,868.545,60.0937
2023-08-24,green,Green Boro Taxi,weekday,false,,163,5423.23,549.96,173781.0,103,111,635.68,2955.84,178.1018,1.0848,-16.1866
2023-08-24,yellow,Yellow Medallion Taxi,weekday,false,,9991,295710.26,24588.4,7895324.0,6474,6953,30582.59,150175.29,9677.0043,264.1718,49.8238
2023-08-25,fhvhv,High Volume For Hire Vehicle,weekday,false,,70750,2259480.83,313916.37,101142223.0,18342,70750,90962.93,1838447.81,61465.2084,9431.5744,-146.7828
2023-08-25,green,Green Boro Taxi,weekday,false,,192,6038.04,585.91,193823.0,135,140,736.62,3607.78,179.3801,17.7105,-5.0906
2023-08-25,yellow,Yellow Medallion Taxi,weekday,false,,10995,325676.71,27036.97,8663475.0,7100,7660,33657.77,164870.34,9691.2668,1333.4427,-29.7095
2023-08-26,fhvhv,High Volume For Hire Vehicle,weekend,false,,75165,2310195.87,336640.31,98082459.0,19515,75165,93042.23,1874852.09,61470.0994,14038.689,-343.7884
2023-08-26,green,Green Boro Taxi,weekend,false,,227,7077.78,719.74,214079.0,163,167,924.82,4367.13,181.2057,34.8885,10.9058
2023-08-26,yellow,Yellow Medallion Taxi,weekend,false,,11857,337920.55,28801.57,8464146.0,7699,8293,35004.85,171588.51,9704.377,2211.6708,-59.0477
2023-08-27,fhvhv,High Volume For Hire Vehicle,weekend,false,,55421,1698288.05,247424.98,72035579.0,14526,55421,68760.52,1378311.94,61500.7083,-5971.3468,-108.3615
2023-08-27,green,Green Boro Taxi,weekend,false,,169,5502.04,591.2,169227.0,110,116,630.11,3183.05,182.9023,-13.8333,-0.069
2023-08-27,yellow,Yellow Medallion Taxi,weekend,false,,8860,251670.63,21585.98,6335150.0,5724,6180,26198.4,127934.72,9719.6656,-894.004,34.3384
2023-08-28,fhvhv,High Volume For Hire Vehicle,weekday,false,,53068,1692594.9,236078.54,75694510.0,13641,53068,67014.37,1378635.42,61563.8844,-8619.6027,123.7183
2023-08-28,green,Green Boro Taxi,weekday,false,,170,5436.42,532.73,176258.0,105,113,578.46,2762.14,184.1055,-14.6527,0.5472
2023-08-28,yellow,Yellow Medallion Taxi,weekday,false,,8249,243240.96,20147.12,6470794.0,5232,5680,24709.85,121901.48,9740.0775,-1489.7596,-1.3179
2023-08-29,fhvhv,High Volume For Hire Vehicle,weekday,false,,54883,1764833.02,246433.96,79130904.0,13926,54883,68701.02,1437794.2,61663.8721,-6470.7865,-310.0857
2023-08-29,green,Green Boro Taxi,weekday,false,,135,4117.1,403.32,130577.0,79,85,477.59,2290.85,185.0913,-12.3783,-37.713
2023-08-29,yellow,Yellow Medallion Taxi,weekday,false,,8809,262908.82,21752.19,6978553.0,5590,6027,26689.98,131054.97,9763.4414,-948.0699,-6.3715
2023-08-30,fhvhv,High Volume For Hire Vehicle,weekday,false,,58024,1869730.09,260784.84,83845441.0,15106,58024,74466.87,1522227.1,61792.457,-3410.2275,-358.2295
2023-08-30,green,Green Boro Taxi,weekday,false,,189,5461.64,531.86,172403.0,124,137,622.68,3170.35,185.7178,-11.4005,14.6827
2023-08-30,yellow,Yellow Medallion Taxi,weekday,false,,9091,269425.33,22329.15,7177859.0,5813,6298,27825.66,137232.41,9788.6692,-508.7836,-188.8856
2023-08-31,fhvhv,High Volume For Hire Vehicle,weekday,false,,62670,2000416.04,277929.47,89290244.0,16330,62670,81728.64,1625520.58,61929.2447,883.5409,-142.7856
2023-08-31,green,Green Boro Taxi,weekday,false,,187,5970.29,579.9,187695.0,132,141,775.87,3715.63,185.8423,-2.4364,3.5941
2023-08-31,yellow,Yellow Medallion Taxi,weekday,false,,9534,283306.43,23476.41,7551792.0,6161,6633,29160.02,144960.06,9814.1605,268.3204,-548.4808
2023-09-01,fhvhv,High Volume For Hire Vehicle,weekday,false,,71843,2305431.88,321274.18,103082350.0,18702,71843,92952.99,1875065.72,62058.3222,9626.1752,158.5026
2023-09-01,green,Green Boro Taxi,weekday,false,,201,5976.62,590.79,182739.0,139,145,753.03,3588.68,185.5401,19.0699,-3.61
2023-09-01,yellow,Yellow Medallion Taxi,weekday,false,,11245,330778.12,27462.36,8800895.0,7232,7783,33925.63,166333.53,9836.8731,1373.5763,34.5506
2023-09-02,fhvhv,High Volume For Hire Vehicle,weekend,false,,76819,2349540.85,342081.73,99692223.0,19975,76819,93524.2,1907397.67,62192.0326,14150.5282,476.4393
2023-09-02,green,Green Boro Taxi,weekend,false,,210,6172.97,650.01,186569.0,134,144,672.32,3423.58,185.0146,32.8995,-7.9141
2023-09-02,yellow,Yellow Medallion Taxi,weekend,false,,12093,343279.91,29552.7,8630122.0,7717,8408,35306.22,174365.05,9857.7047,2221.4993,13.7959
2023-09-03,fhvhv,High Volume For Hire Vehicle,weekend,false,,56444,1736540.91,252798.67,73780104.0,14803,56444,69771.51,1409037.7,62338.0661,-6071.1512,177.0851
2023-09-03,green,Green Boro Taxi,weekend,false,,175,4912.34,495.74,150440.0,115,123,570.96,2748.27,184.2645,-12.2536,2.9891
2023-09-03,yellow,Yellow Medallion Taxi,weekend,false,,8983,253176.34,21727.95,6318372.0,5798,6211,26119.48,126985.4,9878.7992,-923.4171,27.6179
2023-09-04,fhvhv,High Volume For Hire Vehicle,weekday,true,Labor Day,33578,1080721.74,150644.81,48492119.0,8671,33578,42912.7,880125.65,62486.177,-8728.3029,-20179.8741
2023-09-04,green,Green Boro Taxi,weekday,true,Labor Day,82,2875.28,285.79,90024.0,54,57,380.96,1749.7,183.5107,-10.5052,-91.0054
2023-09-04,yellow,Yellow Medallion Taxi,weekday,true,Labor Day,5323,156031.32,12881.88,4161999.0,3443,3713,15924.22,78570.62,9898.0971,-1465.3826,-3109.7145
2023-09-05,fhvhv,High Volume For Hire Vehicle,weekday,false,,55932,1803111.14,251614.69,80778396.0,14460,55932,72220.55,1467392.87,62610.7469,-6528.282,-150.4649
2023-09-05,green,Green Boro Taxi,weekday,false,,172,5511.64,554.77,171450.0,115,121,653.39,2977.79,182.9846,-12.4343,1.4497
2023-09-05,yellow,Yellow Medallion Taxi,weekday,false,,8982,264034.84,21910.47,7051445.0,5792,6251,27019.79,133146.38,9911.1856,-963.3047,34.119
2023-09-06,fhvhv,High Volume For Hire Vehicle,weekday,false,,59133,1902844.45,265095.19,85181202.0,15499,59133,78177.61,1547624.22,62702.9716,-3395.1625,-174.8092
2023-09-06,green,Green Boro Taxi,weekday,false,,162,4430.86,424.27,137524.0,113,118,507.02,2500.97,182.7893,-16.4292,-4.3601
2023-09-06,yellow,Yellow Medallion Taxi,weekday,false,,9352,277623.58,23097.59,7396829.0,5986,6461,28408.82,139573.95,9918.9949,-537.7527,-29.2422
2023-09-07,fhvhv,High Volume For Hire Vehicle,weekday,false,,63929,2048119.86,285285.23,91549523.0,16542,63929,81425.6,1665765.68,62770.5903,814.2482,344.1615
2023-09-07,green,Green Boro Taxi,weekday,false,,180,5619.12,549.55,178327.0,103,109,686.58,3069.76,182.8381,-1.2435,-1.5946
2023-09-07,yellow,Yellow Medallion Taxi,weekday,false,,10212,303597.09,25182.79,8091218.0,6544,7086,31324.09,153115.35,9924.6703,253.5622,33.7675
2023-09-08,fhvhv,High Volume For Hire Vehicle,weekday,false,,72787,2338251.75,326148.21,104705141.0,18894,72787,93863.0,1903374.78,62832.1132,9750.5213,204.3655
2023-09-08,green,Green Boro Taxi,weekday,false,,211,6222.69,615.12,193849.0,134,141,726.13,3415.13,182.7985,21.3885,6.8129
2023-09-08,yellow,Yellow Medallion Taxi,weekday,false,,11324,335455.56,27633.3,8938611.0,7259,7830,34525.94,169409.64,9929.3575,1435.133,-40.4905
2023-09-09,fhvhv,High Volume For Hire Vehicle,weekend,false,,77355,2373915.12,346043.18,100724279.0,19923,77355,94914.69,1926755.9,62893.4218,14285.4277,176.1505
2023-09-09,green,Green Boro Taxi,weekend,false,,212,6434.7,673.1,195999.0,125,142,672.04,3560.91,182.1926,31.7468,-1.9394
2023-09-09,yellow,Yellow Medallion Taxi,weekend,false,,12222,345335.81,29677.36,8627267.0,7864,8506,36043.87,176366.26,9932.4516,2236.917,52.6314
2023-09-10,fhvhv,High Volume For Hire Vehicle,weekend,false,,56557,1726925.24,251322.7,73162507.0,14577,56557,68616.75,1401164.67,62943.2561,-6151.9783,-234.2778
2023-09-10,green,Green Boro Taxi,weekend,false,,169,5072.78,522.05,157388.0,110,121,571.89,3005.57,180.8794,-12.9271,1.0477
2023-09-10,yellow,Yellow Medallion Taxi,weekend,false,,8959,256818.0,22093.63,6435961.0,5722,6160,26361.3,128806.84,9934.5831,-970.2359,-5.3472
2023-09-11,fhvhv,High Volume For Hire Vehicle,weekday,false,,54042,1732646.31,241426.74,77598883.0,13987,54042,69361.47,1410521.59,62970.6809,-8852.2936,-76.3873
2023-09-11,green,Green Boro Taxi,weekday,false,,172,5550.95,569.49,178396.0,104,109,581.85,2872.26,179.42,-9.6066,2.1867
2023-09-11,yellow,Yellow Medallion Taxi,weekday,false,,8475,252525.65,20989.6,6727721.0,5402,5868,25931.24,127876.28,9934.9405,-1433.7614,-26.1792
2023-09-12,fhvhv,High Volume For Hire Vehicle,weekday,false,,56616,1824747.26,254269.3,81753053.0,14756,56616,73869.4,1484405.71,62974.312,-6461.8126,103.5006
2023-09-12,green,Green Boro Taxi,weekday,false,,187,6386.0,626.16,205500.0,116,131,812.56,3749.15,178.2759,-15.1212,23.8452
2023-09-12,yellow,Yellow Medallion Taxi,weekday,false,,8948,263681.58,21900.59,7008275.0,5772,6249,27181.25,133879.88,9933.3992,-974.0613,-11.3379
2023-09-13,fhvhv,High Volume For Hire Vehicle,weekday,false,,59996,1922864.74,268176.65,85969321.0,15497,59996,76468.51,1564602.75,62964.0563,-3319.1152,351.0589
2023-09-13,green,Green Boro Taxi,weekday,false,,194,5849.07,570.71,186888.0,122,131,676.3,3243.94,177.3968,-19.5334,36.1366
2023-09-13,yellow,Yellow Medallion Taxi,weekday,false,,9467,279965.19,23166.67,7435790.0,6055,6529,28597.28,141469.81,9931.1104,-549.6219,85.5115
2023-09-14,fhvhv,High Volume For Hire Vehicle,weekday,false,,63666,2037155.1,283676.74,91133019.0,16620,63666,81404.78,1657720.19,62955.5617,749.1643,-38.726
2023-09-14,green,Green Boro Taxi,weekday,false,,171,5647.41,573.34,182810.0,111,118,631.13,3115.82,176.5206,3.7656,-9.2862
2023-09-14,yellow,Yellow Medallion Taxi,weekday,false,,10125,301532.75,25031.38,8016522.0,6524,7042,30977.69,153093.31,9928.5031,215.5933,-19.0964
2023-09-15,fhvhv,High Volume For Hire Vehicle,weekday,false,,72775,2336622.8,325400.68,104593822.0,19031,72775,94042.05,1900877.94,62951.0272,9730.8237,93.1491
2023-09-15,green,Green Boro Taxi,weekday,false,,197,6000.65,591.35,189562.0,135,143,709.21,3572.18,175.5802,23.9883,-2.5685
2023-09-15,yellow,Yellow Medallion Taxi,weekday,false,,11431,335937.95,27742.63,8962328.0,7351,7958,34919.14,170783.06,9924.8567,1486.4512,19.6921
2023-09-16,fhvhv,High Volume For Hire Vehicle,weekend,false,,76995,2357556.83,343362.25,100122343.0,19866,76995,92977.71,1914531.17,62942.4786,14345.7254,-293.2041
2023-09-16,green,Green Boro Taxi,weekend,false,,206,6504.56,665.62,197456.0,141,147,838.53,3912.65,174.7768,35.7607,-4.5374
2023-09-16,yellow,Yellow Medallion Taxi,weekend,false,,12140,341220.56,29223.01,8479195.0,7881,8532,35144.22,175237.29,9920.6349,2251.0877,-31.7226
2023-09-17,fhvhv,High Volume For Hire Vehicle,weekend,false,,56772,1742301.28,254040.28,73859517.0,14785,56772,70304.09,1413645.57,62924.3432,-6215.0377,62.6945
2023-09-17,green,Green Boro Taxi,weekend,false,,161,5180.19,533.01,156904.0,114,122,689.85,3200.28,174.7815,-14.8594,1.0778
2023-09-17,yellow,Yellow Medallion Taxi,weekend,false,,8873,251445.03,21654.71,6349687.0,5713,6139,25658.32,126588.63,9916.9919,-1010.3352,-33.6567
2023-09-18,fhvhv,High Volume For Hire Vehicle,weekday,false,,53912,1721832.44,239263.84,76825215.0,14060,53912,70019.03,1398808.53,62908.7581,-8932.4335,-64.3247
2023-09-18,green,Green Boro Taxi,weekday,false,,177,5557.08,542.45,178350.0,117,124,667.29,3320.29,175.9065,-14.8519,15.9454
2023-09-18,yellow,Yellow Medallion Taxi,weekday,false,,8574,252505.01,21002.03,6787937.0,5430,5881,25656.89,125706.2,9914.6545,-1408.3275,67.673
2023-09-19,fhvhv,High Volume For Hire Vehicle,weekday,false,,56556,1823484.46,254045.34,81757432.0,14609,56556,73133.21,1483742.35,62911.1734,-6330.1334,-25.04
2023-09-19,green,Green Boro Taxi,weekday,false,,153,4493.69,445.03,141814.0,89,102,488.17,2627.85,177.2036,-18.2739,-5.9297
2023-09-19,yellow,Yellow Medallion Taxi,weekday,false,,8894,264192.84,21931.34,7057436.0,5750,6230,27628.84,134447.25,9914.1888,-982.513,-37.6759
2023-09-20,fhvhv,High Volume For Hire Vehicle,weekday,false,,59759,1908388.65,265513.69,85340810.0,15582,59759,76603.86,1552745.62,62937.1908,-3222.2673,44.0765
2023-09-20,green,Green Boro Taxi,weekday,false,,149,4665.03,466.38,148133.0,97,107,531.59,2652.63,177.9343,-18.598,-10.3363
2023-09-20,yellow,Yellow Medallion Taxi,weekday,false,,9349,276196.6,22791.17,7363920.0,5999,6499,28666.89,140813.75,9915.3329,-549.6169,-16.7159
2023-09-21,fhvhv,High Volume For Hire Vehicle,weekday,false,,63483,2029853.54,282784.42,90714778.0,16621,63483,81361.13,1651401.55,62982.2067,690.5657,-189.7724
2023-09-21,green,Green Boro Taxi,weekday,false,,198,6167.1,607.37,198634.0,114,122,700.96,3270.08,178.0893,8.3947,11.5161
2023-09-21,yellow,Yellow Medallion Taxi,weekday,false,,10055,298914.78,24602.36,7931147.0,6450,6970,30599.92,150551.46,9917.33,200.5288,-62.8588
2023-09-22,fhvhv,High Volume For Hire Vehicle,weekday,false,,72451,2323562.77,323384.59,103966713.0,18987,72451,93296.42,1889871.74,63035.1175,9632.8982,-217.0157
2023-09-22,green,Green Boro Taxi,weekday,false,,206,6021.69,610.16,185558.0,133,147,657.75,3468.79,178.243,23.5377,4.2194
2023-09-22,yellow,Yellow Medallion Taxi,weekday,false,,11526,342133.67,28378.03,9192567.0,7438,8014,35626.43,174296.29,9919.0913,1512.5225,94.3862
2023-09-23,fhvhv,High Volume For Hire Vehicle,weekend,false,,77469,2369738.02,345310.83,100471995.0,19935,77469,93476.86,1923599.33,63085.5223,14393.6837,-10.206
2023-09-23,green,Green Boro Taxi,weekend,false,,225,6866.69,706.42,212062.0,144,155,804.81,3877.62,178.7445,38.5974,7.6581
2023-09-23,yellow,Yellow Medallion Taxi,weekend,false,,12175,347719.87,30084.01,8791863.0,7800,8443,35656.35,176268.64,9920.3556,2244.654,9.9904
2023-09-24,fhvhv,High Volume For Hire Vehicle,weekend,false,,56939,1750064.8,254830.29,74250295.0,14950,56939,70683.14,1419447.23,63135.8357,-6254.318,57.4823
2023-09-24,green,Green Boro Taxi,weekend,false,,159,5040.87,520.0,159032.0,98,105,545.99,2842.13,179.6428,-14.5427,-6.1001
2023-09-24,yellow,Yellow Medallion Taxi,weekend,false,,8887,255561.17,21948.37,6399427.0,5708,6118,26281.58,129488.74,9920.8368,-1028.9744,-4.8625
2023-09-25,fhvhv,High Volume For Hire Vehicle,weekday,false,,54444,1737597.09,241719.95,77705833.0,13989,54444,69178.85,1413897.66,63184.1117,-8929.1845,189.0728
2023-09-25,green,Green Boro Taxi,weekday,false,,139,4325.53,424.88,137464.0,91,98,504.34,2356.7,180.6322,-24.2545,-17.3777
2023-09-25,yellow,Yellow Medallion Taxi,weekday,false,,8513,253157.97,21033.73,6754288.0,5486,5959,26180.68,129721.68,9920.8626,-1388.6583,-19.2042
2023-09-26,fhvhv,High Volume For Hire Vehicle,weekday,false,,57184,1842060.93,256623.09,82569499.0,14892,57184,74415.44,1498890.19,63220.9845,-6266.9947,230.0102
2023-09-26,green,Green Boro Taxi,weekday,false,,154,4692.34,473.88,147060.0,96,101,508.8,2474.17,181.2934,-17.3411,-9.9522
2023-09-26,yellow,Yellow Medallion Taxi,weekday,false,,9002,264633.21,21843.99,7007459.0,5849,6373,27750.62,137596.4,9917.7007,-980.9948,65.2941
2023-09-27,fhvhv,High Volume For Hire Vehicle,weekday,false,,59992,1926772.5,268318.97,86199390.0,15645,59992,77574.14,1566928.52,63209.802,-3244.3176,26.5156
2023-09-27,green,Green Boro Taxi,weekday,false,,180,5866.64,579.48,184006.0,124,134,753.75,3596.98,181.6835,-16.385,14.7015
2023-09-27,yellow,Yellow Medallion Taxi,weekday,false,,9319,277076.84,22747.46,7308494.0,5957,6374,28648.04,138457.51,9909.715,-555.5507,-35.1644
2023-09-28,fhvhv,High Volume For Hire Vehicle,weekday,false,,63930,2046341.62,284736.87,91512334.0,16612,63930,82714.23,1664384.32,63138.8588,708.8056,82.3356
2023-09-28,green,Green Boro Taxi,weekday,false,,196,6149.03,606.98,191958.0,135,149,758.15,3766.62,182.3708,12.1776,1.4517
2023-09-28,yellow,Yellow Medallion Taxi,weekday,false,,10137,302252.46,24995.23,8032306.0,6626,7104,31557.94,154610.38,9896.3482,193.6821,46.9697
2023-09-29,fhvhv,High Volume For Hire Vehicle,weekday,false,,72923,2336254.47,325295.44,104516667.0,19044,72923,95313.61,1900663.62,63035.6283,9483.7372,403.6346
2023-09-29,green,Green Boro Taxi,weekday,false,,207,6311.7,630.64,201165.0,122,136,662.74,3312.32,183.5892,20.4216,2.9892
2023-09-29,yellow,Yellow Medallion Taxi,weekday,false,,11383,336803.18,27988.37,8990396.0,7305,7914,34286.49,170461.22,9880.4239,1521.6498,-19.0737
2023-09-30,fhvhv,High Volume For Hire Vehicle,weekend,false,,77592,2380346.66,346361.57,100857124.0,20382,77592,96245.73,1929653.8,62915.7978,14456.7682,219.434
2023-09-30,green,Green Boro Taxi,weekend,false,,253,7696.38,806.34,235057.0,157,176,857.79,4389.61,185.0579,39.8214,28.1207
2023-09-30,yellow,Yellow Medallion Taxi,weekend,false,,12159,345375.65,29645.78,8670440.0,7807,8405,35560.59,173945.94,9863.3214,2222.8704,72.8082
2023-10-01,fhvhv,High Volume For Hire Vehicle,weekend,false,,55421,1714677.48,250808.59,72911149.0,14377,55421,69039.34,1392689.58,62785.9297,-6242.3198,-1122.6098
2023-10-01,green,Green Boro Taxi,weekend,false,,171,4953.69,513.96,144791.0,100,110,572.17,2668.37,186.003,-13.9035,-1.0995
2023-10-01,yellow,Yellow Medallion Taxi,weekend,false,,8821,248012.79,21331.94,6158459.0,5707,6114,25642.14,125412.7,9844.3755,-1025.6814,2.3059
2023-10-02,fhvhv,High Volume For Hire Vehicle,weekday,false,,53609,1714213.29,238571.78,76552119.0,13927,53609,69716.28,1393626.91,62654.3737,-8868.8013,-176.5724
2023-10-02,green,Green Boro Taxi,weekday,false,,154,5047.06,490.09,167004.0,93,103,599.79,2826.69,186.1567,-28.7576,-3.3991
2023-10-02,yellow,Yellow Medallion Taxi,weekday,false,,8440,248111.82,20571.88,6633830.0,5437,5844,25664.44,125411.18,9823.0776,-1390.5707,7.4932
2023-10-03,fhvhv,High Volume For Hire Vehicle,weekday,false,,56119,1797096.74,250466.97,80421615.0,14366,56119,71759.06,1462836.28,62518.2674,-6251.6347,-147.6327
2023-10-03,green,Green Boro Taxi,weekday,false,,178,6173.93,627.77,205118.0,117,124,655.17,3191.53,185.965,-11.3093,3.3444
2023-10-03,yellow,Yellow Medallion Taxi,weekday,false,,8732,259685.32,21565.26,6929867.0,5675,6109,27031.45,132188.24,9800.8597,-951.8323,-117.0275
2023-10-04,fhvhv,High Volume For Hire Vehicle,weekday,false,,59032,1893742.14,264085.98,84751481.0,15358,59032,75841.6,1541354.81,62382.3069,-3336.3082,-13.9988
2023-10-04,green,Green Boro Taxi,weekday,false,,174,6072.62,617.09,199446.0,106,116,697.0,3559.99,185.9745,-15.7405,3.766
2023-10-04,yellow,Yellow Medallion Taxi,weekday,false,,9237,272665.64,22688.86,7283570.0,5957,6422,28367.34,138706.89,9779.1144,-550.6904,8.576
2023-10-05,fhvhv,High Volume For Hire Vehicle,weekday,false,,62927,2017495.28,281525.56,90149130.0,16414,62927,80633.47,1641335.5,62284.6226,812.5152,-170.1378
2023-10-05,green,Green Boro Taxi,weekday,false,,199,6242.55,622.17,199470.0,131,137,717.39,3406.53,186.2864,11.744,0.9697
2023-10-05,yellow,Yellow Medallion Taxi,weekday,false,,9984,291535.05,24116.22,7751392.0,6386,6888,29957.02,146556.78,9764.4947,167.8905,51.6148
2023-10-06,fhvhv,High Volume For Hire Vehicle,weekday,false,,71462,2294992.76,319648.29,102941109.0,18525,71462,90441.77,1868921.05,62243.3525,9404.6952,-186.0477
2023-10-06,green,Green Boro Taxi,weekday,false,,197,6126.68,620.98,190992.0,118,136,698.19,3556.92,186.3435,16.3979,-5.7414
2023-10-06,yellow,Yellow Medallion Taxi,weekday,false,,11234,331740.35,27616.7,8857747.0,7156,7754,33755.65,167818.36,9758.9037,1512.8932,-37.7969
2023-10-07,fhvhv,High Volume For Hire Vehicle,weekend,false,,76745,2346593.63,341774.57,99528222.0,19991,76745,94654.8,1904987.18,62240.1155,14455.5746,49.3099
2023-10-07,green,Green Boro Taxi,weekend,false,,219,5899.29,610.47,172146.0,123,137,660.5,3208.76,185.6562,39.9217,-6.5779
2023-10-07,yellow,Yellow Medallion Taxi,weekend,false,,11856,335664.3,28869.62,8420934.0,7591,8176,34594.36,169080.65,9759.7236,2220.216,-123.9396
2023-10-08,fhvhv,High Volume For Hire Vehicle,weekend,false,,55770,1705056.89,248081.87,72340673.0,14519,55770,68433.34,1383922.77,62246.9122,-6204.9,-272.0122
2023-10-08,green,Green Boro Taxi,weekend,false,,183,5084.96,519.92,153911.0,117,126,555.07,2785.53,184.6172,-13.5988,11.9815
2023-10-08,yellow,Yellow Medallion Taxi,weekend,false,,8733,243678.76,20733.54,6025006.0,5545,5991,24749.45,120794.29,9764.6712,-1003.0982,-28.573
2023-10-09,fhvhv,High Volume For Hire Vehicle,weekday,true,Columbus Day,33109,1060401.24,147591.53,47359618.0,8607,33109,42647.43,861912.24,62258.4457,-8792.5301,-20356.9155
2023-10-09,green,Green Boro Taxi,weekday,true,Columbus Day,93,2453.96,244.61,73835.0,54,63,244.54,1378.66,183.595,-27.8964,-62.6987
2023-10-09,yellow,Yellow Medallion Taxi,weekday,true,Columbus Day,5281,153161.91,12628.36,4050781.0,3362,3631,15661.94,77028.45,9771.6342,-1390.9651,-3099.6692
2023-10-10,fhvhv,High Volume For Hire Vehicle,weekday,false,,56101,1800573.47,250799.96,80658488.0,14540,56101,71828.77,1465526.02,62282.8097,-6331.7812,149.9715
2023-10-10,green,Green Boro Taxi,weekday,false,,189,5902.12,586.2,188192.0,116,126,656.18,3208.59,182.63,-6.1288,12.4988
2023-10-10,yellow,Yellow Medallion Taxi,weekday,false,,8884,263402.73,21922.97,7018278.0,5627,6074,26765.84,131448.32,9778.6491,-935.1738,40.5247
2023-10-11,fhvhv,High Volume For Hire Vehicle,weekday,false,,58838,1879457.07,261344.21,83947176.0,15294,58838,75769.65,1527958.91,62318.215,-3366.2346,-113.9804
2023-10-11,green,Green Boro Taxi,weekday,false,,159,5129.51,503.3,159908.0,105,111,604.59,2797.82,181.8045,-19.3623,-3.4422
2023-10-11,yellow,Yellow Medallion Taxi,weekday,false,,9247,269709.03,22210.05,7136568.0,5900,6381,27510.83,136070.43,9788.2464,-526.2551,-14.9913
2023-10-12,fhvhv,High Volume For Hire Vehicle,weekday,false,,63520,2031160.0,282373.78,90860759.0,16523,63520,82514.57,1652094.39,62354.6657,878.7311,286.6032
2023-10-12,green,Green Boro Taxi,weekday,false,,184,5368.78,531.46,170077.0,116,126,576.53,2939.03,180.7249,12.139,-8.8639
2023-10-12,yellow,Yellow Medallion Taxi,weekday,false,,9930,294253.71,24361.73,7853663.0,6431,6936,30167.72,148627.91,9802.1982,103.778,24.0238
2023-10-13,fhvhv,High Volume For Hire Vehicle,weekday,false,,71628,2292080.94,319125.57,102556722.0,18396,71628,91758.8,1865220.0,62384.2591,9384.7073,-140.9664
2023-10-13,green,Green Boro Taxi,weekday,false,,194,6081.81,606.24,189648.0,130,139,745.43,3446.65,179.0938,13.9856,0.9206
2023-10-13,yellow,Yellow Medallion Taxi,weekday,false,,11532,340680.38,28086.18,9016633.0,7369,7997,35207.17,172319.66,9816.0312,1499.1773,216.7915
2023-10-14,fhvhv,High Volume For Hire Vehicle,weekend,false,,76681,2352478.59,342814.4,99889635.0,19702,76681,94243.99,1909942.99,62400.1778,14376.0242,-95.202
2023-10-14,green,Green Boro Taxi,weekend,false,,222,6971.02,729.08,216554.0,132,145,792.0,3991.51,177.3677,37.9271,6.7052
2023-10-14,yellow,Yellow Medallion Taxi,weekend,false,,12017,340130.71,29257.83,8513939.0,7804,8393,34957.88,171795.43,9825.4076,2221.9349,-30.3426
2023-10-15,fhvhv,High Volume For Hire Vehicle,weekend,false,,56552,1736912.23,253873.73,73691790.0,14596,56552,69096.64,1410804.11,62401.2152,-6174.2727,325.0575
2023-10-15,green,Green Boro Taxi,weekend,false,,153,4734.24,497.25,139657.0,87,97,543.51,2549.81,175.9922,-11.6561,-11.3361
2023-10-15,yellow,Yellow Medallion Taxi,weekend,false,,8845,249055.81,21548.56,6223031.0,5644,6117,25312.9,125270.66,9831.8088,-970.1365,-16.6723
2023-10-16,fhvhv,High Volume For Hire Vehicle,weekday,false,,53730,1732077.36,241822.83,77759829.0,13778,53730,68073.77,1411295.23,62399.5226,-8715.3325,45.8099
2023-10-16,green,Green Boro Taxi,weekday,false,,156,5009.17,514.32,155729.0,105,116,589.31,3154.37,174.8148,-25.4904,6.6756
2023-10-16,yellow,Yellow Medallion Taxi,weekday,false,,8437,248030.48,20452.19,6563174.0,5506,5921,25826.08,126597.69,9839.4128,-1386.5413,-15.8715
2023-10-17,fhvhv,High Volume For Hire Vehicle,weekday,false,,55991,1793611.12,249592.01,80225423.0,14482,55991,71871.94,1458804.13,62399.1676,-6453.3137,45.1462
2023-10-17,green,Green Boro Taxi,weekday,false,,164,5604.52,542.8,182140.0,98,109,711.94,3378.48,173.9554,-3.7633,-6.1921
2023-10-17,yellow,Yellow Medallion Taxi,weekday,false,,8970,264986.1,22023.24,7049680.0,5791,6247,27053.57,133459.54,9849.9168,-919.8982,39.9814
2023-10-18,fhvhv,High Volume For Hire Vehicle,weekday,false,,58979,1893017.0,263745.99,84626403.0,15370,58979,77123.42,1539332.6,62397.7806,-3343.7648,-75.0158
2023-10-18,green,Green Boro Taxi,weekday,false,,149,4833.39,485.62,153065.0,98,108,554.71,2823.46,173.3329,-25.8967,1.5638
2023-10-18,yellow,Yellow Medallion Taxi,weekday,false,,9373,276902.36,23029.13,7396175.0,6002,6507,28237.1,139851.82,9862.1206,-499.5968,10.4763
2023-10-19,fhvhv,High Volume For Hire Vehicle,weekday,false,,63227,2017179.25,280241.41,90184933.0,16586,63227,82237.64,1640570.44,62393.1993,920.9193,-87.1187
2023-10-19,green,Green Boro Taxi,weekday,false,,190,5488.98,534.75,167606.0,136,142,692.36,3246.9,173.0134,11.9661,5.0205
2023-10-19,yellow,Yellow Medallion Taxi,weekday,false,,9807,290680.08,24267.46,7800618.0,6250,6777,29711.89,146652.35,9873.2176,24.5148,-90.7324
2023-10-20,fhvhv,High Volume For Hire Vehicle,weekday,false,,71819,2300424.43,319915.65,103152983.0,18379,71819,91053.61,1872984.83,62383.8699,9465.0576,-29.9275
2023-10-20,green,Green Boro Taxi,weekday,false,,180,5642.53,567.99,175078.0,121,127,684.09,3348.27,173.0966,17.0707,-10.1673
2023-10-20,yellow,Yellow Medallion Taxi,weekday,false,,11370,333294.12,27711.78,8919046.0,7294,7869,34341.35,168694.98,9880.563,1510.269,-20.832
2023-10-21,fhvhv,High Volume For Hire Vehicle,weekend,false,,76637,2353771.71,343166.31,99801203.0,19916,76637,94374.66,1909619.98,62377.2486,14248.1129,11.6385
2023-10-21,green,Green Boro Taxi,weekend,false,,207,5971.55,621.37,180359.0,133,148,673.12,3499.11,173.6053,39.4704,-6.0756
2023-10-21,yellow,Yellow Medallion Taxi,weekend,false,,12224,347076.81,29884.47,8679634.0,7969,8552,36325.43,177183.89,9883.5646,2240.9365,99.4989
2023-10-22,fhvhv,High Volume For Hire Vehicle,weekend,false,,56241,1724665.28,251403.08,73177862.0,14617,56241,68999.7,1400003.17,62382.8564,-6160.0697,18.2133
2023-10-22,green,Green Boro Taxi,weekend,false,,164,4829.27,480.44,145785.0,108,116,600.58,2855.82,174.3008,-12.7097,2.4089
2023-10-22,yellow,Yellow Medallion Taxi,weekend,false,,9008,252041.08,21642.65,6326490.0,5780,6262,25923.44,128240.47,9883.8355,-969.8001,93.9646
2023-10-23,fhvhv,High Volume For Hire Vehicle,weekday,false,,53814,1725716.97,240342.68,77275650.0,13770,53814,69275.62,1404483.7,62401.3825,-8660.7064,73.3239
2023-10-23,green,Green Boro Taxi,weekday,false,,147,4224.39,405.62,127519.0,97,104,509.21,2488.12,175.2058,-25.9132,-2.2926
2023-10-23,yellow,Yellow Medallion Taxi,weekday,false,,8508,252589.65,20834.57,6679164.0,5492,5956,26268.26,129211.12,9883.7813,-1386.5437,10.7624
2023-10-24,fhvhv,High Volume For Hire Vehicle,weekday,false,,55590,1782379.92,247985.73,79761788.0,14607,55590,72743.09,1449702.96,62429.4155,-6602.1581,-237.2574
2023-10-24,green,Green Boro Taxi,weekday,false,,176,5431.45,530.76,173614.0,120,132,628.35,3286.4,176.3536,-6.9686,6.615
2023-10-24,yellow,Yellow Medallion Taxi,weekday,false,,8923,264585.78,21995.93,7075290.0,5782,6247,27398.62,134788.21,9882.6483,-947.4496,-12.1987
2023-10-25,fhvhv,High Volume For Hire Vehicle,weekday,false,,59211,1892853.92,263347.98,84536648.0,15423,59211,76220.73,1538828.25,62463.1594,-3238.1807,-13.9787
2023-10-25,green,Green Boro Taxi,weekday,false,,145,4207.71,419.61,131485.0,91,99,456.76,2297.92,177.6695,-24.6865,-7.983
2023-10-25,yellow,Yellow Medallion Taxi,weekday,false,,9384,278562.81,23040.16,7411915.0,6070,6555,28622.11,140669.5,9876.827,-484.7529,-8.0741
2023-10-26,fhvhv,High Volume For Hire Vehicle,weekday,false,,63373,2021006.03,281276.29,90399036.0,16542,63373,81139.41,1645158.64,62506.9505,952.0555,-86.006
2023-10-26,green,Green Boro Taxi,weekday,false,,197,6185.71,611.08,199119.0,125,134,685.99,3546.78,178.8865,9.5507,8.5629
2023-10-26,yellow,Yellow Medallion Taxi,weekday,false,,9855,290260.23,24078.56,7700181.0,6401,6917,30381.21,147803.68,9872.5168,24.0634,-41.5802
2023-10-27,fhvhv,High Volume For Hire Vehicle,weekday,false,,72183,2315791.4,322476.09,103652929.0,18579,72183,92568.15,1884069.12,62562.8934,9626.5865,-6.48
2023-10-27,green,Green Boro Taxi,weekday,false,,203,6545.14,636.89,214183.0,132,145,748.84,3907.0,179.7304,23.6066,-0.337
2023-10-27,yellow,Yellow Medallion Taxi,weekday,false,,11349,332289.17,27667.24,8853177.0,7283,7868,34088.8,167802.28,9895.5482,1529.7243,-76.2725
2023-10-28,fhvhv,High Volume For Hire Vehicle,weekend,false,,76751,2354767.51,343090.03,99852481.0,19987,76751,94614.47,1910460.85,62635.2147,14132.4722,-16.6869
2023-10-28,green,Green Boro Taxi,weekend,false,,219,6309.68,647.19,191655.0,138,146,722.13,3429.93,180.2666,41.6413,-2.9079
2023-10-28,yellow,Yellow Medallion Taxi,weekend,false,,12156,343125.94,29653.09,8595294.0,7868,8534,35710.54,176267.52,9942.8726,2239.0175,-25.8901
2023-10-29,fhvhv,High Volume For Hire Vehicle,weekend,false,,56392,1723354.73,251404.82,73094944.0,14459,56392,68148.98,1399957.06,62725.3302,-6292.5659,-40.7643
2023-10-29,green,Green Boro Taxi,weekend,false,,174,5067.42,520.04,153379.0,110,119,586.16,2710.87,181.1693,-15.2137,8.0445
2023-10-29,yellow,Yellow Medallion Taxi,weekend,false,,8798,251479.58,21542.98,6312482.0,5716,6144,26217.06,128621.37,9999.0826,-971.2133,-229.8693
2023-10-30,fhvhv,High Volume For Hire Vehicle,weekday,false,,53943,1722995.13,240108.93,76978690.0,14007,53943,68557.79,1401955.05,62827.4664,-8657.5622,-226.9042
2023-10-30,green,Green Boro Taxi,weekday,false,,149,5254.28,529.31,176305.0,96,105,575.74,2970.37,182.6543,-30.0126,-3.6416
2023-10-30,yellow,Yellow Medallion Taxi,weekday,false,,8300,247354.97,20494.56,6607128.0,5279,5705,25379.9,125048.91,10053.4196,-1389.4245,-363.995
2023-10-31,fhvhv,High Volume For Hire Vehicle,weekday,false,,56430,1805515.3,251076.61,80796949.0,14677,56430,71673.17,1468817.02,63085.8351,-6681.0609,25.2258
2023-10-31,green,Green Boro Taxi,weekday,false,,171,5407.24,540.03,174943.0,102,109,575.0,2846.53,184.3269,-6.7379,-6.589
2023-10-31,yellow,Yellow Medallion Taxi,weekday,false,,8833,260406.71,21501.38,6919516.0,5735,6198,27106.13,133716.96,10103.8787,-959.8734,-311.0053
2023-11-01,fhvhv,High Volume For Hire Vehicle,weekday,false,,62911,2019278.54,281867.4,90296975.0,16312,62911,80939.15,1643247.3,63651.3096,-3128.5382,2388.2286
2023-11-01,green,Green Boro Taxi,weekday,false,,195,5871.74,563.52,184841.0,132,147,738.41,3548.58,186.0076,-21.9973,30.9897
2023-11-01,yellow,Yellow Medallion Taxi,weekday,false,,9727,286608.19,23663.96,7614903.0,6191,6692,29502.6,143968.71,10156.7663,-486.7132,56.9468
2023-11-02,fhvhv,High Volume For Hire Vehicle,weekday,false,,66998,2148240.26,299109.39,96026207.0,17508,66998,86833.73,1746715.32,64130.6099,1056.7353,1810.6548
2023-11-02,green,Green Boro Taxi,weekday,false,,185,5921.34,596.94,187301.0,118,127,684.04,3424.82,187.8303,7.5274,-10.3577
2023-11-02,yellow,Yellow Medallion Taxi,weekday,false,,10682,312512.15,25991.13,8355811.0,6873,7432,31868.08,157111.59,10216.4279,75.147,390.4251
2023-11-03,fhvhv,High Volume For Hire Vehicle,weekday,false,,76676,2461484.35,342970.83,110128475.0,20006,76676,98404.94,2002368.56,64483.1443,9780.7475,2412.1082
2023-11-03,green,Green Boro Taxi,weekday,false,,226,6873.9,696.97,215593.0,143,158,723.33,3750.42,189.6321,25.6112,10.7567
2023-11-03,yellow,Yellow Medallion Taxi,weekday,false,,11908,351499.11,28983.12,9348482.0,7723,8288,36552.14,178416.53,10274.5066,1599.8335,33.66
2023-11-04,fhvhv,High Volume For Hire Vehicle,weekend,false,,81894,2513637.02,366517.49,106675871.0,21247,81894,101505.69,2040508.46,64816.9033,13942.9734,3134.1233
2023-11-04,green,Green Boro Taxi,weekend,false,,241,6771.26,697.51,212422.0,150,167,673.19,3490.47,191.2677,45.1277,4.6047
2023-11-04,yellow,Yellow Medallion Taxi,weekend,false,,12990,372303.12,32052.48,9307478.0,8304,8976,38353.17,187798.4,10315.2798,2073.5804,601.1398
2023-11-05,fhvhv,High Volume For Hire Vehicle,weekend,false,,60257,1851013.07,269568.65,78557508.0,15643,60257,74541.16,1501770.98,65236.1255,-6372.7227,1393.5971
2023-11-05,green,Green Boro Taxi,weekend,false,,171,5089.69,537.25,146664.0,125,128,626.74,2938.15,192.8794,-18.5762,-3.3032
2023-11-05,yellow,Yellow Medallion Taxi,weekend,false,,9351,264305.61,22945.1,6701212.0,5987,6470,27229.01,134053.41,10346.6752,-983.4333,-12.2418
2023-11-06,fhvhv,High Volume For Hire Vehicle,weekday,false,,57314,1826686.29,254183.07,81583626.0,14943,57314,73296.07,1485930.24,65812.6973,-8708.7466,210.0494
2023-11-06,green,Green Boro Taxi,weekday,false,,168,5624.9,569.2,185621.0,106,117,606.93,3037.5,193.7452,-32.9557,7.2106
2023-11-06,yellow,Yellow Medallion Taxi,weekday,false,,8985,265951.02,21929.24,7024632.0,5748,6218,27418.36,135110.0,10376.1926,-1406.1973,15.0047
2023-11-07,fhvhv,High Volume For Hire Vehicle,weekday,true,Election Day,37097,1186904.94,164973.83,53006749.0,9718,37097,48897.58,964459.0,66124.2776,-6652.3863,-22374.8913
2023-11-07,green,Green Boro Taxi,weekday,true,Election Day,105,3276.83,322.62,100874.0,75,79,408.35,1975.38,193.4419,-8.2852,-80.1566
2023-11-07,yellow,Yellow Medallion Taxi,weekday,true,Election Day,5808,171231.23,14237.89,4574505.0,3712,4006,17818.24,86175.7,10398.4601,-996.6834,-3593.7767
2023-11-08,fhvhv,High Volume For Hire Vehicle,weekday,false,,63218,2016944.74,280597.77,90061038.0,16408,63218,81099.72,1640095.95,66161.3477,-3057.5751,114.2275
2023-11-08,green,Green Boro Taxi,weekday,false,,181,5576.32,564.94,184739.0,99,107,507.48,2646.53,192.5631,-16.939,5.3759
2023-11-08,yellow,Yellow Medallion Taxi,weekday,false,,9885,292643.85,24340.23,7814572.0,6304,6833,29981.68,146701.44,10413.6727,-491.621,-37.0517
2023-11-09,fhvhv,High Volume For Hire Vehicle,weekday,false,,67384,2154282.83,299756.51,96331915.0,17442,67384,86714.46,1752483.58,66204.464,1219.2058,-39.6698
2023-11-09,green,Green Boro Taxi,weekday,false,,194,5546.65,535.78,176463.0,126,136,611.09,3006.14,191.8075,6.8813,-4.6888
2023-11-09,yellow,Yellow Medallion Taxi,weekday,false,,10648,315050.24,25975.42,8320902.0,6877,7446,32436.43,159987.97,10425.9809,96.8164,125.2027
2023-11-10,fhvhv,High Volume For Hire Vehicle,weekday,true,Veterans Day (observed),47788,1525165.27,212413.7,68231772.0,12378,47788,60833.89,1241743.41,66250.394,9562.3327,-28024.7267
2023-11-10,green,Green Boro Taxi,weekday,true,Veterans Day (observed),144,4488.84,424.21,146201.0,97,103,553.71,2593.91,191.1311,24.7259,-71.857
2023-11-10,yellow,Yellow Medallion Taxi,weekday,true,Veterans Day (observed),7358,218514.1,18089.98,5844548.0,4681,5059,22399.48,109831.56,10435.1296,1755.0276,-4832.1572
2023-11-11,fhvhv,High Volume For Hire Vehicle,weekend,true,Veterans Day,51177,1570045.0,228781.0,66718209.0,13184,51177,62436.47,1275138.73,66294.8852,14057.4635,-29175.3487
2023-11-11,green,Green Boro Taxi,weekend,true,Veterans Day,136,3831.3,386.46,115757.0,87,93,427.21,2107.45,190.7017,47.1274,-101.8291
2023-11-11,yellow,Yellow Medallion Taxi,weekend,true,Veterans Day,7969,227834.13,19570.18,5737879.0,5171,5590,24043.29,118248.27,10442.4482,2158.38,-4631.8282
2023-11-12,fhvhv,High Volume For Hire Vehicle,weekend,false,,59798,1833972.65,266782.8,77813043.0,15617,59798,73659.83,1487612.81,66335.772,-6374.8834,-162.8885
2023-11-12,green,Green Boro Taxi,weekend,false,,166,4749.18,478.11,143868.0,114,120,594.6,2793.64,190.2567,-23.0056,-1.2511
2023-11-12,yellow,Yellow Medallion Taxi,weekend,false,,9495,269413.44,23034.33,6725026.0,6091,6591,27951.02,135660.26,10446.0113,-955.172,4.1607
2023-11-13,fhvhv,High Volume For Hire Vehicle,weekday,false,,57796,1854406.03,258208.64,83011126.0,14984,57796,74071.33,1508720.85,66373.3162,-8780.1722,202.856
2023-11-13,green,Green Boro Taxi,weekday,false,,137,4412.96,445.5,139849.0,96,100,525.64,2577.63,189.9294,-31.7697,-21.1597
2023-11-13,yellow,Yellow Medallion Taxi,weekday,false,,9070,264586.15,21865.42,7037896.0,5859,6307,27242.6,134871.07,10442.4262,-1399.8721,27.4459
2023-11-14,fhvhv,High Volume For Hire Vehicle,weekday,false,,59800,1907130.53,265384.58,85096177.0,15584,59800,77104.61,1550481.03,66407.5677,-6538.6127,-68.955
2023-11-14,green,Green Boro Taxi,weekday,false,,192,7017.49,705.45,225287.0,134,142,899.44,4213.43,189.6774,-10.8988,13.2214
2023-11-14,yellow,Yellow Medallion Taxi,weekday,false,,9458,280716.69,23247.22,7478716.0,6018,6558,28932.79,142628.19,10432.2066,-1020.0607,45.8541
2023-11-15,fhvhv,High Volume For Hire Vehicle,weekday,false,,63535,2025840.24,281964.95,90508545.0,16578,63535,81555.9,1648212.36,66423.5832,-3010.6456,122.0623
2023-11-15,green,Green Boro Taxi,weekday,false,,159,5158.03,521.39,165371.0,97,105,585.07,2871.75,189.8048,-9.3666,-21.4382
2023-11-15,yellow,Yellow Medallion Taxi,weekday,false,,9955,294878.57,24294.3,7809309.0,6419,6917,30647.73,148824.5,10415.7609,-385.9419,-74.819
2023-11-16,fhvhv,High Volume For Hire Vehicle,weekday,false,,68014,2173372.89,302355.92,97190093.0,17885,68014,87365.14,1768098.36,66420.2659,1561.9959,31.7382
2023-11-16,green,Green Boro Taxi,weekday,false,,207,6835.5,669.63,216406.0,140,144,866.26,3856.38,189.8472,6.4947,10.6581
2023-11-16,yellow,Yellow Medallion Taxi,weekday,false,,10575,310809.13,25674.94,8276072.0,6778,7345,31876.05,158269.18,10397.1707,160.9597,16.8696
2023-11-17,fhvhv,High Volume For Hire Vehicle,weekday,false,,77139,2476582.7,344498.97,110950813.0,19892,77139,99040.0,2014836.9,66412.6386,8917.007,1809.3543
2023-11-17,green,Green Boro Taxi,weekday,false,,209,6676.57,671.08,214793.0,135,145,764.38,3735.23,189.8084,20.4871,-1.2955
2023-11-17,yellow,Yellow Medallion Taxi,weekday,false,,12203,359840.66,29798.74,9612690.0,7919,8512,37570.01,183507.62,10379.627,1320.5783,502.7947
2023-11-18,fhvhv,High Volume For Hire Vehicle,weekend,false,,81753,2486711.22,361707.97,105221606.0,21395,81753,99924.87,2017536.14,66403.2494,14062.0927,1287.658
2023-11-18,green,Green Boro Taxi,weekend,false,,240,7035.35,739.07,211531.0,147,162,790.33,3872.34,189.7629,47.2101,3.027
2023-11-18,yellow,Yellow Medallion Taxi,weekend,false,,12831,363086.19,31202.95,9084877.0,8190,8874,37059.75,182545.68,10362.8066,1927.3113,540.8821
2023-11-19,fhvhv,High Volume For Hire Vehicle,weekend,false,,60338,1850113.72,270164.1,78420487.0,15642,60338,73504.41,1502055.4,66387.8542,-6218.018,168.1638
2023-11-19,green,Green Boro Taxi,weekend,false,,162,4467.26,458.19,131067.0,100,108,521.02,2654.98,189.6186,-24.2636,-3.355
2023-11-19,yellow,Yellow Medallion Taxi,weekend,false,,9589,270504.11,23114.78,6738657.0,6202,6700,27787.5,136790.22,10346.9125,-768.3858,10.4733
2023-11-20,fhvhv,High Volume For Hire Vehicle,weekday,false,,57356,1835364.28,255573.43,82106090.0,14893,57356,73274.99,1493492.13,66368.2011,-8708.8743,-303.3267
2023-11-20,green,Green Boro Taxi,weekday,false,,158,4997.97,496.99,158594.0,102,111,582.09,2838.48,189.8601,-29.5775,-2.2826
2023-11-20,yellow,Yellow Medallion Taxi,weekday,false,,9016,267104.66,22063.05,7123658.0,5772,6264,27630.53,136095.39,10333.3799,-1307.6658,-9.7141
2023-11-21,fhvhv,High Volume For Hire Vehicle,weekday,false,,60076,1928011.06,268512.21,86346159.0,15584,60076,76690.23,1569008.81,66341.993,-6317.4769,51.4838
2023-11-21,green,Green Boro Taxi,weekday,false,,167,4809.55,460.78,152151.0,116,123,583.88,2794.95,190.7312,-11.3156,-12.4156
2023-11-21,yellow,Yellow Medallion Taxi,weekday,false,,9428,278336.18,22895.75,7376666.0,6077,6558,28730.71,141504.69,10323.0114,-835.712,-59.2994
2023-11-22,fhvhv,High Volume For Hire Vehicle,weekday,false,,63267,2025310.81,281707.97,90422656.0,16574,63267,82411.66,1645710.14,66350.5509,-3085.8002,2.2494
2023-11-22,green,Green Boro Taxi,weekday,false,,195,6231.7,626.92,194216.0,126,136,742.15,3454.76,191.9975,-3.5357,6.5382
2023-11-22,yellow,Yellow Medallion Taxi,weekday,false,,10158,303240.72,24958.64,8041722.0,6515,7077,31391.04,154850.7,10315.8503,-198.0843,40.2339
2023-11-23,fhvhv,High Volume For Hire Vehicle,weekday,true,Thanksgiving Day,41788,1335599.96,186024.84,59646963.0,10832,41788,53874.58,1086214.57,66343.2457,1165.9388,-25721.1845
2023-11-23,green,Green Boro Taxi,weekday,true,Thanksgiving Day,107,3123.51,297.29,96984.0,80,83,409.0,1942.78,193.4133,4.324,-90.7373
2023-11-23,yellow,Yellow Medallion Taxi,weekday,true,Thanksgiving Day,6552,192846.02,16031.7,5133983.0,4183,4521,19674.83,96852.83,10303.8933,220.6372,-3972.5306
2023-11-24,fhvhv,High Volume For Hire Vehicle,weekday,false,,76585,2448159.43,341145.92,109667545.0,19608,76585,96870.49,1994301.07,66337.8697,8565.6881,1681.4422
2023-11-24,green,Green Boro Taxi,weekday,false,,242,7457.19,737.66,236947.0,156,168,855.93,4192.45,194.7619,15.1294,32.1088
2023-11-24,yellow,Yellow Medallion Taxi,weekday,false,,12172,358039.9,29596.75,9524572.0,7824,8464,37121.78,182162.87,10291.8952,787.897,1092.2078
2023-11-25,fhvhv,High Volume For Hire Vehicle,weekend,false,,82086,2515036.98,365576.15,106644986.0,21166,82086,101139.44,2039309.54,64581.0233,14395.5196,3109.4571
2023-11-25,green,Green Boro Taxi,weekend,false,,240,7086.83,739.73,217454.0,153,165,755.9,4063.07,196.0674,46.1522,-2.2196
2023-11-25,yellow,Yellow Medallion Taxi,weekend,false,,13044,369087.98,31764.0,9276907.0,8411,9090,38413.01,188961.14,10278.1304,1910.1076,855.762
2023-11-26,fhvhv,High Volume For Hire Vehicle,weekend,false,,60572,1861822.77,271416.2,79040557.0,15723,60572,74434.39,1511116.24,63793.2041,-6065.4047,2844.2006
2023-11-26,green,Green Boro Taxi,weekend,false,,176,5377.27,554.36,159031.0,124,132,704.99,3390.48,197.2266,-22.2776,1.051
2023-11-26,yellow,Yellow Medallion Taxi,weekend,false,,9801,276319.67,23731.09,6895006.0,6325,6842,28751.35,140327.66,10259.4972,-845.5146,387.0173
2023-11-27,fhvhv,High Volume For Hire Vehicle,weekday,false,,57577,1851808.5,258175.37,82996448.0,14899,57577,74432.74,1507521.74,63330.2758,-8662.4836,2909.2078
2023-11-27,green,Green Boro Taxi,weekday,false,,187,5536.84,547.16,176203.0,113,125,592.17,3190.72,197.7488,-27.18,16.4313
2023-11-27,yellow,Yellow Medallion Taxi,weekday,false,,9017,264408.53,21977.8,7039578.0,5783,6237,27101.79,133642.01,10245.624,-1284.7521,56.1281
2023-11-28,fhvhv,High Volume For Hire Vehicle,weekday,false,,60415,1934691.13,269497.63,86553514.0,15692,60415,77030.67,1574327.6,62501.3831,-6209.41,4123.0269
2023-11-28,green,Green Boro Taxi,weekday,false,,185,5825.72,576.76,188615.0,114,120,665.51,3172.59,197.0774,-14.0856,2.0082
2023-11-28,yellow,Yellow Medallion Taxi,weekday,false,,9508,279644.65,23124.35,7402878.0,6140,6626,29035.61,141722.13,10222.9102,-692.7521,-22.1581
2023-11-29,fhvhv,High Volume For Hire Vehicle,weekday,false,,63346,2028098.2,282251.62,90688022.0,16537,63346,81586.81,1649508.62,60812.4505,-3167.0497,5700.5992
2023-11-29,green,Green Boro Taxi,weekday,false,,199,6380.88,621.63,210313.0,123,130,718.62,3333.67,195.6282,1.6153,1.7565
2023-11-29,yellow,Yellow Medallion Taxi,weekday,false,,10042,296315.59,24679.63,7900533.0,6368,6916,30071.26,148038.01,10157.9519,-199.9803,84.0284
2023-11-30,fhvhv,High Volume For Hire Vehicle,weekday,false,,68048,2185456.15,304268.92,97791904.0,17738,68048,87690.56,1777342.23,60831.2096,999.5507,6217.2397
2023-11-30,green,Green Boro Taxi,weekday,false,,195,5558.75,545.8,174324.0,120,129,582.18,2877.67,193.9282,0.0714,1.0005
2023-11-30,yellow,Yellow Medallion Taxi,weekday,false,,10828,319922.29,26372.37,8487161.0,6944,7481,33133.37,160861.25,10081.4774,197.1511,549.3716
2023-12-01,fhvhv,High Volume For Hire Vehicle,weekday,false,,69717,2228672.18,310160.21,99691509.0,18221,69717,89517.21,1813431.22,60777.339,8989.4769,-49.8159
2023-12-01,green,Green Boro Taxi,weekday,false,,204,6539.19,649.7,209192.0,138,144,783.91,3701.58,192.0589,13.1323,-1.1911
2023-12-01,yellow,Yellow Medallion Taxi,weekday,false,,11033,326356.68,26965.61,8688473.0,7094,7674,33654.4,165217.11,10007.4177,1073.9449,-48.3626
2023-12-02,fhvhv,High Volume For Hire Vehicle,weekend,false,,74890,2301652.76,335660.66,97710960.0,19456,74890,92443.67,1868361.89,60817.1235,14040.0583,32.8182
2023-12-02,green,Green Boro Taxi,weekend,false,,233,6910.38,729.42,209200.0,151,163,767.85,3770.02,189.7543,47.104,-3.8582
2023-12-02,yellow,Yellow Medallion Taxi,weekend,false,,11875,334255.83,28881.18,8422051.0,7638,8244,34233.92,169014.98,9946.863,1929.2169,-1.08
2023-12-03,fhvhv,High Volume For Hire Vehicle,weekend,false,,54856,1693665.72,247410.38,71920852.0,14365,54856,68307.78,1374652.61,60836.8108,-5995.8239,15.0132
2023-12-03,green,Green Boro Taxi,weekend,false,,168,4834.58,509.79,141446.0,107,113,536.87,2709.1,187.1584,-19.5363,0.378
2023-12-03,yellow,Yellow Medallion Taxi,weekend,false,,8688,244213.21,20977.59,6126673.0,5648,6067,25099.17,123725.03,9897.7094,-908.5582,-301.1512
2023-12-04,fhvhv,High Volume For Hire Vehicle,weekday,false,,52312,1684593.55,234926.39,75460696.0,13536,52312,67677.63,1370839.39,60854.623,-8568.5415,25.9185
2023-12-04,green,Green Boro Taxi,weekday,false,,160,5295.77,531.79,167912.0,111,120,635.84,3102.87,184.6897,-25.8718,1.1822
2023-12-04,yellow,Yellow Medallion Taxi,weekday,false,,8441,246972.0,20522.88,6593331.0,5408,5836,25246.68,124211.95,9848.4513,-1324.874,-82.5773
2023-12-05,fhvhv,High Volume For Hire Vehicle,weekday,false,,54906,1743987.09,242371.45,77803387.0,14172,54906,69577.9,1418151.87,60878.4659,-6135.903,163.4371
2023-12-05,green,Green Boro Taxi,weekday,false,,168,5575.11,536.46,182569.0,117,124,681.6,3441.53,182.4994,-14.5194,0.02
2023-12-05,yellow,Yellow Medallion Taxi,weekday,false,,8527,251664.92,20808.93,6680757.0,5489,5933,25817.02,126590.76,9802.3168,-801.7934,-473.5234
2023-12-06,fhvhv,High Volume For Hire Vehicle,weekday,false,,57335,1838514.62,256485.06,82273610.0,14870,57335,73506.99,1496653.77,60909.743,-3202.8486,-371.8943
2023-12-06,green,Green Boro Taxi,weekday,false,,189,6038.95,601.55,197814.0,108,122,644.03,3422.04,180.5992,1.294,7.1069
2023-12-06,yellow,Yellow Medallion Taxi,weekday,false,,8999,266229.26,22175.06,7113119.0,5770,6271,27333.36,135639.91,9764.2246,-284.5618,-480.6628
2023-12-07,fhvhv,High Volume For Hire Vehicle,weekday,false,,61470,1968681.75,274252.81,87909859.0,16194,61470,80733.28,1600513.77,60941.1845,628.0475,-99.232
2023-12-07,green,Green Boro Taxi,weekday,false,,167,5442.01,541.66,177580.0,110,120,609.27,3199.11,179.0143,-5.0608,-6.9534
2023-12-07,yellow,Yellow Medallion Taxi,weekday,false,,9893,293109.91,24266.26,7753016.0,6407,6941,30188.08,149213.7,9729.4114,190.3489,-26.7603
2023-12-08,fhvhv,High Volume For Hire Vehicle,weekday,false,,70313,2267589.23,316326.48,101403774.0,18587,70313,93052.56,1843419.72,60975.8649,9264.8504,72.2846
2023-12-08,green,Green Boro Taxi,weekday,false,,185,5976.7,607.23,190698.0,114,124,672.93,3195.85,177.4645,15.0716,-7.536
2023-12-08,yellow,Yellow Medallion Taxi,weekday,false,,11012,325797.44,27038.84,8700698.0,7078,7646,33895.05,165795.68,9700.2684,1249.323,62.4086
2023-12-09,fhvhv,High Volume For Hire Vehicle,weekend,false,,74789,2300797.08,335786.3,97791698.0,19360,74789,91346.33,1868863.28,61017.6503,13942.8563,-171.5066
2023-12-09,green,Green Boro Taxi,weekend,false,,226,6250.49,644.79,189772.0,137,152,640.27,3259.2,175.9546,49.3373,0.708
2023-12-09,yellow,Yellow Medallion Taxi,weekend,false,,11678,333182.56,28741.95,8399756.0,7534,8124,34611.27,169708.51,9682.9566,2058.1565,-63.1132
2023-12-10,fhvhv,High Volume For Hire Vehicle,weekend,false,,55092,1687751.87,245505.81,71642557.0,14520,55092,68239.14,1369577.64,61061.321,-6055.9105,86.5895
2023-12-10,green,Green Boro Taxi,weekend,false,,160,4928.42,517.09,150789.0,110,119,573.38,2882.11,174.7612,-17.3125,2.5513
2023-12-10,yellow,Yellow Medallion Taxi,weekend,false,,8628,243696.16,21072.48,6139312.0,5574,6018,25135.15,124151.99,9672.378,-1018.992,-25.386
2023-12-11,fhvhv,High Volume For Hire Vehicle,weekday,false,,52746,1691795.52,235838.86,75788256.0,13710,52746,67311.58,1377536.3,61101.8092,-8500.1002,144.2909
2023-12-11,green,Green Boro Taxi,weekday,false,,141,4469.52,436.61,142503.0,89,94,532.79,2466.13,174.105,-28.1094,-4.9955
2023-12-11,yellow,Yellow Medallion Taxi,weekday,false,,8301,244323.75,20261.26,6494812.0,5366,5791,25162.47,124549.95,9666.9873,-1371.714,5.7266
2023-12-12,fhvhv,High Volume For Hire Vehicle,weekday,false,,54743,1750359.14,243789.5,78147731.0,14315,54743,70804.88,1423223.18,61133.6853,-6149.9725,-240.7128
2023-12-12,green,Green Boro Taxi,weekday,false,,166,4983.51,504.93,163096.0,98,111,466.01,2605.51,173.8861,-17.7865,9.9005
2023-12-12,yellow,Yellow Medallion Taxi,weekday,false,,8498,251373.55,20725.13,6664035.0,5516,5970,26281.14,128988.15,9664.5944,-844.8877,-321.7067
2023-12-13,fhvhv,High Volume For Hire Vehicle,weekday,false,,58195,1869427.7,260102.98,83665017.0,15375,58195,75404.58,1520079.13,61153.096,-3278.775,320.6791
2023-12-13,green,Green Boro Taxi,weekday,false,,161,4869.6,485.86,151184.0,105,112,565.82,2885.58,173.9024,-0.3652,-12.5372
2023-12-13,yellow,Yellow Medallion Taxi,weekday,false,,9220,271659.05,22451.57,7204215.0,5928,6422,28079.14,137456.94,9662.2811,-386.2727,-56.0085
2023-12-14,fhvhv,High Volume For Hire Vehicle,weekday,false,,62209,1992563.4,277777.99,89234470.0,15994,62209,78446.28,1622602.33,61164.577,808.3294,236.0936
2023-12-14,green,Green Boro Taxi,weekday,false,,167,5257.64,540.42,163807.0,98,110,563.66,2970.83,173.7681,-5.8926,-0.8754
2023-12-14,yellow,Yellow Medallion Taxi,weekday,false,,9856,290024.44,24048.85,7723185.0,6405,6921,29908.08,147800.13,9660.1626,180.3778,15.4596
2023-12-15,fhvhv,High Volume For Hire Vehicle,weekday,false,,70579,2261348.27,314992.48,101202012.0,18247,70579,89870.06,1840268.48,61166.6379,9494.2332,-81.8711
2023-12-15,green,Green Boro Taxi,weekday,false,,197,6229.39,617.07,193304.0,126,129,757.66,3371.3,173.6037,23.4021,-0.0058
2023-12-15,yellow,Yellow Medallion Taxi,weekday,false,,11030,325035.66,27209.17,8673423.0,7090,7657,33490.33,164486.04,9658.4277,1373.178,-1.6057
2023-12-16,fhvhv,High Volume For Hire Vehicle,weekend,false,,75047,2296955.98,334659.37,97386202.0,19461,75047,91274.65,1864239.62,61159.3121,13902.3044,-14.6165
2023-12-16,green,Green Boro Taxi,weekend,false,,231,6987.42,727.56,213712.0,145,163,795.45,4036.37,173.6278,49.3759,7.9964
2023-12-16,yellow,Yellow Medallion Taxi,weekend,false,,11889,337470.93,29187.68,8486208.0,7616,8278,34412.28,169817.61,9655.4108,2158.3126,75.2766
2023-12-17,fhvhv,High Volume For Hire Vehicle,weekend,false,,54850,1674517.3,244093.35,71002994.0,14052,54850,66142.68,1359996.86,61148.3084,-6260.1644,-38.144
2023-12-17,green,Green Boro Taxi,weekend,false,,154,4725.49,496.68,148104.0,92,105,471.24,2563.34,173.8647,-16.1297,-3.7351
2023-12-17,yellow,Yellow Medallion Taxi,weekend,false,,8680,245355.05,21218.51,6149624.0,5554,5989,25307.71,122209.43,9652.2969,-994.3114,22.0145
2023-12-18,fhvhv,High Volume For Hire Vehicle,weekday,false,,52467,1689081.79,235880.67,75564988.0,13560,52467,67668.7,1374325.24,61133.6112,-8595.6717,-70.9396
2023-12-18,green,Green Boro Taxi,weekday,false,,145,4712.6,478.61,147205.0,95,105,548.93,2870.6,174.1574,-30.1754,1.018
2023-12-18,yellow,Yellow Medallion Taxi,weekday,false,,8222,241202.82,19951.16,6417423.0,5283,5657,24809.55,120804.61,9649.7402,-1404.0334,-23.7068
2023-12-19,fhvhv,High Volume For Hire Vehicle,weekday,false,,54992,1761786.45,245317.0,78822235.0,14286,54992,70460.09,1433371.66,61117.439,-6250.762,125.3231
2023-12-19,green,Green Boro Taxi,weekday,false,,144,4513.1,447.36,143457.0,95,101,536.71,2654.87,174.463,-22.8083,-7.6548
2023-12-19,yellow,Yellow Medallion Taxi,weekday,false,,8715,259857.4,21390.1,6870953.0,5665,6122,27090.28,133071.91,9645.9008,-932.5446,1.6438
2023-12-20,fhvhv,High Volume For Hire Vehicle,weekday,false,,57596,1845821.65,257100.5,82539864.0,14952,57596,73352.85,1501433.81,61110.5663,-3204.1467,-310.4196
2023-12-20,green,Green Boro Taxi,weekday,false,,177,5950.3,598.13,192530.0,109,116,683.43,3168.42,174.5889,-3.8369,6.248
2023-12-20,yellow,Yellow Medallion Taxi,weekday,false,,9105,269167.72,22263.68,7129536.0,5807,6274,27572.56,135622.92,9639.6259,-473.0258,-61.6002
2023-12-21,fhvhv,High Volume For Hire Vehicle,weekday,false,,62054,1989558.9,276977.02,89049164.0,16146,62054,79282.36,1618688.71,61117.366,860.0313,76.6027
2023-12-21,green,Green Boro Taxi,weekday,false,,170,5191.23,519.42,164373.0,111,119,568.19,2839.92,174.5977,-3.8801,-0.7176
2023-12-21,yellow,Yellow Medallion Taxi,weekday,false,,9774,288911.46,24005.34,7657841.0,6226,6739,29577.77,145528.75,9633.5723,167.4731,-27.0455
2023-12-22,fhvhv,High Volume For Hire Vehicle,weekday,false,,70868,2270838.72,316790.98,101570098.0,18328,70868,90450.9,1848362.58,61135.5705,9650.6938,81.7357
2023-12-22,green,Green Boro Taxi,weekday,false,,207,6398.16,618.15,204791.0,140,148,767.54,3602.72,174.4109,31.2866,1.3024
2023-12-22,yellow,Yellow Medallion Taxi,weekday,false,,11143,327312.75,27170.41,8699522.0,7245,7833,33701.84,165623.78,9631.7855,1438.6449,72.5696
2023-12-23,fhvhv,High Volume For Hire Vehicle,weekend,false,,74982,2298359.09,334318.02,97440551.0,19593,74982,92911.7,1863773.96,61155.5839,13979.3101,-152.8939
2023-12-23,green,Green Boro Taxi,weekend,false,,220,6360.21,670.29,185559.0,147,162,757.08,3869.42,174.1389,46.3506,-0.4896
2023-12-23,yellow,Yellow Medallion Taxi,weekend,false,,11874,337554.36,28926.63,8421015.0,7675,8337,35039.49,171556.12,9632.5257,2233.8699,7.6044
2023-12-24,fhvhv,High Volume For Hire Vehicle,weekend,false,,55567,1698730.53,247486.47,72042872.0,14395,55567,67361.22,1379166.05,61180.8,-6370.4725,756.6725
2023-12-24,green,Green Boro Taxi,weekend,false,,161,4989.57,500.34,160131.0,107,114,536.96,2696.76,173.9716,-15.8571,2.8854
2023-12-24,yellow,Yellow Medallion Taxi,weekend,false,,8438,237028.73,20468.06,5946874.0,5359,5806,24283.16,119818.73,9633.5032,-966.843,-228.6602
2023-12-25,fhvhv,High Volume For Hire Vehicle,weekday,true,Christmas Day,32670,1056160.93,147318.4,47372343.0,8581,32670,42455.68,859485.63,61223.6708,-8700.0277,-19853.6432
2023-12-25,green,Green Boro Taxi,weekday,true,Christmas Day,90,3110.37,306.48,101830.0,60,69,380.62,1966.6,173.8806,-30.1601,-53.7205
2023-12-25,yellow,Yellow Medallion Taxi,weekday,true,Christmas Day,5109,153037.38,12647.91,4057330.0,3281,3524,15893.27,77372.72,9635.8248,-1431.1805,-3095.6443
2023-12-26,fhvhv,High Volume For Hire Vehicle,weekday,false,,54908,1764999.43,245714.72,79045296.0,14290,54908,70640.55,1435757.24,61278.9573,-6323.2613,-47.696
2023-12-26,green,Green Boro Taxi,weekday,false,,146,4594.56,456.44,145472.0,95,100,535.35,2637.1,173.7653,-27.9871,0.2218
2023-12-26,yellow,Yellow Medallion Taxi,weekday,false,,8631,252423.43,20791.81,6689558.0,5537,6002,25962.59,128535.04,9639.2034,-969.0635,-39.1399
2023-12-27,fhvhv,High Volume For Hire Vehicle,weekday,false,,58152,1858843.44,258566.02,83051860.0,15151,58152,74345.41,1511410.92,61336.8031,-3168.2627,-16.5404
2023-12-27,green,Green Boro Taxi,weekday,false,,165,5165.12,513.34,165244.0,103,113,582.96,2897.36,173.6607,-2.0765,-6.5842
2023-12-27,yellow,Yellow Medallion Taxi,weekday,false,,9190,271342.65,22516.49,7233054.0,5905,6401,27893.17,137755.56,9642.0267,-504.7621,52.7354
2023-12-28,fhvhv,High Volume For Hire Vehicle,weekday,false,,62060,1984601.48,276517.47,88729334.0,16183,62060,80225.79,1614952.9,61416.7828,854.8971,-211.6799
2023-12-28,green,Green Boro Taxi,weekday,false,,171,5249.42,522.23,166575.0,105,117,586.33,3153.92,173.5549,1.1779,-3.7328
2023-12-28,yellow,Yellow Medallion Taxi,weekday,false,,9787,289216.52,24090.24,7715091.0,6257,6763,29585.52,146175.94,9648.251,150.4402,-11.6912
2023-12-29,fhvhv,High Volume For Hire Vehicle,weekday,false,,70543,2261718.47,315038.75,101102512.0,18217,70543,90900.33,1839293.46,61561.496,9750.7541,-769.2502
2023-12-29,green,Green Boro Taxi,weekday,false,,225,6966.06,676.6,223204.0,150,163,810.56,4124.59,173.6912,33.6017,17.7071
2023-12-29,yellow,Yellow Medallion Taxi,weekday,false,,11041,326959.46,26938.48,8704694.0,7160,7764,33848.73,167035.71,9662.201,1485.4127,-106.6136
2023-12-30,fhvhv,High Volume For Hire Vehicle,weekend,false,,75882,2333808.24,340637.6,98922723.0,19878,75882,94201.88,1893385.61,61754.6865,14105.5428,21.7707
2023-12-30,green,Green Boro Taxi,weekend,false,,213,6175.13,640.58,192793.0,131,143,630.78,3368.5,174.3381,40.8044,-2.1425
2023-12-30,yellow,Yellow Medallion Taxi,weekend,false,,11960,339989.3,29123.88,8494859.0,7698,8312,35137.2,172096.55,9681.2984,2270.1406,8.5611
2023-12-31,fhvhv,High Volume For Hire Vehicle,weekend,false,,55182,1693105.89,247304.0,71798225.0,14289,55182,67636.06,1374844.22,61944.8385,-6418.1396,-344.699
2023-12-31,green,Green Boro Taxi,weekend,false,,157,4284.84,442.18,125640.0,104,115,469.91,2367.53,175.1642,-16.9735,-1.1908
2023-12-31,yellow,Yellow Medallion Taxi,weekend,false,,8744,245865.76,21055.81,6117390.0,5565,6055,25070.78,124647.11,9702.9431,-958.5441,-0.399
2024-01-01,fhvhv,High Volume For Hire Vehicle,weekday,true,New Year's Day,33486,1074633.9,150040.11,47996588.0,8576,33486,43116.46,874081.1,62120.3911,-8803.7074,-19830.6837
2024-01-01,green,Green Boro Taxi,weekday,true,New Year's Day,95,2859.75,285.87,88213.0,64,69,335.12,1685.16,176.0575,-30.3721,-50.6854
2024-01-01,yellow,Yellow Medallion Taxi,weekday,true,New Year's Day,5240,156741.8,13053.19,4209074.0,3399,3658,16395.17,79257.15,9726.4475,-1455.7923,-3030.6552
2024-01-02,fhvhv,High Volume For Hire Vehicle,weekday,false,,56821,1821365.54,253902.53,81503861.0,14639,56821,72494.73,1482403.56,62293.8751,-6384.1448,911.2697
2024-01-02,green,Green Boro Taxi,weekday,false,,191,6259.98,634.26,204948.0,118,126,676.72,3202.89,177.0245,-28.9383,42.9138
2024-01-02,yellow,Yellow Medallion Taxi,weekday,false,,8782,257824.6,21387.44,6828158.0,5726,6179,26959.27,131478.83,9753.1675,-1002.8128,31.6453
2024-01-03,fhvhv,High Volume For Hire Vehicle,weekday,false,,59583,1921930.24,268570.3,86127203.0,15438,59583,77417.23,1564880.81,62468.7653,-3141.8788,256.1135
2024-01-03,green,Green Boro Taxi,weekday,false,,145,4516.89,436.54,145654.0,104,113,525.97,2666.76,177.7551,-0.4739,-32.2812
2024-01-03,yellow,Yellow Medallion Taxi,weekday,false,,9203,271534.36,22539.59,7240853.0,5968,6426,28053.79,137701.14,9782.0767,-503.4577,-75.6191
2024-01-04,fhvhv,High Volume For Hire Vehicle,weekday,false,,63620,2048113.16,286164.09,91802973.0,16296,63620,80470.32,1668315.93,62629.6452,794.6815,195.6733
2024-01-04,green,Green Boro Taxi,weekday,false,,185,6018.93,604.59,193289.0,120,129,679.07,3533.84,178.2831,7.4002,-0.6833
2024-01-04,yellow,Yellow Medallion Taxi,weekday,false,,9961,292759.89,24134.12,7730157.0,6464,6999,30156.84,149305.44,9808.6628,151.0847,1.2525
2024-01-05,fhvhv,High Volume For Hire Vehicle,weekday,false,,72645,2333241.68,324581.6,104452383.0,18938,72645,94100.47,1897434.84,62766.7497,9812.4268,65.8235
2024-01-05,green,Green Boro Taxi,weekday,false,,213,7142.42,729.19,231316.0,135,145,781.96,4021.66,179.1238,32.7557,1.1205
2024-01-05,yellow,Yellow Medallion Taxi,weekday,false,,11395,338700.78,28230.93,9070329.0,7332,7933,34808.02,172106.9,9830.6115,1509.295,55.0935
2024-01-06,fhvhv,High Volume For Hire Vehicle,weekend,false,,77223,2368700.51,345356.37,100605348.0,19970,77223,94042.16,1923756.88,62829.4927,14223.7468,169.7604
2024-01-06,green,Green Boro Taxi,weekend,false,,215,6844.87,690.86,211223.0,143,153,904.51,4147.28,180.0292,35.9225,-0.9518
2024-01-06,yellow,Yellow Medallion Taxi,weekend,false,,12124,342953.13,29832.66,8656655.0,7744,8398,35423.2,173602.11,9849.2319,2286.3278,-11.5597
2024-01-07,fhvhv,High Volume For Hire Vehicle,weekend,false,,56573,1721193.44,250800.06,72853159.0,14708,56573,68741.24,1397447.92,62824.0682,-6413.6602,162.592
2024-01-07,green,Green Boro Taxi,weekend,false,,188,6186.58,657.81,189051.0,131,137,745.66,3432.37,180.6544,-18.335,25.6807
2024-01-07,yellow,Yellow Medallion Taxi,weekend,false,,9048,256432.22,22066.89,6423006.0,5854,6327,26595.03,130353.69,9866.2495,-970.2199,151.9703
2024-01-08,fhvhv,High Volume For Hire Vehicle,weekday,false,,53929,1723522.69,240138.74,76983738.0,14019,53929,68989.15,1401994.49,62807.3325,-8880.0777,1.7453
2024-01-08,green,Green Boro Taxi,weekday,false,,150,4673.95,451.46,148820.0,100,104,585.82,2728.87,180.8604,-30.9989,0.1386
2024-01-08,yellow,Yellow Medallion Taxi,weekday,false,,8411,247429.69,20456.4,6579103.0,5382,5843,25502.16,125256.58,9882.7415,-1470.1128,-1.6287
2024-01-09,fhvhv,High Volume For Hire Vehicle,weekday,false,,56296,1809216.45,252228.71,80966342.0,14749,56296,72915.17,1471938.78,62792.2743,-6450.1314,-46.1429
2024-01-09,green,Green Boro Taxi,weekday,false,,148,4753.28,467.99,152150.0,97,102,564.86,2759.57,180.6422,-27.0161,-5.6261
2024-01-09,yellow,Yellow Medallion Taxi,weekday,false,,8853,263093.48,21694.72,6962308.0,5734,6193,27258.19,134534.95,9896.0678,-1025.7228,-17.3451
2024-01-10,fhvhv,High Volume For Hire Vehicle,weekday,false,,59527,1907013.87,265681.84,85480062.0,15438,59527,75703.27,1553251.76,62776.6006,-3133.8031,-115.7976
2024-01-10,green,Green Boro Taxi,weekday,false,,188,5555.22,545.7,170588.0,123,138,645.91,3464.71,180.1757,-0.448,8.2723
2024-01-10,yellow,Yellow Medallion Taxi,weekday,false,,9401,276332.94,22862.67,7320282.0,6052,6535,28482.81,139909.72,9904.1414,-495.8511,-7.2903
2024-01-11,fhvhv,High Volume For Hire Vehicle,weekday,false,,63437,2024027.07,281287.53,90431933.0,16387,63437,81565.62,1645771.3,62770.518,788.5409,-122.0589
2024-01-11,green,Green Boro Taxi,weekday,false,,200,6573.09,651.91,211196.0,134,145,797.41,3892.93,179.7649,12.7825,7.4526
2024-01-11,yellow,Yellow Medallion Taxi,weekday,false,,10040,296556.94,24329.45,7817415.0,6466,6962,30948.4,149911.95,9909.4556,162.7751,-32.2308
2024-01-12,fhvhv,High Volume For Hire Vehicle,weekday,false,,72570,2330497.99,324472.1,104321394.0,18778,72570,94087.89,1895702.99,62781.8682,9808.4641,-20.3323
2024-01-12,green,Green Boro Taxi,weekday,false,,201,6056.33,588.41,189635.0,138,146,754.38,3629.44,179.6945,28.6099,-7.3044
2024-01-12,yellow,Yellow Medallion Taxi,weekday,false,,11482,340477.02,28192.32,9053049.0,7346,7992,34887.88,171870.21,9917.0476,1517.6737,47.2787
2024-01-13,fhvhv,High Volume For Hire Vehicle,weekend,false,,77003,2367051.79,345042.48,100386567.0,20122,77003,95660.22,1920174.49,62804.7153,14325.4089,-127.1242
2024-01-13,green,Green Boro Taxi,weekend,false,,213,5538.69,579.55,161795.0,127,136,567.03,2867.2,179.9418,34.0373,-0.9791
2024-01-13,yellow,Yellow Medallion Taxi,weekend,false,,12256,349671.64,30198.26,8768792.0,7890,8467,36306.41,177267.96,9927.3441,2292.2169,36.439
2024-01-14,fhvhv,High Volume For Hire Vehicle,weekend,false,,56581,1736434.52,253224.69,73720827.0,14691,56581,69465.89,1409951.83,62833.1003,-6299.7957,47.6955
2024-01-14,green,Green Boro Taxi,weekend,false,,150,4126.27,424.94,118873.0,103,109,476.83,2343.15,180.3034,-18.2229,-12.0804
2024-01-14,yellow,Yellow Medallion Taxi,weekend,false,,8860,247969.36,21196.35,6177517.0,5640,6070,25051.43,123631.26,9936.2809,-994.8539,-81.427
2024-01-15,fhvhv,High Volume For Hire Vehicle,weekday,true,Martin Luther King Jr. Day,33634,1076007.24,149922.09,48023364.0,8710,33634,43547.08,874776.97,62866.4995,-8966.2433,-20266.2562
2024-01-15,green,Green Boro Taxi,weekday,true,Martin Luther King Jr. Day,98,2704.1,267.82,82512.0,64,66,288.62,1335.79,180.5548,-31.0932,-51.4616
2024-01-15,yellow,Yellow Medallion Taxi,weekday,true,Martin Luther King Jr. Day,5362,158433.62,13190.51,4259421.0,3453,3737,16605.39,81161.27,9941.2381,-1432.8351,-3146.403
2024-01-16,fhvhv,High Volume For Hire Vehicle,weekday,false,,56493,1811349.27,252341.25,80991753.0,14769,56493,73138.91,1473289.99,62902.2234,-6478.8832,69.6598
2024-01-16,green,Green Boro Taxi,weekday,false,,160,5086.09,503.45,160403.0,114,123,612.82,3041.73,180.9142,-24.5238,3.6096
2024-01-16,yellow,Yellow Medallion Taxi,weekday,false,,8881,259452.14,21594.27,6920136.0,5761,6201,26984.16,131830.81,9943.6946,-1055.3629,-7.3317
2024-01-17,fhvhv,High Volume For Hire Vehicle,weekday,false,,59819,1917903.81,267080.64,85716616.0,15689,59819,77258.52,1559408.81,62934.802,-3225.0537,109.2517
2024-01-17,green,Green Boro Taxi,weekday,false,,180,5066.74,483.18,158224.0,124,130,609.91,2987.7,181.674,-1.6528,-0.0212
2024-01-17,yellow,Yellow Medallion Taxi,weekday,false,,9542,282062.88,23259.96,7490443.0,6125,6580,29153.2,141556.12,9945.9733,-498.4137,94.4404
2024-01-18,fhvhv,High Volume For Hire Vehicle,weekday,false,,63740,2040997.45,283749.1,91242138.0,16723,63740,82574.47,1659180.41,62961.0731,802.7392,-23.8123
2024-01-18,green,Green Boro Taxi,weekday,false,,199,6845.15,678.79,217297.0,131,139,903.85,3900.7,182.7577,14.5557,1.6866
2024-01-18,yellow,Yellow Medallion Taxi,weekday,false,,10179,299652.56,24636.93,7941425.0,6517,7048,30852.52,152553.65,9948.6675,176.5197,53.8127
2024-01-19,fhvhv,High Volume For Hire Vehicle,weekday,false,,72732,2333946.49,324969.94,104460648.0,18985,72732,93818.32,1898657.3,62978.8577,9795.7065,-42.5642
2024-01-19,green,Green Boro Taxi,weekday,false,,214,7159.32,734.37,227895.0,137,153,830.25,4184.69,183.5924,26.6509,3.7567
2024-01-19,yellow,Yellow Medallion Taxi,weekday,false,,11424,339322.32,28165.21,9064879.0,7317,7921,34958.97,171395.75,9950.6489,1525.4119,-52.0607
2024-01-20,fhvhv,High Volume For Hire Vehicle,weekend,false,,77441,2377614.23,346687.01,100967333.0,19959,77441,94196.41,1930576.51,62987.7746,14393.7495,59.4759
2024-01-20,green,Green Boro Taxi,weekend,false,,214,7110.42,745.42,224534.0,140,152,813.35,4043.64,183.8728,35.1941,-5.0669
2024-01-20,yellow,Yellow Medallion Taxi,weekend,false,,12206,348921.54,29960.76,8754310.0,7935,8566,36422.75,178706.41,9946.8993,2308.4837,-49.383
2024-01-21,fhvhv,High Volume For Hire Vehicle,weekend,false,,56761,1741737.51,253608.0,73800614.0,14824,56761,70437.32,1412231.31,62993.2008,-6281.2394,49.0386
2024-01-21,green,Green Boro Taxi,weekend,false,,173,5458.16,585.89,172615.0,102,112,520.29,2818.72,183.5444,-19.3414,8.797
2024-01-21,yellow,Yellow Medallion Taxi,weekend,false,,8918,254006.85,21874.18,6429975.0,5650,6155,25727.23,127361.27,9936.3166,-1022.694,4.3773
2024-01-22,fhvhv,High Volume For Hire Vehicle,weekday,false,,53897,1731006.67,241104.94,77499191.0,13934,53897,69720.47,1408341.6,62997.7137,-9004.4675,-96.2462
2024-01-22,green,Green Boro Taxi,weekday,false,,150,4600.04,468.82,142762.0,94,100,511.92,2376.4,182.9879,-31.1082,-1.8796
2024-01-22,yellow,Yellow Medallion Taxi,weekday,false,,8673,253838.03,21028.32,6723057.0,5622,6061,26089.92,128725.15,9925.7512,-1434.8655,182.1143
2024-01-23,fhvhv,High Volume For Hire Vehicle,weekday,false,,56471,1806794.61,251747.58,80739276.0,14591,56471,71956.04,1469774.41,63003.6608,-6485.6402,-47.0205
2024-01-23,green,Green Boro Taxi,weekday,false,,166,5775.13,568.84,191360.0,110,114,688.15,3125.92,182.4144,-20.5643,4.1499
2024-01-23,yellow,Yellow Medallion Taxi,weekday,false,,8866,265144.19,21831.61,7060362.0,5744,6219,27585.04,135568.62,9918.8596,-1083.0293,30.1696
2024-01-24,fhvhv,High Volume For Hire Vehicle,weekday,false,,59712,1930005.18,269555.3,86538858.0,15558,59712,77671.28,1571075.58,63015.2505,-3347.4221,44.1716
2024-01-24,green,Green Boro Taxi,weekday,false,,168,5272.39,511.03,169695.0,106,114,633.61,3032.83,181.8848,-7.4567,-6.4281
2024-01-24,yellow,Yellow Medallion Taxi,weekday,false,,9386,274364.24,22724.92,7298875.0,6029,6516,28420.15,138936.37,9916.9903,-513.5555,-17.4347
2024-01-25,fhvhv,High Volume For Hire Vehicle,weekday,false,,63892,2055667.6,286807.13,92042895.0,16657,63892,82326.88,1672958.99,63033.5925,799.2785,59.1289
2024-01-25,green,Green Boro Taxi,weekday,false,,198,6237.26,621.62,196683.0,127,137,727.44,3679.79,181.286,11.3466,5.3674
2024-01-25,yellow,Yellow Medallion Taxi,weekday,false,,10033,296298.34,24688.16,7913659.0,6472,6970,30705.38,150569.96,9919.3733,207.8368,-94.2101
2024-01-26,fhvhv,High Volume For Hire Vehicle,weekday,false,,72859,2324531.87,322961.54,103841072.0,19029,72859,93549.99,1889808.75,63059.1914,9890.612,-90.8034
2024-01-26,green,Green Boro Taxi,weekday,false,,191,6064.51,600.39,195139.0,118,129,709.68,3369.82,180.6245,30.2827,-19.9072
2024-01-26,yellow,Yellow Medallion Taxi,weekday,false,,11394,333947.41,27491.61,8813107.0,7387,7950,34552.74,169114.69,9926.0339,1546.9842,-79.0182
2024-01-27,fhvhv,High Volume For Hire Vehicle,weekend,false,,77527,2382686.09,346964.01,101093306.0,20170,77527,96214.01,1932632.25,63091.6853,14549.0557,-113.741
2024-01-27,green,Green Boro Taxi,weekend,false,,221,6253.16,659.74,174604.0,149,161,753.14,3733.5,179.7631,39.5512,1.6857
2024-01-27,yellow,Yellow Medallion Taxi,weekend,false,,12262,344572.51,29698.13,8598093.0,7849,8488,35521.11,174235.57,9941.0663,2308.1827,12.7511
2024-01-28,fhvhv,High Volume For Hire Vehicle,weekend,false,,56751,1736004.92,252742.17,73738271.0,14638,56751,68035.07,1409961.94,63129.199,-6322.3932,-55.8058
2024-01-28,green,Green Boro Taxi,weekend,false,,160,4554.84,472.33,138279.0,96,108,498.27,2531.25,179.0295,-19.3908,0.3613
2024-01-28,yellow,Yellow Medallion Taxi,weekend,false,,8914,249940.74,21561.02,6249916.0,5718,6180,25651.35,126318.13,9969.5381,-1011.7087,-43.8294
2024-01-29,fhvhv,High Volume For Hire Vehicle,weekday,false,,54189,1735614.69,241793.92,77534571.0,14203,54189,71040.18,1411325.57,63173.5665,-9043.4159,58.8494
2024-01-29,green,Green Boro Taxi,weekday,false,,166,4858.36,477.45,152531.0,97,106,533.91,2622.26,178.4592,-33.333,20.8737
2024-01-29,yellow,Yellow Medallion Taxi,weekday,false,,8510,252437.62,20979.02,6704690.0,5500,5958,26100.6,128539.28,10010.6477,-1430.4049,-70.2429
2024-01-30,fhvhv,High Volume For Hire Vehicle,weekday,false,,56705,1815205.89,253085.64,81194361.0,14701,56705,71934.98,1477518.65,63293.5708,-6516.4812,-72.0896
2024-01-30,green,Green Boro Taxi,weekday,false,,153,4582.8,442.18,143969.0,106,115,539.17,2877.31,177.9334,-18.2858,-6.6476
2024-01-30,yellow,Yellow Medallion Taxi,weekday,false,,8886,264092.95,22044.48,7074571.0,5804,6220,27421.09,133883.55,10059.0657,-1104.6691,-68.3966
2024-01-31,fhvhv,High Volume For Hire Vehicle,weekday,false,,59891,1909972.33,265642.99,85331008.0,15550,59891,76898.73,1553512.79,63609.7969,-3424.663,-294.1338
2024-01-31,green,Green Boro Taxi,weekday,false,,170,5794.82,592.81,191426.0,99,111,588.37,3019.98,177.3057,-13.0814,5.7757
2024-01-31,yellow,Yellow Medallion Taxi,weekday,false,,9544,280857.43,23339.82,7475251.0,6121,6627,28977.63,141902.26,10108.6252,-556.8954,-7.7297
2024-02-01,fhvhv,High Volume For Hire Vehicle,weekday,false,,66621,2128755.92,296012.93,95205279.0,17207,66621,85172.14,1731648.17,63942.1123,734.3837,1944.504
2024-02-01,green,Green Boro Taxi,weekday,false,,174,5688.46,566.62,178323.0,124,130,703.9,3451.98,177.1172,8.4644,-11.5816
2024-02-01,yellow,Yellow Medallion Taxi,weekday,false,,10428,307337.0,25446.52,8201081.0,6645,7194,31298.16,154342.18,10156.543,228.8905,42.5666
2024-02-02,fhvhv,High Volume For Hire Vehicle,weekday,false,,75905,2434588.26,339402.22,108944785.0,19410,75905,96750.29,1981317.26,64225.879,9941.8925,1737.2286
2024-02-02,green,Green Boro Taxi,weekday,false,,215,7334.16,728.18,238378.0,153,161,884.4,4157.46,177.6783,33.875,3.4467
2024-02-02,yellow,Yellow Medallion Taxi,weekday,false,,11919,352758.68,29394.62,9410825.0,7592,8232,36040.68,177907.67,10202.4674,1582.5487,133.9839
2024-02-03,fhvhv,High Volume For Hire Vehicle,weekend,false,,80911,2459780.57,358116.48,103922351.0,20915,80911,98079.86,1995074.94,64490.3918,14764.9009,1655.7073
2024-02-03,green,Green Boro Taxi,weekend,false,,261,7583.34,805.24,224774.0,154,171,782.74,4048.89,178.9958,45.8764,36.1278
2024-02-03,yellow,Yellow Medallion Taxi,weekend,false,,12615,358504.97,30986.3,9025908.0,8118,8782,36835.57,182400.83,10246.2822,2298.4585,70.2594
2024-02-04,fhvhv,High Volume For Hire Vehicle,weekend,false,,59163,1811816.08,263040.38,76832193.0,15491,59163,73523.42,1468676.13,64767.0651,-6394.2012,790.1361
2024-02-04,green,Green Boro Taxi,weekend,false,,153,4625.87,468.64,138262.0,100,106,594.04,2686.44,180.8857,-20.3167,-7.569
2024-02-04,yellow,Yellow Medallion Taxi,weekend,false,,9306,264628.8,22740.41,6597089.0,6000,6518,27097.16,133976.66,10283.9102,-992.7638,14.8536
2024-02-05,fhvhv,High Volume For Hire Vehicle,weekday,false,,56059,1797449.27,250400.05,80397812.0,14742,56059,72362.93,1462221.5,65096.5464,-9046.4256,8.8792
2024-02-05,green,Green Boro Taxi,weekday,false,,131,4452.07,452.17,142935.0,89,93,517.03,2450.04,183.1501,-34.474,-17.6761
2024-02-05,yellow,Yellow Medallion Taxi,weekday,false,,8837,262001.39,21680.08,6933123.0,5707,6148,27134.67,132681.69,10312.1479,-1439.7636,-35.3844
2024-02-06,fhvhv,High Volume For Hire Vehicle,weekday,false,,59214,1906186.32,266210.47,85241295.0,15567,59214,77128.9,1550680.99,65436.7478,-6620.0737,397.3259
2024-02-06,green,Green Boro Taxi,weekday,false,,185,5507.46,542.98,173915.0,116,128,623.97,3098.48,185.8663,-20.2193,19.3531
2024-02-06,yellow,Yellow Medallion Taxi,weekday,false,,9265,274972.89,22706.63,7305381.0,5944,6471,28375.48,139722.34,10332.2345,-1127.0539,59.8194
2024-02-07,fhvhv,High Volume For Hire Vehicle,weekday,false,,62179,2001107.01,279147.85,89580555.0,16159,62179,80608.56,1628213.94,65613.2321,-3449.9655,15.7334
2024-02-07,green,Green Boro Taxi,weekday,false,,170,5752.8,544.24,183136.0,127,132,840.41,3803.96,189.0663,-15.9082,-3.1582
2024-02-07,yellow,Yellow Medallion Taxi,weekday,false,,9739,288007.22,23848.12,7656272.0,6231,6736,29598.1,146167.62,10347.3719,-591.264,-17.1079
2024-02-08,fhvhv,High Volume For Hire Vehicle,weekday,false,,66448,2135093.03,297617.22,95669757.0,17137,66448,84575.23,1738115.73,65715.3439,659.3911,73.265
2024-02-08,green,Green Boro Taxi,weekday,false,,199,5906.13,588.52,186229.0,117,128,656.58,3001.8,192.2223,6.7927,-0.015
2024-02-08,yellow,Yellow Medallion Taxi,weekday,false,,10635,315862.09,26188.42,8404819.0,6783,7333,32226.56,158593.5,10359.9385,241.6848,33.3767
2024-02-09,fhvhv,High Volume For Hire Vehicle,weekday,false,,76179,2437220.06,339342.62,108960099.0,19924,76179,98633.91,1982599.81,65792.4784,9954.4554,432.0661
2024-02-09,green,Green Boro Taxi,weekday,false,,238,7733.08,771.92,249380.0,157,174,882.42,4690.63,195.0312,38.2873,4.6816
2024-02-09,yellow,Yellow Medallion Taxi,weekday,false,,11969,351103.49,29151.36,9349834.0,7560,8202,35333.39,175520.69,10371.7641,1620.5548,-23.3189
2024-02-10,fhvhv,High Volume For Hire Vehicle,weekend,false,,80847,2484903.77,362322.61,105440852.0,21125,80847,100046.55,2016522.02,65849.4952,14989.4248,8.0801
2024-02-10,green,Green Boro Taxi,weekend,false,,215,6249.2,649.0,185229.0,146,159,744.57,3718.32,197.1736,50.0967,-32.2703
2024-02-10,yellow,Yellow Medallion Taxi,weekend,false,,12591,359907.93,31025.93,9093931.0,8109,8740,37328.63,182639.01,10383.4834,2288.533,-81.0164
2024-02-11,fhvhv,High Volume For Hire Vehicle,weekend,false,,59531,1822986.44,265662.62,77276515.0,15475,59531,73168.23,1479400.97,65889.1091,-6503.7871,145.6781
2024-02-11,green,Green Boro Taxi,weekend,false,,188,5592.59,581.73,168463.0,130,139,651.96,3339.68,198.4127,-22.232,11.8193
2024-02-11,yellow,Yellow Medallion Taxi,weekend,false,,9518,271595.86,23371.95,6799231.0,6186,6723,28270.3,139005.88,10395.5974,-1004.6688,127.0714
2024-02-12,fhvhv,High Volume For Hire Vehicle,weekday,false,,56876,1815555.77,252222.69,81213664.0,14693,56876,72634.58,1476819.66,65913.6869,-8974.3048,-63.3822
2024-02-12,green,Green Boro Taxi,weekday,false,,167,4950.49,488.85,152809.0,110,116,585.79,2897.01,199.0032,-36.5136,4.5104
2024-02-12,yellow,Yellow Medallion Taxi,weekday,false,,9036,265708.96,21901.18,7041771.0,5756,6230,27024.49,133884.06,10407.7869,-1400.9967,29.2098
2024-02-13,fhvhv,High Volume For Hire Vehicle,weekday,false,,59170,1894128.23,263553.45,84626575.0,15462,59170,76282.55,1539845.7,65932.3938,-6779.852,17.4581
2024-02-13,green,Green Boro Taxi,weekday,false,,178,5498.7,546.39,175045.0,112,120,612.2,3047.46,199.221,-22.3665,1.1455
2024-02-13,yellow,Yellow Medallion Taxi,weekday,false,,9226,277231.72,23075.91,7418365.0,5944,6415,28851.79,140987.84,10418.9395,-1123.621,-69.3185
2024-02-14,fhvhv,High Volume For Hire Vehicle,weekday,false,,62586,2009434.18,279766.4,89922304.0,16259,62586,80552.07,1634347.09,65946.59,-3370.1356,9.5455
2024-02-14,green,Green Boro Taxi,weekday,false,,176,5563.21,551.32,176109.0,113,121,666.67,3122.11,198.526,-17.9454,-4.5806
2024-02-14,yellow,Yellow Medallion Taxi,weekday,false,,9819,288248.32,23808.62,7628241.0,6283,6749,29576.47,144636.82,10427.2273,-607.0059,-1.2214
2024-02-15,fhvhv,High Volume For Hire Vehicle,weekday,false,,66343,2112945.14,293606.88,94385889.0,17230,66343,84303.55,1718374.37,65962.1702,643.7034,-262.8736
2024-02-15,green,Green Boro Taxi,weekday,false,,208,6922.16,672.69,222188.0,139,152,862.79,4246.73,196.801,7.613,3.586
2024-02-15,yellow,Yellow Medallion Taxi,weekday,false,,10680,319728.66,26460.23,8494090.0,6875,7431,33409.96,163121.61,10430.7834,232.0113,17.2054
2024-02-16,fhvhv,High Volume For Hire Vehicle,weekday,false,,75824,2435357.3,339098.93,109070084.0,19674,75824,98091.8,1981491.64,65984.333,9857.0968,-17.4298
2024-02-16,green,Green Boro Taxi,weekday,false,,232,7406.08,734.61,240029.0,139,152,845.83,4043.49,195.1677,38.8711,-2.0388
2024-02-16,yellow,Yellow Medallion Taxi,weekday,false,,12131,361689.31,29840.58,9564279.0,7917,8545,38013.5,185874.41,10430.5085,1610.4247,90.0668
2024-02-17,fhvhv,High Volume For Hire Vehicle,weekend,false,,81410,2488906.52,362019.57,105440932.0,21199,81410,101373.2,2018533.83,66014.3335,15291.3389,104.3276
2024-02-17,green,Green Boro Taxi,weekend,false,,252,7914.02,825.14,244248.0,154,170,904.88,4335.8,194.1184,55.2248,2.6569
2024-02-17,yellow,Yellow Medallion Taxi,weekend,false,,12736,362749.07,31329.12,9091745.0,8195,8854,37454.75,183261.32,10429.0542,2270.2249,36.7209
2024-02-18,fhvhv,High Volume For Hire Vehicle,weekend,false,,59470,1823291.38,265452.04,77339863.0,15377,59470,73204.05,1479289.75,66053.9517,-6596.3024,12.3507
2024-02-18,green,Green Boro Taxi,weekend,false,,164,5080.31,530.4,154474.0,109,115,617.23,3084.49,193.5601,-22.5568,-7.0033
2024-02-18,yellow,Yellow Medallion Taxi,weekend,false,,9259,264637.23,22718.82,6633150.0,5969,6460,27351.82,134517.9,10427.1921,-1009.969,-158.2231
2024-02-19,fhvhv,High Volume For Hire Vehicle,weekday,true,Washington's Birthday,34974,1114930.16,154926.91,49845895.0,9122,34974,44776.72,906952.09,66089.557,-8844.2298,-22271.3272
2024-02-19,green,Green Boro Taxi,weekday,true,Washington's Birthday,102,3381.16,343.19,108454.0,63,70,387.69,2042.14,193.1364,-35.4642,-55.6722
2024-02-19,yellow,Yellow Medallion Taxi,weekday,true,Washington's Birthday,5498,161265.1,13298.38,4249774.0,3484,3779,16475.85,80794.15,10424.4269,-1361.8129,-3564.614
2024-02-20,fhvhv,High Volume For Hire Vehicle,weekday,false,,59190,1888049.03,262601.06,84317057.0,15484,59190,76731.14,1535320.85,66074.7016,-6854.2607,-30.4409
2024-02-20,green,Green Boro Taxi,weekday,false,,161,4593.6,427.84,142012.0,108,116,583.58,2720.99,192.7194,-24.1636,-7.5558
2024-02-20,yellow,Yellow Medallion Taxi,weekday,false,,9336,277416.82,23039.9,7332189.0,6056,6540,29187.63,142164.06,10419.6946,-1101.23,17.5355
2024-02-21,fhvhv,High Volume For Hire Vehicle,weekday,false,,62990,2013444.68,280627.33,90046512.0,16340,62990,79783.55,1638976.61,66014.3668,-3211.4573,187.0905
2024-02-21,green,Green Boro Taxi,weekday,false,,182,5626.69,546.21,183920.0,112,122,638.7,3214.27,192.1378,-18.5024,8.3645
2024-02-21,yellow,Yellow Medallion Taxi,weekday,false,,9817,290240.31,24068.96,7680592.0,6279,6795,29944.03,147938.31,10413.954,-586.8211,-10.133
2024-02-22,fhvhv,High Volume For Hire Vehicle,weekday,false,,67105,2162258.7,300877.32,97029967.0,17307,67105,86726.39,1759637.81,65942.6975,812.8969,349.4056
2024-02-22,green,Green Boro Taxi,weekday,false,,200,5927.49,585.56,182192.0,123,131,742.5,3405.78,191.5128,10.3909,-1.9036
2024-02-22,yellow,Yellow Medallion Taxi,weekday,false,,10607,312120.87,25796.91,8289428.0,6796,7334,32376.94,158551.47,10409.7919,180.8152,16.3929
2024-02-23,fhvhv,High Volume For Hire Vehicle,weekday,false,,76091,2431663.68,338757.35,108495008.0,19795,76091,98197.16,1976888.89,65856.1096,9560.3446,674.5458
2024-02-23,green,Green Boro Taxi,weekday,false,,242,7516.66,747.81,245016.0,140,156,738.87,3865.78,190.7848,35.8026,15.4126
2024-02-23,yellow,Yellow Medallion Taxi,weekday,false,,11956,350817.44,29099.23,9289769.0,7634,8262,36143.79,178319.29,10409.1727,1606.4517,-59.6244
2024-02-24,fhvhv,High Volume For Hire Vehicle,weekend,false,,81467,2500884.35,365014.44,105891962.0,21313,81467,100247.62,2028603.04,65738.8524,14715.3702,1012.7775
2024-02-24,green,Green Boro Taxi,weekend,false,,238,6581.96,684.35,200819.0,139,154,673.97,3665.25,189.7521,52.5196,-4.2717
2024-02-24,yellow,Yellow Medallion Taxi,weekend,false,,12677,361937.91,31031.23,9059701.0,8181,8839,37471.95,183972.74,10407.9556,2250.7382,18.3063
2024-02-25,fhvhv,High Volume For Hire Vehicle,weekend,false,,59029,1810714.71,263509.43,76838258.0,15345,59029,72786.19,1469017.32,65585.2727,-6522.323,-33.9497
2024-02-25,green,Green Boro Taxi,weekend,false,,171,5102.64,534.05,155492.0,110,124,571.02,2901.96,188.2533,-25.6121,8.3589
2024-02-25,yellow,Yellow Medallion Taxi,weekend,false,,9409,263686.48,22785.61,6605787.0,6097,6595,27215.51,132899.04,10404.525,-1036.1294,40.6045
2024-02-26,fhvhv,High Volume For Hire Vehicle,weekday,false,,56743,1825456.98,254042.66,81757622.0,14688,56743,73185.11,1484596.71,65158.8675,-8631.4098,215.5423
2024-02-26,green,Green Boro Taxi,weekday,false,,151,5126.31,507.14,162808.0,105,112,662.89,3068.8,186.8632,-33.0577,-2.8055
2024-02-26,yellow,Yellow Medallion Taxi,weekday,false,,9101,267765.02,22035.87,7078499.0,5888,6360,27526.25,135557.15,10401.4189,-1328.5816,28.1626
2024-02-27,fhvhv,High Volume For Hire Vehicle,weekday,false,,59469,1905433.35,265109.58,85226625.0,15498,59469,77063.38,1549607.1,64273.8952,-6741.8602,1936.9651
2024-02-27,green,Green Boro Taxi,weekday,false,,160,5010.02,491.79,156881.0,103,111,614.69,2983.14,185.8287,-22.9081,-2.9206
2024-02-27,yellow,Yellow Medallion Taxi,weekday,false,,9298,273787.76,22867.13,7333083.0,5968,6471,27971.35,138666.53,10378.954,-1055.8023,-25.1517
2024-02-28,fhvhv,High Volume For Hire Vehicle,weekday,false,,62838,2018720.3,281042.86,90311527.0,16410,62838,80875.02,1641462.02,63609.3584,-3106.986,2335.6276
2024-02-28,green,Green Boro Taxi,weekday,false,,160,5209.18,521.52,163444.0,104,113,606.49,2938.14,185.343,-14.6898,-10.6532
2024-02-28,yellow,Yellow Medallion Taxi,weekday,false,,10013,290890.69,24079.18,7721311.0,6373,6914,29507.18,145557.64,10242.6551,-559.4071,329.7521
2024-02-29,fhvhv,High Volume For Hire Vehicle,weekday,false,,67296,2160016.62,300416.31,96683067.0,17574,67296,87752.13,1756507.25,62999.5101,984.9882,3311.5017
2024-02-29,green,Green Boro Taxi,weekday,false,,199,6270.41,648.66,202582.0,116,129,610.34,3180.07,185.3952,13.7932,-0.1884
2024-02-29,yellow,Yellow Medallion Taxi,weekday,false,,10664,316669.62,26218.65,8432105.0,6839,7383,32849.14,160072.44,10113.2388,122.689,428.0722
2024-03-01,fhvhv,High Volume For Hire Vehicle,weekday,false,,69653,2248257.55,313407.26,100747659.0,18420,69653,90975.99,1828872.38,62395.9272,9297.3125,-2040.2397
2024-03-01,green,Green Boro Taxi,weekday,false,,206,5829.75,558.09,185618.0,112,134,588.43,3208.5,185.8432,33.5242,-13.3674
2024-03-01,yellow,Yellow Medallion Taxi,weekday,false,,11096,329838.23,27298.56,8745607.0,7218,7815,34231.71,169761.04,10033.9949,1580.5347,-518.5296
2024-03-02,fhvhv,High Volume For Hire Vehicle,weekend,false,,73964,2270396.81,330705.83,96455709.0,19198,73964,91253.21,1843294.02,61658.4964,14402.2445,-2096.7409
2024-03-02,green,Green Boro Taxi,weekend,false,,241,6571.16,677.66,197868.0,151,166,682.43,3560.59,186.5876,49.3998,5.0125
2024-03-02,yellow,Yellow Medallion Taxi,weekend,false,,11717,334008.77,28830.4,8401696.0,7543,8176,34680.05,170601.35,9956.4836,2233.897,-473.3807
2024-03-03,fhvhv,High Volume For Hire Vehicle,weekend,false,,54089,1657641.25,241399.95,70318998.0,14096,54089,66776.93,1345168.9,60645.11,-6340.8742,-215.2358
2024-03-03,green,Green Boro Taxi,weekend,false,,159,4683.58,481.29,145522.0,97,103,482.43,2541.71,187.3862,-30.7824,2.3962
2024-03-03,yellow,Yellow Medallion Taxi,weekend,false,,8390,240681.76,20689.02,6056107.0,5412,5844,25256.34,124248.32,9859.0642,-1022.5948,-446.4694
2024-03-04,fhvhv,High Volume For Hire Vehicle,weekday,false,,51778,1655849.56,230664.59,74008155.0,13289,51778,65933.22,1347127.55,60323.6731,-8472.9738,-72.6994
2024-03-04,green,Green Boro Taxi,weekday,false,,159,4922.72,487.64,153030.0,105,112,599.62,2859.6,187.5771,-32.7383,4.1612
2024-03-04,yellow,Yellow Medallion Taxi,weekday,false,,8179,237960.96,19809.61,6350466.0,5256,5669,24479.01,119301.27,9708.5595,-1302.0252,-227.5343
2024-03-05,fhvhv,High Volume For Hire Vehicle,weekday,false,,53625,1712627.96,237999.59,76540221.0,14035,53625,69480.17,1392495.65,60314.2958,-6591.2735,-98.0223
2024-03-05,green,Green Boro Taxi,weekday,false,,177,5987.21,601.08,196312.0,103,112,642.11,3255.02,186.9473,-19.6996,9.7523
2024-03-05,yellow,Yellow Medallion Taxi,weekday,false,,8662,257409.96,21356.47,6866088.0,5563,6027,26487.54,129925.02,9637.0059,-1022.0687,47.0627
2024-03-06,fhvhv,High Volume For Hire Vehicle,weekday,false,,57358,1838276.51,256137.32,82345068.0,14785,57358,73115.77,1496736.31,60316.5166,-3048.786,90.2694
2024-03-06,green,Green Boro Taxi,weekday,false,,175,5733.22,578.84,180127.0,118,122,698.21,3367.63,185.6753,-11.2981,0.6228
2024-03-06,yellow,Yellow Medallion Taxi,weekday,false,,9100,271420.86,22399.43,7190180.0,5880,6367,28154.22,138048.81,9619.1164,-527.6661,8.5497
2024-03-07,fhvhv,High Volume For Hire Vehicle,weekday,false,,61441,1966356.56,273881.73,88039841.0,15664,61441,77189.99,1600839.09,60328.8285,1132.6754,-20.5039
2024-03-07,green,Green Boro Taxi,weekday,false,,163,5054.73,501.19,162894.0,105,116,562.03,2817.71,183.8707,16.2197,-37.0904
2024-03-07,yellow,Yellow Medallion Taxi,weekday,false,,9639,284705.0,23471.63,7528246.0,6230,6721,29712.78,144639.91,9603.0151,68.6587,-32.6738
2024-03-08,fhvhv,High Volume For Hire Vehicle,weekday,false,,69257,2223448.72,310081.01,99418733.0,18186,69257,89919.84,1808702.82,60341.9869,9036.3426,-121.3294
2024-03-08,green,Green Boro Taxi,weekday,false,,216,6640.28,649.84,210361.0,142,153,756.8,3672.83,181.8171,30.1715,4.0114
2024-03-08,yellow,Yellow Medallion Taxi,weekday,false,,11215,333403.65,27427.38,8820699.0,7114,7694,34113.62,168082.75,9589.8838,1546.2313,78.8849
2024-03-09,fhvhv,High Volume For Hire Vehicle,weekend,false,,74202,2263097.82,329210.96,95927965.0,19342,74202,90601.44,1836766.27,60349.7696,13877.0558,-24.8254
2024-03-09,green,Green Boro Taxi,weekend,false,,224,6907.64,724.81,212527.0,144,152,770.51,3872.54,179.7275,47.2031,-2.9306
2024-03-09,yellow,Yellow Medallion Taxi,weekend,false,,11729,333827.48,28693.54,8326812.0,7573,8185,34778.78,170357.46,9577.422,2216.0761,-64.4981
2024-03-10,fhvhv,High Volume For Hire Vehicle,weekend,false,,54357,1670323.7,242918.65,70971784.0,14239,54357,67013.12,1355192.91,60348.566,-6104.3834,112.8174
2024-03-10,green,Green Boro Taxi,weekend,false,,135,4229.44,431.06,127608.0,91,101,557.96,2603.64,177.4696,-33.0428,-9.4269
2024-03-10,yellow,Yellow Medallion Taxi,weekend,false,,8482,243042.97,20976.87,6131822.0,5465,5899,25358.06,123061.78,9564.0549,-985.5552,-96.4997
2024-03-11,fhvhv,High Volume For Hire Vehicle,weekday,false,,51937,1659847.34,230816.99,74258533.0,13531,51937,66824.3,1350405.64,60343.4131,-8478.5553,72.1422
2024-03-11,green,Green Boro Taxi,weekday,false,,143,4504.1,434.83,142942.0,100,110,606.45,2857.88,175.1816,-34.3712,2.1896
2024-03-11,yellow,Yellow Medallion Taxi,weekday,false,,8341,244642.33,20317.45,6496274.0,5339,5795,25234.59,124383.46,9552.62,-1298.1999,86.5799
2024-03-12,fhvhv,High Volume For Hire Vehicle,weekday,false,,54102,1737912.49,242228.26,77840889.0,14186,54102,69630.95,1414517.38,60347.4626,-6444.8343,199.3717
2024-03-12,green,Green Boro Taxi,weekday,false,,151,4874.39,480.23,156823.0,95,97,575.48,2552.95,173.0749,-14.7508,-7.324
2024-03-12,yellow,Yellow Medallion Taxi,weekday,false,,8553,253515.25,21044.01,6797638.0,5516,5931,26538.38,127692.1,9546.413,-1003.1714,9.7584
2024-03-13,fhvhv,High Volume For Hire Vehicle,weekday,false,,57140,1834720.83,255724.91,82154233.0,14784,57140,73054.04,1493224.25,60360.8034,-3085.0162,-135.7872
2024-03-13,green,Green Boro Taxi,weekday,false,,175,6305.5,656.5,205300.0,115,126,710.47,3799.08,171.0035,-9.6933,13.6899
2024-03-13,yellow,Yellow Medallion Taxi,weekday,false,,9016,266879.51,22087.09,7108696.0,5832,6299,27490.43,134990.86,9543.3971,-497.6777,-29.7194
2024-03-14,fhvhv,High Volume For Hire Vehicle,weekday,false,,60866,1957056.81,272526.93,87667163.0,15870,60866,77938.63,1592238.76,60372.5663,1140.1779,-646.7442
2024-03-14,green,Green Boro Taxi,weekday,false,,192,6157.1,618.13,195655.0,133,138,724.38,3614.7,169.0913,16.2417,6.667
2024-03-14,yellow,Yellow Medallion Taxi,weekday,false,,9557,280221.43,23247.37,7436912.0,6207,6683,29209.28,142956.73,9540.7564,28.5458,-12.3022
2024-03-15,fhvhv,High Volume For Hire Vehicle,weekday,false,,69270,2220555.25,310189.49,99256197.0,18035,69270,88669.52,1807513.84,60379.2078,9086.7812,-195.989
2024-03-15,green,Green Boro Taxi,weekday,false,,192,5948.74,598.28,190255.0,130,141,635.45,3131.05,167.4668,30.3367,-5.8035
2024-03-15,yellow,Yellow Medallion Taxi,weekday,false,,10975,322302.94,26903.11,8650181.0,6891,7507,32052.37,159982.73,9538.969,1517.9418,-81.9108
2024-03-16,fhvhv,High Volume For Hire Vehicle,weekend,false,,74150,2278217.36,331968.73,96632624.0,19302,74150,91480.76,1848162.01,60387.7733,13834.6308,-72.4042
2024-03-16,green,Green Boro Taxi,weekend,false,,209,6451.99,662.39,194526.0,143,150,816.72,3791.27,166.1276,43.9017,-1.0293
2024-03-16,yellow,Yellow Medallion Taxi,weekend,false,,11875,337137.22,28822.03,8374378.0,7676,8294,34939.76,171133.22,9536.8984,2190.8672,147.2343
2024-03-17,fhvhv,High Volume For Hire Vehicle,weekend,false,,54643,1666091.29,242736.87,70488973.0,14318,54643,67375.05,1351813.91,60408.986,-5976.3874,210.4013
2024-03-17,green,Green Boro Taxi,weekend,false,,164,4743.85,488.6,139957.0,104,113,593.89,2768.75,165.0091,-34.708,33.6988
2024-03-17,yellow,Yellow Medallion Taxi,weekend,false,,8641,243351.55,20947.11,6087302.0,5590,6022,25037.15,122059.68,9534.7916,-953.875,60.0834
2024-03-18,fhvhv,High Volume For Hire Vehicle,weekday,false,,51894,1658133.75,230960.48,74154529.0,13440,51894,66332.82,1349548.6,60448.2859,-8585.8723,31.5864
2024-03-18,green,Green Boro Taxi,weekday,false,,123,3530.57,341.13,111241.0,81,86,404.62,1964.87,164.2172,-32.9552,-8.2619
2024-03-18,yellow,Yellow Medallion Taxi,weekday,false,,8027,235216.22,19407.01,6214791.0,5142,5604,24134.52,119760.74,9533.1486,-1280.0999,-226.0486
2024-03-19,fhvhv,High Volume For Hire Vehicle,weekday,false,,53993,1728154.0,240538.31,77303449.0,13924,53993,69261.99,1405932.31,60496.9687,-6378.638,-125.3307
2024-03-19,green,Green Boro Taxi,weekday,false,,151,4524.05,443.87,142116.0,103,109,526.98,2487.87,163.8157,-11.8553,-0.9605
2024-03-19,yellow,Yellow Medallion Taxi,weekday,false,,8485,250647.3,20723.32,6676818.0,5503,5927,25950.03,127381.25,9531.6574,-987.2552,-59.4021
2024-03-20,fhvhv,High Volume For Hire Vehicle,weekday,false,,57316,1837495.06,255940.02,82316791.0,14851,57316,73291.89,1495908.79,60541.9797,-3141.1115,-84.8682
2024-03-20,green,Green Boro Taxi,weekday,false,,149,4895.22,496.28,160483.0,90,101,529.4,2694.6,164.1714,-7.9018,-7.2696
2024-03-20,yellow,Yellow Medallion Taxi,weekday,false,,9111,266577.13,21937.44,7045313.0,5829,6368,27242.04,136254.1,9528.8154,-495.6323,77.817
2024-03-21,fhvhv,High Volume For Hire Vehicle,weekday,false,,61830,1984298.28,276353.77,88738938.0,16114,61830,80087.46,1613668.08,60584.7847,1117.8449,127.3703
2024-03-21,green,Green Boro Taxi,weekday,false,,178,5662.35,564.37,184778.0,118,124,623.71,3066.01,165.5597,11.6877,0.7526
2024-03-21,yellow,Yellow Medallion Taxi,weekday,false,,9548,282347.28,23309.34,7442514.0,6175,6641,29160.78,142562.74,9523.9748,35.1401,-11.1148
2024-03-22,fhvhv,High Volume For Hire Vehicle,weekday,false,,70399,2250755.45,312773.96,100612923.0,18386,70399,90611.07,1829878.84,60631.4744,9130.0712,637.4545
2024-03-22,green,Green Boro Taxi,weekday,false,,200,5879.97,573.6,185028.0,128,141,677.53,3365.75,167.4423,32.0759,0.4817
2024-03-22,yellow,Yellow Medallion Taxi,weekday,false,,10996,324858.17,26746.86,8611079.0,7110,7666,33458.0,163458.68,9518.2241,1454.3676,23.4083
2024-03-23,fhvhv,High Volume For Hire Vehicle,weekend,false,,74495,2289342.13,333413.86,97238909.0,19471,74495,92424.68,1857983.3,60685.8188,13942.014,-132.8328
2024-03-23,green,Green Boro Taxi,weekend,false,,213,6115.43,641.12,181903.0,128,135,654.74,3126.67,169.105,42.7155,1.1795
2024-03-23,yellow,Yellow Medallion Taxi,weekend,false,,11633,329160.3,28436.82,8267411.0,7469,8036,33604.51,165026.75,9514.8765,2195.799,-77.6754
2024-03-24,fhvhv,High Volume For Hire Vehicle,weekend,false,,54642,1669573.57,242921.09,70763587.0,14319,54642,66706.27,1354633.37,60748.0317,-6043.2946,-62.7371
2024-03-24,green,Green Boro Taxi,weekend,false,,140,4580.24,488.16,135701.0,92,100,581.1,2622.81,170.4857,-33.0517,2.5659
2024-03-24,yellow,Yellow Medallion Taxi,weekend,false,,8599,246093.73,21357.76,6234249.0,5581,6000,25666.11,124245.11,9513.9633,-923.4996,8.5363
2024-03-25,fhvhv,High Volume For Hire Vehicle,weekday,false,,52011,1665040.37,231544.2,74597322.0,13625,52011,67121.05,1355190.56,60813.3325,-8712.6991,-89.6334
2024-03-25,green,Green Boro Taxi,weekday,false,,172,5566.36,543.52,175629.0,117,123,721.74,3365.98,171.5319,-31.7923,32.2604
2024-03-25,yellow,Yellow Medallion Taxi,weekday,false,,8243,245196.18,20479.21,6616665.0,5179,5616,24769.58,121914.35,9514.254,-1296.7829,25.5289
2024-03-26,fhvhv,High Volume For Hire Vehicle,weekday,false,,54509,1740155.72,241856.71,77761590.0,14129,54509,70237.46,1414960.91,60884.2767,-6340.8964,-34.3804
2024-03-26,green,Green Boro Taxi,weekday,false,,175,5273.07,519.29,168413.0,110,116,573.74,2809.41,172.2389,-12.2437,15.0048
2024-03-26,yellow,Yellow Medallion Taxi,weekday,false,,8544,249640.0,20523.74,6608781.0,5527,5966,25907.17,127460.91,9521.8967,-972.2742,-5.6225
2024-03-27,fhvhv,High Volume For Hire Vehicle,weekday,false,,57847,1850578.34,257698.94,82806394.0,14924,57847,73317.91,1506137.01,61024.0973,-3168.8468,-8.2505
2024-03-27,green,Green Boro Taxi,weekday,false,,162,5203.47,528.45,165244.0,102,111,566.25,2908.55,173.0041,-6.5146,-4.4895
2024-03-27,yellow,Yellow Medallion Taxi,weekday,false,,8960,264781.83,21751.72,7010174.0,5750,6231,27143.11,133479.79,9553.8839,-498.7664,-95.1175
2024-03-28,fhvhv,High Volume For Hire Vehicle,weekday,false,,62267,1987857.15,276617.83,88860982.0,16105,62267,79209.82,1617283.02,61320.706,1159.6735,-213.3795
2024-03-28,green,Green Boro Taxi,weekday,false,,174,5708.92,556.43,182361.0,120,125,708.28,3394.81,174.0267,2.6783,-2.7051
2024-03-28,yellow,Yellow Medallion Taxi,weekday,false,,9562,281978.84,23237.56,7453423.0,6228,6703,29646.58,143873.08,9606.8344,80.5275,-125.3619
2024-03-29,fhvhv,High Volume For Hire Vehicle,weekday,false,,69557,2234662.37,311288.96,100137052.0,18084,69557,89138.66,1818871.0,61632.0608,9231.8762,-1306.937
2024-03-29,green,Green Boro Taxi,weekday,false,,211,6991.49,696.89,228965.0,132,144,792.7,3947.83,175.1084,33.9745,1.9171
2024-03-29,yellow,Yellow Medallion Taxi,weekday,false,,11027,324656.26,26816.22,8611804.0,7085,7642,33826.12,165621.76,9665.458,1423.7436,-62.2015
2024-03-30,fhvhv,High Volume For Hire Vehicle,weekend,false,,74564,2286416.44,333344.21,96960594.0,19552,74564,92587.46,1855659.64,61896.5775,14075.5621,-1408.1396
2024-03-30,green,Green Boro Taxi,weekend,false,,200,5586.63,583.09,163146.0,125,133,639.37,3031.03,176.1719,44.3117,-20.4836
2024-03-30,yellow,Yellow Medallion Taxi,weekend,false,,11605,332523.49,28717.06,8324701.0,7440,8051,34186.55,168354.63,9722.9448,2206.9331,-324.8779
2024-03-31,fhvhv,High Volume For Hire Vehicle,weekend,false,,54717,1679172.44,245391.02,71273305.0,14103,54717,66281.4,1364311.64,62141.2946,-6212.6544,-1211.6401
2024-03-31,green,Green Boro Taxi,weekend,false,,140,3928.45,403.95,116176.0,82,93,432.61,2101.81,177.4377,-27.1196,-10.3181
2024-03-31,yellow,Yellow Medallion Taxi,weekend,false,,8558,246429.96,21463.23,6286888.0,5445,5913,25378.42,124866.37,9779.6166,-931.8593,-289.7573
2024-04-01,fhvhv,High Volume For Hire Vehicle,weekday,false,,54700,1751927.96,243660.93,78386433.0,14302,54700,70831.27,1424925.72,62398.4413,-8827.1703,1128.729
2024-04-01,green,Green Boro Taxi,weekday,false,,163,5206.0,542.05,167029.0,96,107,512.5,2514.0,179.0884,-31.9717,15.8833
2024-04-01,yellow,Yellow Medallion Taxi,weekday,false,,8546,251404.43,20829.11,6659562.0,5512,5957,26029.84,127859.3,9839.4299,-1327.4988,34.0689
2024-04-02,fhvhv,High Volume For Hire Vehicle,weekday,false,,56478,1822932.52,253504.24,81733009.0,14740,56478,73887.93,1482125.53,62697.7222,-6305.6032,85.881
2024-04-02,green,Green Boro Taxi,weekday,false,,168,5957.37,602.04,191848.0,109,119,717.57,3537.18,181.1388,-16.1138,2.975
2024-04-02,yellow,Yellow Medallion Taxi,weekday,false,,9001,262404.86,21480.87,6892725.0,5831,6277,26956.83,132198.33,9902.6089,-963.2477,61.6388
2024-04-03,fhvhv,High Volume For Hire Vehicle,weekday,false,,60155,1937536.35,270462.96,86670887.0,15814,60155,78979.25,1576040.64,63008.3552,-3240.7017,387.3465
2024-04-03,green,Green Boro Taxi,weekday,false,,182,5456.61,534.58,172266.0,118,126,637.31,3133.12,183.1144,-3.207,2.0926
2024-04-03,yellow,Yellow Medallion Taxi,weekday,false,,9536,281142.0,23218.32,7462842.0,6180,6662,29049.2,143513.79,9957.8924,-523.533,101.6406
2024-04-04,fhvhv,High Volume For Hire Vehicle,weekday,false,,64409,2069188.97,288688.12,92630972.0,16742,64409,83064.29,1684238.95,63167.2893,1278.9817,-37.2709
2024-04-04,green,Green Boro Taxi,weekday,false,,163,4960.97,508.73,153348.0,94,102,544.78,2644.61,184.7526,-1.7397,-20.013
2024-04-04,yellow,Yellow Medallion Taxi,weekday,false,,10185,301816.04,25028.27,8026939.0,6536,7095,30961.48,152364.24,9991.1197,128.0568,65.8235
2024-04-05,fhvhv,High Volume For Hire Vehicle,weekday,false,,72513,2322867.45,322863.67,103983824.0,18911,72513,93575.79,1889313.23,63259.0846,9315.3519,-61.4366
2024-04-05,green,Green Boro Taxi,weekday,false,,221,6845.33,689.59,220396.0,135,143,732.3,3378.91,185.9044,33.261,1.8346
2024-04-05,yellow,Yellow Medallion Taxi,weekday,false,,11440,335012.65,27823.44,8959488.0,7267,7858,33882.0,167806.37,10003.916,1417.9592,18.1248
2024-04-06,fhvhv,High Volume For Hire Vehicle,weekend,false,,77826,2384018.54,347694.18,101084020.0,20148,77826,95816.54,1935330.67,63333.7101,14152.3218,339.9681
2024-04-06,green,Green Boro Taxi,weekend,false,,240,7139.79,723.95,216743.0,161,173,891.06,4376.21,186.5237,44.0848,9.3916
2024-04-06,yellow,Yellow Medallion Taxi,weekend,false,,12237,349048.98,30086.1,8760154.0,7823,8486,36378.09,177580.11,10011.2537,2229.6769,-3.9306
2024-04-07,fhvhv,High Volume For Hire Vehicle,weekend,false,,57081,1748114.63,254805.74,74228725.0,14737,57081,68498.87,1419856.02,63397.9423,-6393.1942,76.252
2024-04-07,green,Green Boro Taxi,weekend,false,,174,5723.38,601.88,175380.0,106,121,707.8,3495.75,186.8296,-19.8254,6.9958
2024-04-07,yellow,Yellow Medallion Taxi,weekend,false,,9076,259050.91,22336.54,6518070.0,5798,6283,26557.35,131221.05,10016.6826,-949.0456,8.3629
2024-04-08,fhvhv,High Volume For Hire Vehicle,weekday,false,,54569,1749971.3,243714.59,78204021.0,14344,54569,70875.62,1422785.22,63451.7767,-8886.1545,3.3778
2024-04-08,green,Green Boro Taxi,weekday,false,,148,4432.73,456.63,140115.0,94,101,448.78,2320.76,186.9478,-30.7318,-8.216
2024-04-08,yellow,Yellow Medallion Taxi,weekday,false,,8573,251798.59,20909.93,6725874.0,5473,5925,25681.36,127039.12,10020.029,-1349.8246,-97.2044
2024-04-09,fhvhv,High Volume For Hire Vehicle,weekday,false,,57249,1840806.86,256428.0,82419501.0,15085,57249,74277.07,1497461.66,63490.1935,-6280.8043,39.6108
2024-04-09,green,Green Boro Taxi,weekday,false,,158,5189.02,535.13,170534.0,97,112,529.94,3047.63,186.5198,-24.7678,-3.752
2024-04-09,yellow,Yellow Medallion Taxi,weekday,false,,9081,269553.21,22289.81,7162025.0,5875,6349,28123.13,137899.62,10021.6004,-988.0708,47.4704
2024-04-10,fhvhv,High Volume For Hire Vehicle,weekday,false,,60066,1929383.11,269346.38,86335952.0,15555,60066,77362.4,1570471.77,63515.1011,-3307.4304,-141.6707
2024-04-10,green,Green Boro Taxi,weekday,false,,193,6469.31,646.26,210445.0,125,130,763.36,3464.65,185.4721,-0.3591,7.887
2024-04-10,yellow,Yellow Medallion Taxi,weekday,false,,9425,278217.86,23154.55,7433273.0,6028,6535,28420.96,140691.07,10021.7582,-533.7639,-62.9943
2024-04-11,fhvhv,High Volume For Hire Vehicle,weekday,false,,65104,2093982.46,291607.3,93907606.0,16871,65104,82747.41,1704533.13,63527.4038,1375.3719,201.2243
2024-04-11,green,Green Boro Taxi,weekday,false,,184,5688.07,565.25,188616.0,104,119,557.83,2830.03,184.0817,-1.9696,1.8879
2024-04-11,yellow,Yellow Medallion Taxi,weekday,false,,10254,304709.26,25328.77,8149495.0,6603,7151,31514.41,155458.97,10020.3533,169.2236,64.423
2024-04-12,fhvhv,High Volume For Hire Vehicle,weekday,false,,72999,2346642.54,327028.4,105018651.0,19125,72999,93927.4,1908857.06,63534.2387,9476.3797,-11.6184
2024-04-12,green,Green Boro Taxi,weekday,false,,186,6042.91,590.16,194234.0,117,132,720.03,3685.78,182.6516,31.7782,-28.4297
2024-04-12,yellow,Yellow Medallion Taxi,weekday,false,,11728,345703.9,28574.9,9149206.0,7589,8174,35827.59,175899.58,10018.4337,1437.9329,271.6334
2024-04-13,fhvhv,High Volume For Hire Vehicle,weekend,false,,77768,2393583.67,349269.7,101529430.0,20155,77768,96082.43,1942095.45,63546.95,14137.4977,83.5523
2024-04-13,green,Green Boro Taxi,weekend,false,,227,7156.36,758.1,214274.0,158,167,874.55,4245.21,181.3292,44.2458,1.425
2024-04-13,yellow,Yellow Medallion Taxi,weekend,false,,12352,345860.74,29595.18,8604656.0,8005,8621,36173.47,175915.77,10015.6163,2258.0809,78.3028
2024-04-14,fhvhv,High Volume For Hire Vehicle,weekend,false,,56960,1747412.64,254241.68,73978690.0,14726,56960,70914.07,1415963.87,63563.7994,-6538.3645,-65.4349
2024-04-14,green,Green Boro Taxi,weekend,false,,166,5504.97,570.25,166196.0,125,132,741.45,3456.55,180.1476,-13.5637,-0.5839
2024-04-14,yellow,Yellow Medallion Taxi,weekend,false,,9016,257460.88,22284.02,6539439.0,5782,6266,26762.5,131146.78,10010.8004,-959.1169,-35.6835
2024-04-15,fhvhv,High Volume For Hire Vehicle,weekday,false,,54608,1745821.08,242866.21,78072337.0,14156,54608,70122.2,1420150.72,63575.0589,-8827.6283,-139.4306
2024-04-15,green,Green Boro Taxi,weekday,false,,143,3952.12,383.59,123871.0,93,100,449.58,2247.53,178.9204,-32.5478,-3.3726
2024-04-15,yellow,Yellow Medallion Taxi,weekday,false,,8670,253005.41,20789.84,6663535.0,5565,6033,25935.04,128394.41,10002.6457,-1361.8064,29.1606
2024-04-16,fhvhv,High Volume For Hire Vehicle,weekday,false,,57334,1841771.52,256654.47,82524802.0,14987,57334,73924.1,1499236.94,63576.9969,-6290.2126,47.2157
2024-04-16,green,Green Boro Taxi,weekday,false,,183,5885.21,598.64,190829.0,108,121,590.89,3098.34,177.9384,-30.8785,35.94
2024-04-16,yellow,Yellow Medallion Taxi,weekday,false,,8925,265057.96,21916.63,7026602.0,5677,6148,27203.21,134430.9,9993.2433,-1029.1135,-39.1298
2024-04-17,fhvhv,High Volume For Hire Vehicle,weekday,false,,60135,1927764.28,268443.77,86189866.0,15623,60135,78128.32,1567744.32,63575.2708,-3371.9764,-68.2944
2024-04-17,green,Green Boro Taxi,weekday,false,,176,5725.16,587.65,184454.0,115,123,630.06,3300.23,177.6491,-0.4174,-1.2317
2024-04-17,yellow,Yellow Medallion Taxi,weekday,false,,9450,278175.97,23129.66,7440897.0,6048,6557,28548.31,139959.36,9984.3769,-540.116,5.739
2024-04-18,fhvhv,High Volume For Hire Vehicle,weekday,false,,65201,2095191.95,291387.21,93889061.0,17099,65201,84883.83,1704392.88,63574.4697,1408.1832,218.3471
2024-04-18,green,Green Boro Taxi,weekday,false,,176,4992.84,497.17,157497.0,113,120,498.06,2493.6,177.7725,4.7314,-6.5039
2024-04-18,yellow,Yellow Medallion Taxi,weekday,false,,10125,298231.55,24757.04,7871052.0,6527,7019,30707.89,150367.59,9978.8544,175.1135,-28.9679
2024-04-19,fhvhv,High Volume For Hire Vehicle,weekday,false,,73375,2361192.71,328971.42,105767156.0,19163,73375,95919.36,1921052.98,63572.357,9636.5596,166.0834
2024-04-19,green,Green Boro Taxi,weekday,false,,208,6282.27,622.59,199110.0,126,138,695.21,3445.78,177.9979,30.1158,-0.1137
2024-04-19,yellow,Yellow Medallion Taxi,weekday,false,,11410,335324.81,27850.8,8895740.0,7382,7963,34552.46,169930.59,9977.3829,1465.469,-32.8518
2024-04-20,fhvhv,High Volume For Hire Vehicle,weekend,false,,77323,2364805.63,344421.47,100281100.0,20013,77323,93653.58,1919504.79,63564.619,13885.2826,-126.9016
2024-04-20,green,Green Boro Taxi,weekend,false,,217,6651.01,694.51,202399.0,140,153,754.24,3791.21,178.4998,41.615,-3.1148
2024-04-20,yellow,Yellow Medallion Taxi,weekend,false,,12186,345894.91,29715.62,8720848.0,7776,8414,35258.25,173251.14,9980.9903,2262.1018,-57.092
2024-04-21,fhvhv,High Volume For Hire Vehicle,weekend,false,,56943,1728732.18,251145.79,73100424.0,14721,56943,68396.69,1402040.88,63546.1128,-6482.5467,-120.5661
2024-04-21,green,Green Boro Taxi,weekend,false,,184,5262.96,540.34,158651.0,123,132,611.8,3040.57,179.3186,-13.1671,17.8485
2024-04-21,yellow,Yellow Medallion Taxi,weekend,false,,9132,260083.69,22502.13,6547715.0,5863,6349,26978.69,131413.35,9989.8291,-984.6566,126.8275
2024-04-22,fhvhv,High Volume For Hire Vehicle,weekday,false,,54981,1771415.86,246781.22,79219530.0,14524,54981,73012.29,1439707.76,63514.9067,-8762.4862,228.5795
2024-04-22,green,Green Boro Taxi,weekday,false,,152,4108.13,392.77,128921.0,95,105,439.4,2329.5,180.2432,-30.887,2.6437
2024-04-22,yellow,Yellow Medallion Taxi,weekday,false,,8636,251466.14,20744.22,6706629.0,5479,5897,25493.22,124978.07,10002.6583,-1338.7508,-27.9076
2024-04-23,fhvhv,High Volume For Hire Vehicle,weekday,false,,57160,1836151.46,255851.51,82065080.0,14812,57160,73928.25,1492757.56,63476.7525,-6326.249,9.4965
2024-04-23,green,Green Boro Taxi,weekday,false,,141,4536.93,460.78,145699.0,82,90,494.39,2520.56,180.9544,-33.5832,-6.3712
2024-04-23,yellow,Yellow Medallion Taxi,weekday,false,,8909,265759.83,21898.69,7058391.0,5736,6148,27740.47,133814.07,10012.225,-1018.0382,-85.1868
2024-04-24,fhvhv,High Volume For Hire Vehicle,weekday,false,,60175,1926199.1,267966.59,86164806.0,15571,60175,76567.31,1566784.46,63439.8231,-3289.6218,24.7988
2024-04-24,green,Green Boro Taxi,weekday,false,,179,5870.92,576.91,193676.0,116,122,672.38,3270.92,181.4164,-3.4565,1.0401
2024-04-24,yellow,Yellow Medallion Taxi,weekday,false,,9512,281542.79,23150.12,7469992.0,6087,6534,29191.51,141305.61,10015.8608,-533.0369,29.1761
2024-04-25,fhvhv,High Volume For Hire Vehicle,weekday,false,,64648,2069591.85,288331.37,92619901.0,16656,64648,82416.73,1684558.06,63394.5437,1316.9963,-63.54
2024-04-25,green,Green Boro Taxi,weekday,false,,199,6276.55,614.31,199275.0,134,146,779.04,3860.38,181.6341,13.9536,3.4123
2024-04-25,yellow,Yellow Medallion Taxi,weekday,false,,10217,300819.48,25030.7,8013322.0,6540,7121,30747.1,152697.33,10013.5928,139.7589,63.6483
2024-04-26,fhvhv,High Volume For Hire Vehicle,weekday,false,,73664,2349584.17,326863.16,104998478.0,19198,73664,93744.27,1911417.34,63213.1904,9660.1419,790.6676
2024-04-26,green,Green Boro Taxi,weekday,false,,210,6363.84,632.24,201449.0,128,142,694.47,3366.12,181.6499,28.7845,-0.4344
2024-04-26,yellow,Yellow Medallion Taxi,weekday,false,,11593,343858.05,28517.01,9158087.0,7470,8101,35643.02,176335.47,10001.2854,1476.0199,115.6947
2024-04-27,fhvhv,High Volume For Hire Vehicle,weekend,false,,78478,2390873.2,348311.66,101150751.0,20629,78478,96927.49,1940115.24,62765.4973,13778.3434,1934.1593
2024-04-27,green,Green Boro Taxi,weekend,false,,255,7528.25,783.91,231625.0,154,168,828.3,4139.5,181.5964,37.4571,35.9465
2024-04-27,yellow,Yellow Medallion Taxi,weekend,false,,12398,355180.88,30738.97,8994432.0,8076,8690,37417.68,183180.47,9978.1477,2250.0094,169.8429
2024-04-28,fhvhv,High Volume For Hire Vehicle,weekend,false,,57545,1767222.13,257402.63,75124455.0,14894,57545,70205.83,1435039.35,62524.1762,-6361.9496,1382.7733
2024-04-28,green,Green Boro Taxi,weekend,false,,163,4338.08,458.43,126033.0,96,103,452.54,2197.51,181.6569,-14.6143,-4.0427
2024-04-28,yellow,Yellow Medallion Taxi,weekend,false,,8904,251793.24,21755.19,6355780.0,5646,6101,25630.86,125794.11,9942.4928,-1008.3278,-30.165
2024-04-29,fhvhv,High Volume For Hire Vehicle,weekday,false,,54586,1748038.09,243777.83,78297156.0,13946,54586,69522.86,1423826.26,62340.1952,-8738.2726,984.0774
2024-04-29,green,Green Boro Taxi,weekday,false,,156,5162.69,517.16,166919.0,92,100,569.98,2643.98,181.7576,-29.9272,4.1696
2024-04-29,yellow,Yellow Medallion Taxi,weekday,false,,8623,253513.57,20916.75,6713428.0,5480,5942,25946.61,127943.93,9894.9563,-1325.6757,53.7194
2024-04-30,fhvhv,High Volume For Hire Vehicle,weekday,false,,57825,1849122.88,257355.65,82564297.0,15280,57825,75489.24,1503195.55,62132.9233,-6391.7399,2083.8166
2024-04-30,green,Green Boro Taxi,weekday,false,,150,4801.62,480.86,152831.0,93,100,534.04,2567.01,181.6646,-32.1363,0.4717
2024-04-30,yellow,Yellow Medallion Taxi,weekday,false,,9047,268453.95,22324.86,7172319.0,5773,6256,27439.31,134595.98,9845.5559,-996.1778,197.6219
2024-05-01,fhvhv,High Volume For Hire Vehicle,weekday,false,,57963,1867112.42,260506.01,83758464.0,14908,57963,73818.17,1520627.3,61701.453,-3170.1631,-568.2899
2024-05-01,green,Green Boro Taxi,weekday,false,,172,5527.61,556.71,181365.0,107,120,588.21,3163.74,181.5352,-7.3573,-2.1779
2024-05-01,yellow,Yellow Medallion Taxi,weekday,false,,9237,274417.96,22857.83,7349677.0,5942,6371,28088.97,137810.06,9800.5372,-522.3356,-41.2017
2024-05-02,fhvhv,High Volume For Hire Vehicle,weekday,false,,62166,2007439.06,279546.98,90008938.0,16194,62166,81608.06,1632772.66,61367.7709,1215.6031,-417.374
2024-05-02,green,Green Boro Taxi,weekday,false,,162,5133.32,508.95,167570.0,109,113,552.83,2752.41,181.5144,20.8657,-40.38
2024-05-02,yellow,Yellow Medallion Taxi,weekday,false,,9686,285280.33,23530.86,7554633.0,6082,6599,28893.1,142283.79,9761.1681,121.4541,-196.6222
2024-05-03,fhvhv,High Volume For Hire Vehicle,weekday,false,,71170,2288315.24,318860.96,102532587.0,18538,71170,92202.19,1862389.56,61381.7839,9600.9866,187.2295
2024-05-03,green,Green Boro Taxi,weekday,false,,211,6279.78,618.05,195926.0,134,146,705.56,3421.75,181.5684,29.6597,-0.2281
2024-05-03,yellow,Yellow Medallion Taxi,weekday,false,,11068,324864.27,27034.95,8609494.0,7190,7731,33469.39,163212.59,9728.4398,1494.7012,-155.141
2024-05-04,fhvhv,High Volume For Hire Vehicle,weekend,false,,74982,2301942.72,335440.52,97607103.0,19681,74982,92746.65,1867428.16,61391.4043,13767.7428,-177.1471
2024-05-04,green,Green Boro Taxi,weekend,false,,220,6558.85,696.46,201237.0,138,148,686.33,3416.0,181.6042,33.3418,5.054
2024-05-04,yellow,Yellow Medallion Taxi,weekend,false,,11840,338002.08,29201.54,8475072.0,7618,8233,34628.72,171780.32,9700.3809,2249.6251,-110.006
2024-05-05,fhvhv,High Volume For Hire Vehicle,weekend,false,,55310,1688973.32,245381.79,71493494.0,14598,55310,69184.42,1368999.31,61389.9565,-6220.4665,140.51
2024-05-05,green,Green Boro Taxi,weekend,false,,159,4425.35,466.76,131497.0,89,101,429.06,2285.63,181.4114,-15.9326,-6.4788
2024-05-05,yellow,Yellow Medallion Taxi,weekend,false,,8615,244184.88,21056.59,6115053.0,5550,6009,25276.3,123435.42,9680.5739,-1033.6554,-31.9185
2024-05-06,fhvhv,High Volume For Hire Vehicle,weekday,false,,52595,1687906.86,235128.36,75525610.0,13642,52595,67434.61,1373112.24,61374.6595,-8737.5032,-42.1563
2024-05-06,green,Green Boro Taxi,weekday,false,,149,4626.51,458.59,145096.0,102,107,523.65,2347.27,180.818,-32.5805,0.7625
2024-05-06,yellow,Yellow Medallion Taxi,weekday,false,,8364,246859.49,20247.32,6519524.0,5514,5939,25953.5,127452.81,9676.4297,-1333.9124,21.4827
2024-05-07,fhvhv,High Volume For Hire Vehicle,weekday,false,,54919,1758185.91,245152.14,78576753.0,14065,54919,69778.51,1430507.66,61354.1385,-6465.6892,30.5507
2024-05-07,green,Green Boro Taxi,weekday,false,,156,4999.89,497.44,156873.0,101,113,576.21,3052.61,179.7703,-26.9929,3.2226
2024-05-07,yellow,Yellow Medallion Taxi,weekday,false,,8746,260055.1,21486.71,6881614.0,5656,6148,27246.67,133780.09,9682.1592,-958.8754,22.7162
2024-05-08,fhvhv,High Volume For Hire Vehicle,weekday,false,,58312,1878291.88,261621.59,84142730.0,15068,58312,75488.45,1527832.85,61335.4772,-3101.3327,77.8555
2024-05-08,green,Green Boro Taxi,weekday,false,,171,5038.4,496.25,158277.0,101,110,561.3,2710.77,178.624,-12.8505,5.2265
2024-05-08,yellow,Yellow Medallion Taxi,weekday,false,,9230,271559.07,22523.64,7224160.0,5946,6421,28141.06,136927.03,9689.3491,-520.0048,60.6558
2024-05-09,fhvhv,High Volume For Hire Vehicle,weekday,false,,62479,2007102.54,279444.51,89979384.0,16178,62479,80848.86,1633752.11,61322.5894,1111.9247,44.486
2024-05-09,green,Green Boro Taxi,weekday,false,,209,6705.87,664.04,211329.0,140,146,832.55,3850.35,177.6703,25.9158,5.414
2024-05-09,yellow,Yellow Medallion Taxi,weekday,false,,9780,285630.14,23619.07,7565793.0,6236,6784,29143.63,145526.84,9691.9268,101.2612,-13.1879
2024-05-10,fhvhv,High Volume For Hire Vehicle,weekday,false,,70443,2272721.6,316963.3,101823023.0,18370,70443,91436.81,1849014.11,61320.3283,9515.5052,-392.8334
2024-05-10,green,Green Boro Taxi,weekday,false,,189,5939.52,602.62,186445.0,119,128,663.64,3348.78,176.846,33.332,-21.178
2024-05-10,yellow,Yellow Medallion Taxi,weekday,false,,11222,330375.92,27203.48,8757976.0,7252,7822,33987.59,167417.82,9689.4294,1491.8768,40.6939
2024-05-11,fhvhv,High Volume For Hire Vehicle,weekend,false,,75212,2317172.11,337677.06,98410689.0,19652,75212,92844.29,1880011.6,61327.2555,13895.8593,-11.1148
2024-05-11,green,Green Boro Taxi,weekend,false,,198,6327.91,657.82,193950.0,134,142,779.14,3753.36,176.1368,30.7999,-8.9368
2024-05-11,yellow,Yellow Medallion Taxi,weekend,false,,11984,339974.24,29085.55,8440763.0,7715,8310,34878.44,171839.54,9685.1416,2254.681,44.1775
2024-05-12,fhvhv,High Volume For Hire Vehicle,weekend,false,,55172,1686069.64,245505.6,71303018.0,14176,55172,67904.28,1366889.73,61342.6833,-6100.697,-69.9863
2024-05-12,green,Green Boro Taxi,weekend,false,,161,5541.55,557.03,180399.0,103,112,694.08,3460.85,175.5439,-14.1891,-0.3548
2024-05-12,yellow,Yellow Medallion Taxi,weekend,false,,8606,246567.72,21228.56,6220631.0,5533,5946,25666.67,124295.17,9681.0615,-1023.6897,-51.3718
2024-05-13,fhvhv,High Volume For Hire Vehicle,weekday,false,,52535,1673121.52,232568.51,74796409.0,13872,52535,67206.52,1361361.67,61365.4523,-8763.8002,-66.652
2024-05-13,green,Green Boro Taxi,weekday,false,,138,4388.76,425.86,143656.0,94,97,511.67,2431.32,175.2849,-37.996,0.7111
2024-05-13,yellow,Yellow Medallion Taxi,weekday,false,,8287,243583.35,19917.92,6429349.0,5398,5829,25314.84,125217.38,9677.4239,-1357.9237,-32.5002
2024-05-14,fhvhv,High Volume For Hire Vehicle,weekday,false,,54798,1747252.44,243137.71,78034608.0,14104,54798,69694.13,1421207.4,61394.778,-6520.1856,-76.5923
2024-05-14,green,Green Boro Taxi,weekday,false,,151,5024.69,498.51,162278.0,101,108,592.08,2898.01,175.6976,-22.88,-1.8176
2024-05-14,yellow,Yellow Medallion Taxi,weekday,false,,8706,259803.59,21650.61,6949663.0,5558,6021,26902.18,131988.05,9676.4191,-958.6986,-11.7205
2024-05-15,fhvhv,High Volume For Hire Vehicle,weekday,false,,58432,1878505.32,262050.09,84064871.0,15063,58432,74902.36,1528506.96,61427.865,-3153.649,157.784
2024-05-15,green,Green Boro Taxi,weekday,false,,156,4759.99,468.54,152262.0,99,107,543.01,2718.83,176.6907,-16.3156,-4.3751
2024-05-15,yellow,Yellow Medallion Taxi,weekday,false,,9073,267172.27,22122.81,7109089.0,5805,6321,27414.56,135857.64,9677.9534,-507.8627,-97.0906
2024-05-16,fhvhv,High Volume For Hire Vehicle,weekday,false,,62604,2006960.69,279760.7,89879157.0,16125,62604,80328.7,1634032.19,61456.0576,996.9195,151.0228
2024-05-16,green,Green Boro Taxi,weekday,false,,202,5994.61,592.54,191102.0,127,142,653.6,3342.73,177.8037,23.9668,0.2295
2024-05-16,yellow,Yellow Medallion Taxi,weekday,false,,9819,291502.5,24164.3,7765056.0,6301,6807,30062.04,147730.1,9682.0556,80.9107,56.0337
2024-05-17,fhvhv,High Volume For Hire Vehicle,weekday,false,,70905,2274098.96,316702.85,101760780.0,18463,70905,91529.97,1850076.64,61470.7571,9471.8795,-37.6366
2024-05-17,green,Green Boro Taxi,weekday,false,,224,6982.38,697.99,225289.0,145,157,766.86,3807.79,178.5656,35.794,9.6404
2024-05-17,yellow,Yellow Medallion Taxi,weekday,false,,11198,330582.97,27304.67,8771062.0,7133,7760,33712.64,167343.47,9690.0277,1480.6194,27.3529
2024-05-18,fhvhv,High Volume For Hire Vehicle,weekend,false,,75740,2331122.52,340024.45,99042585.0,19485,75740,92595.28,1892636.06,61472.3495,14123.9868,143.6638
2024-05-18,green,Green Boro Taxi,weekend,false,,208,6582.87,690.78,205591.0,129,147,728.51,3813.73,179.0708,30.4566,-1.5275
2024-05-18,yellow,Yellow Medallion Taxi,weekend,false,,11782,332710.31,28686.38,8360656.0,7582,8223,34094.43,168422.05,9698.9207,2295.8474,-212.7681
2024-05-19,fhvhv,High Volume For Hire Vehicle,weekend,false,,55391,1700058.59,247749.88,72159249.0,14442,55391,68006.55,1379910.46,61467.1794,-6089.8372,13.6579
2024-05-19,green,Green Boro Taxi,weekend,false,,176,5831.67,601.83,172777.0,127,140,774.45,3873.41,179.4664,-10.847,7.3807
2024-05-19,yellow,Yellow Medallion Taxi,weekend,false,,8753,245682.1,21171.08,6129447.0,5587,6062,24995.39,122881.84,9705.1598,-1000.2101,48.0503
2024-05-20,fhvhv,High Volume For Hire Vehicle,weekday,false,,52741,1688327.05,235129.17,75581655.0,13571,52741,66518.06,1374291.8,61462.2667,-8763.928,42.6613
2024-05-20,green,Green Boro Taxi,weekday,false,,135,4180.62,421.35,136124.0,80,93,417.22,2271.81,179.7744,-37.8559,-6.9184
2024-05-20,yellow,Yellow Medallion Taxi,weekday,false,,8325,248000.29,20550.75,6618250.0,5251,5682,25222.35,124504.73,9708.6182,-1356.164,-27.4542
2024-05-21,fhvhv,High Volume For Hire Vehicle,weekday,false,,54837,1747368.05,243038.9,77977454.0,14204,54837,70494.16,1420682.42,61464.2289,-6562.7185,-64.5105
2024-05-21,green,Green Boro Taxi,weekday,false,,163,4717.14,450.08,150209.0,101,110,547.31,2632.85,179.7044,-22.7418,6.0373
2024-05-21,yellow,Yellow Medallion Taxi,weekday,false,,8734,259825.87,21418.02,6889152.0,5613,6056,27086.87,132612.4,9709.4142,-1000.9408,25.5266
2024-05-22,fhvhv,High Volume For Hire Vehicle,weekday,false,,57990,1863434.31,259701.81,83503638.0,15054,57990,74622.03,1516913.79,61479.9186,-3273.0105,-216.9081
2024-05-22,green,Green Boro Taxi,weekday,false,,154,4915.72,478.01,155867.0,99,104,603.95,2753.97,179.294,-17.7297,-7.5642
2024-05-22,yellow,Yellow Medallion Taxi,weekday,false,,9285,273335.07,22254.57,7151405.0,5932,6400,28183.93,136997.45,9707.6752,-514.4362,91.7611
2024-05-23,fhvhv,High Volume For Hire Vehicle,weekday,false,,62125,1985042.77,276400.59,88773852.0,16109,62125,78782.04,1615426.71,61523.8988,952.8645,-351.7633
2024-05-23,green,Green Boro Taxi,weekday,false,,164,5178.77,502.89,160692.0,109,116,671.38,3132.68,178.9587,17.2706,-32.2293
2024-05-23,yellow,Yellow Medallion Taxi,weekday,false,,9739,286867.47,23694.67,7649605.0,6247,6742,29483.81,144251.21,9705.5154,75.7236,-42.239
2024-05-24,fhvhv,High Volume For Hire Vehicle,weekday,false,,71144,2268470.89,315307.64,101225773.0,18521,71144,92027.72,1843686.1,61592.6177,9511.1209,40.2614
2024-05-24,green,Green Boro Taxi,weekday,false,,219,6965.76,680.65,218829.0,155,165,870.88,4294.85,179.0066,37.9851,2.0082
2024-05-24,yellow,Yellow Medallion Taxi,weekday,false,,11119,327958.46,27032.72,8681090.0,7164,7732,34034.81,166439.96,9703.4308,1466.2042,-50.635
2024-05-25,fhvhv,High Volume For Hire Vehicle,weekend,false,,75831,2327933.17,339434.25,98943031.0,19720,75831,92881.38,1891022.31,61685.3918,14334.4341,-188.8258
2024-05-25,green,Green Boro Taxi,weekend,false,,216,6718.34,700.98,207041.0,138,155,783.89,3960.76,179.0648,32.4501,4.4851
2024-05-25,yellow,Yellow Medallion Taxi,weekend,false,,12032,339418.54,29272.16,8495222.0,7707,8334,34885.55,171688.56,9702.7508,2328.1652,1.084
2024-05-26,fhvhv,High Volume For Hire Vehicle,weekend,false,,55677,1701332.41,247804.34,72113696.0,14387,55677,67844.78,1380922.13,61813.4005,-6087.0903,-49.3101
2024-05-26,green,Green Boro Taxi,weekend,false,,164,4864.59,505.11,147662.0,102,118,549.02,2999.39,178.9137,-6.8392,-8.0745
2024-05-26,yellow,Yellow Medallion Taxi,weekend,false,,8728,249217.4,21466.54,6227466.0,5607,6059,25764.86,127321.51,9707.1253,-980.888,1.7628
2024-05-27,fhvhv,High Volume For Hire Vehicle,weekday,true,Memorial Day,32694,1043565.8,145112.2,46616017.0,8515,32694,41803.81,848552.49,61989.2939,-8824.5633,-20470.7305
2024-05-27,green,Green Boro Taxi,weekday,true,Memorial Day,113,3266.01,323.94,100900.0,74,79,341.31,1890.52,178.4297,-35.1174,-30.3123
2024-05-27,yellow,Yellow Medallion Taxi,weekday,true,Memorial Day,5220,154312.28,12745.86,4099617.0,3365,3621,16133.77,77786.72,9718.9645,-1357.2495,-3141.715
2024-05-28,fhvhv,High Volume For Hire Vehicle,weekday,false,,55702,1768070.88,245864.53,78912668.0,14327,55702,70004.08,1438502.72,62182.707,-6624.6411,143.934
2024-05-28,green,Green Boro Taxi,weekday,false,,156,4696.2,484.04,146473.0,98,105,483.48,2347.73,177.8026,-25.243,3.4404
2024-05-28,yellow,Yellow Medallion Taxi,weekday,false,,8662,257169.36,21406.89,6871089.0,5576,5999,26671.59,129874.47,9739.4665,-1020.4983,-56.9682
2024-05-29,fhvhv,High Volume For Hire Vehicle,weekday,false,,58561,1878232.18,261720.67,84097970.0,15245,58561,75381.19,1528766.44,62369.8113,-3290.6218,-518.1896
2024-05-29,green,Green Boro Taxi,weekday,false,,170,5792.43,570.63,188043.0,109,118,726.61,3327.51,177.0636,-18.5502,11.4867
2024-05-29,yellow,Yellow Medallion Taxi,weekday,false,,9206,270140.24,22276.16,7162510.0,5835,6293,27546.8,134340.99,9766.3569,-511.7887,-48.5681
2024-05-30,fhvhv,High Volume For Hire Vehicle,weekday,false,,62501,2003607.09,279040.26,89682901.0,16218,62501,79639.67,1630406.75,62547.1094,902.0151,-948.1246
2024-05-30,green,Green Boro Taxi,weekday,false,,185,6494.86,652.26,215971.0,116,128,722.3,3341.85,176.3484,10.7613,-2.1097
2024-05-30,yellow,Yellow Medallion Taxi,weekday,false,,9805,291494.5,24133.98,7824582.0,6227,6785,29943.24,147964.49,9794.5687,88.5479,-78.1166
2024-05-31,fhvhv,High Volume For Hire Vehicle,weekday,false,,71087,2270890.3,316424.33,101449602.0,18524,71087,91292.23,1847580.91,62726.9507,9525.8557,-1165.8063
2024-05-31,green,Green Boro Taxi,weekday,false,,208,6293.44,628.11,204146.0,122,135,636.11,3388.27,175.6708,36.6921,-4.3629
2024-05-31,yellow,Yellow Medallion Taxi,weekday,false,,11274,335626.98,27788.98,8908670.0,7199,7754,34705.14,169703.16,9824.0462,1442.5396,7.4142
2024-06-01,fhvhv,High Volume For Hire Vehicle,weekend,false,,77489,2373152.37,345416.37,100628585.0,20248,77489,95219.39,1925305.05,62902.9689,14482.9119,103.1192
2024-06-01,green,Green Boro Taxi,weekend,false,,205,6127.8,628.23,186232.0,129,138,730.05,3415.98,174.9865,36.8591,-6.8456
2024-06-01,yellow,Yellow Medallion Taxi,weekend,false,,12316,352286.62,30470.97,8794178.0,7884,8498,36348.17,177612.43,9857.5003,2335.6794,122.8203
2024-06-02,fhvhv,High Volume For Hire Vehicle,weekend,false,,57085,1739490.16,253313.13,73622553.0,14738,57085,69644.65,1411553.76,63068.5519,-6117.0369,133.485
2024-06-02,green,Green Boro Taxi,weekend,false,,173,5242.83,540.99,165622.0,111,118,535.46,2668.43,174.3894,-4.5578,3.1685
2024-06-02,yellow,Yellow Medallion Taxi,weekend,false,,8927,256415.15,22215.69,6458170.0,5773,6236,26869.8,131438.06,9892.1809,-977.6451,12.4642
2024-06-03,fhvhv,High Volume For Hire Vehicle,weekday,false,,54391,1742529.56,242799.76,77948841.0,14085,54391,69629.48,1417910.17,63219.9927,-8888.4408,59.4481
2024-06-03,green,Green Boro Taxi,weekday,false,,146,5189.78,521.52,165425.0,94,102,650.36,3121.97,174.2301,-30.8925,2.6624
2024-06-03,yellow,Yellow Medallion Taxi,weekday,false,,8641,255476.56,21037.49,6779081.0,5514,5957,25932.92,128663.63,9922.607,-1357.4168,75.8097
2024-06-04,fhvhv,High Volume For Hire Vehicle,weekday,false,,56567,1814215.21,252093.64,81236803.0,14884,56567,73812.02,1475360.68,63328.9421,-6641.7113,-120.2307
2024-06-04,green,Green Boro Taxi,weekday,false,,137,4335.39,425.5,139914.0,82,85,490.42,2322.0,174.6552,-27.9592,-9.6959
2024-06-04,yellow,Yellow Medallion Taxi,weekday,false,,8890,264758.93,21914.12,7028663.0,5723,6227,27517.68,136332.91,9945.8092,-1022.4754,-33.3339
2024-06-05,fhvhv,High Volume For Hire Vehicle,weekday,false,,60325,1933563.44,269898.88,86390797.0,15515,60325,77070.92,1573217.94,63389.6332,-3253.7631,189.1298
2024-06-05,green,Green Boro Taxi,weekday,false,,154,4650.56,454.81,150990.0,97,105,501.53,2584.95,175.4784,-19.0832,-2.3952
2024-06-05,yellow,Yellow Medallion Taxi,weekday,false,,9454,277402.78,22939.43,7386189.0,6057,6581,28450.64,140116.71,9960.1971,-514.4692,8.272
2024-06-06,fhvhv,High Volume For Hire Vehicle,weekday,false,,64492,2078899.21,289948.26,93186111.0,16805,64492,83239.34,1692037.84,63425.2851,856.6119,210.103
2024-06-06,green,Green Boro Taxi,weekday,false,,184,6266.05,612.91,201668.0,131,140,807.39,3773.26,176.4048,4.1269,3.4683
2024-06-06,yellow,Yellow Medallion Taxi,weekday,false,,10142,299157.3,24775.56,7933848.0,6528,7059,30731.95,151520.33,9969.4168,109.1044,63.4788
2024-06-07,fhvhv,High Volume For Hire Vehicle,weekday,false,,73051,2340659.86,326849.53,104719194.0,18796,73051,92396.0,1906056.72,63450.0558,9523.0583,77.8859
2024-06-07,green,Green Boro Taxi,weekday,false,,212,6597.0,655.32,202577.0,132,145,825.44,3748.52,177.3237,36.4625,-1.7862
2024-06-07,yellow,Yellow Medallion Taxi,weekday,false,,11439,337184.55,27985.35,8983598.0,7421,8032,35448.24,173045.62,9979.123,1427.0015,32.8755
2024-06-08,fhvhv,High Volume For Hire Vehicle,weekend,false,,78221,2403539.21,350002.91,102080681.0,20383,78221,96166.51,1950548.17,63466.1547,14589.9496,164.8957
2024-06-08,green,Green Boro Taxi,weekend,false,,222,7052.64,734.08,214290.0,143,156,856.78,4034.83,178.1685,41.3312,2.5003
2024-06-08,yellow,Yellow Medallion Taxi,weekend,false,,12260,353167.13,30146.6,8841576.0,7851,8510,36605.92,179424.77,9990.9998,2336.7542,-67.754
2024-06-09,fhvhv,High Volume For Hire Vehicle,weekend,false,,57274,1765144.14,257741.52,75033587.0,14931,57274,70743.42,1433630.6,63470.8489,-6176.126,-20.7229
2024-06-09,green,Green Boro Taxi,weekend,false,,179,5276.95,552.93,157031.0,122,137,605.98,3230.74,179.0871,-3.7315,3.6444
2024-06-09,yellow,Yellow Medallion Taxi,weekend,false,,8992,256743.85,22297.91,6522954.0,5828,6296,26633.59,130195.51,10001.2453,-981.4228,-27.8225
2024-06-10,fhvhv,High Volume For Hire Vehicle,weekday,false,,54351,1749830.52,244112.36,78332983.0,14007,54351,69992.44,1423707.16,63464.4076,-8948.6672,-164.7404
2024-06-10,green,Green Boro Taxi,weekday,false,,153,4585.6,446.5,142650.0,100,107,563.92,2609.99,179.8696,-25.4895,-1.3801
2024-06-10,yellow,Yellow Medallion Taxi,weekday,false,,8550,255349.44,21068.4,6782804.0,5474,5916,26052.49,128010.51,10008.8194,-1357.8155,-101.0039
2024-06-11,fhvhv,High Volume For Hire Vehicle,weekday,false,,56736,1821236.21,254010.37,81551569.0,14568,56736,71686.53,1482650.1,63455.6506,-6611.427,-108.2236
2024-06-11,green,Green Boro Taxi,weekday,false,,151,4663.93,467.18,150718.0,91,102,494.41,2511.04,180.2646,-28.7142,-0.5504
2024-06-11,yellow,Yellow Medallion Taxi,weekday,false,,9116,269448.42,22199.41,7123373.0,5802,6285,27345.29,135073.74,10015.1873,-1012.0951,112.9077
2024-06-12,fhvhv,High Volume For Hire Vehicle,weekday,false,,60309,1933476.34,269653.76,86431180.0,15579,60309,77276.46,1573037.92,63459.5824,-3169.4543,18.872
2024-06-12,green,Green Boro Taxi,weekday,false,,161,5140.53,512.11,164607.0,101,106,586.77,2639.35,180.2714,-24.5591,5.2878
2024-06-12,yellow,Yellow Medallion Taxi,weekday,false,,9525,281893.07,23560.48,7545273.0,6126,6633,29063.38,143713.26,10022.7991,-535.7008,37.9017
2024-06-13,fhvhv,High Volume For Hire Vehicle,weekday,false,,64295,2058705.14,286701.45,91990494.0,16757,64295,83444.37,1674137.05,63480.2262,777.1783,37.5955
2024-06-13,green,Green Boro Taxi,weekday,false,,174,5537.09,541.71,174639.0,114,123,679.94,3324.09,179.8522,1.0558,-6.9079
2024-06-13,yellow,Yellow Medallion Taxi,weekday,false,,10218,303792.04,25177.29,8115294.0,6537,7070,31068.45,152818.18,10030.8701,135.559,51.5708
2024-06-14,fhvhv,High Volume For Hire Vehicle,weekday,false,,72870,2328047.89,323735.24,104097012.0,18819,72870,93257.22,1893644.27,63514.5487,9560.8046,-205.3534
2024-06-14,green,Green Boro Taxi,weekday,false,,241,7130.1,708.97,218850.0,168,179,866.91,4333.83,178.9727,37.2355,24.7918
2024-06-14,yellow,Yellow Medallion Taxi,weekday,false,,11425,339072.56,28021.92,9001720.0,7393,8011,35026.49,172209.38,10035.5294,1430.9018,-41.4312
2024-06-15,fhvhv,High Volume For Hire Vehicle,weekend,false,,78146,2406240.45,350872.77,102222439.0,20416,78146,96330.35,1953148.19,63554.7786,14695.834,-104.6127
2024-06-15,green,Green Boro Taxi,weekend,false,,257,7723.87,814.15,235217.0,163,183,841.88,4361.91,177.8495,44.3702,34.7802
2024-06-15,yellow,Yellow Medallion Taxi,weekend,false,,12356,348804.92,29951.75,8701097.0,7963,8620,35928.93,176622.93,10029.9338,2338.3171,-12.2509
2024-06-16,fhvhv,High Volume For Hire Vehicle,weekend,false,,57383,1757173.83,255841.08,74549191.0,15082,57383,70903.06,1426121.76,63591.9996,-6252.5432,43.5436
2024-06-16,green,Green Boro Taxi,weekend,false,,175,5440.67,559.25,171084.0,112,119,629.93,2930.25,176.8866,-6.279,4.3923
2024-06-16,yellow,Yellow Medallion Taxi,weekend,false,,9091,260434.31,22544.41,6600308.0,5866,6331,26999.54,132561.61,10016.6599,-991.7943,66.1344
2024-06-17,fhvhv,High Volume For Hire Vehicle,weekday,false,,54872,1749514.28,243353.49,78243736.0,14086,54872,69344.03,1423842.19,63619.742,-9009.1588,261.4168
2024-06-17,green,Green Boro Taxi,weekday,false,,155,4756.95,480.45,148761.0,104,109,540.02,2589.09,176.2051,-23.3227,2.1176
2024-06-17,yellow,Yellow Medallion Taxi,weekday,false,,8694,257739.01,21364.82,6867159.0,5555,6017,26396.01,130433.23,10003.1508,-1394.7749,85.6241
2024-06-18,fhvhv,High Volume For Hire Vehicle,weekday,false,,57209,1833500.4,255238.76,82003119.0,14787,57209,73586.15,1491245.54,63639.4306,-6488.7185,58.2879
2024-06-18,green,Green Boro Taxi,weekday,false,,147,4301.63,418.85,132471.0,96,101,521.18,2498.62,175.6209,-25.4039,-3.217
2024-06-18,yellow,Yellow Medallion Taxi,weekday,false,,8934,265642.91,22247.82,7150334.0,5711,6149,27058.13,133412.93,9992.3305,-985.9799,-72.3507
2024-06-19,fhvhv,High Volume For Hire Vehicle,weekday,true,Juneteenth National Independence Day,37411,1199493.18,167325.42,53536881.0,9720,37411,48138.39,975186.62,63653.5515,-3164.4978,-23078.0537
2024-06-19,green,Green Boro Taxi,weekday,true,Juneteenth National Independence Day,126,3746.04,365.71,118604.0,79,87,430.62,2113.21,175.2065,-27.3055,-21.9009
2024-06-19,yellow,Yellow Medallion Taxi,weekday,true,Juneteenth National Independence Day,5983,174485.99,14435.04,4598373.0,3874,4166,18090.08,88332.85,9983.9563,-544.7375,-3456.2187
2024-06-20,fhvhv,High Volume For Hire Vehicle,weekday,false,,64167,2047020.65,285237.75,91350579.0,16733,64167,82131.85,1664978.19,63658.6944,523.6914,-15.3857
2024-06-20,green,Green Boro Taxi,weekday,false,,171,5339.99,532.32,169024.0,107,121,619.92,3106.76,175.2593,0.77,-5.0293
2024-06-20,yellow,Yellow Medallion Taxi,weekday,false,,10054,294022.39,24354.54,7796405.0,6440,6981,30282.08,148989.52,9976.8814,150.3044,-73.1858
2024-06-21,fhvhv,High Volume For Hire Vehicle,weekday,false,,73437,2359528.18,328568.5,105676577.0,19124,73437,94440.03,1919751.69,63648.3534,9597.8643,190.7823
2024-06-21,green,Green Boro Taxi,weekday,false,,212,6676.38,642.99,211334.0,135,142,803.65,3831.44,175.8383,38.1598,-1.9982
2024-06-21,yellow,Yellow Medallion Taxi,weekday,false,,11388,338836.32,27904.74,9040871.0,7337,7894,35328.0,172231.18,9968.5407,1441.5548,-22.0955
2024-06-22,fhvhv,High Volume For Hire Vehicle,weekend,false,,78369,2389021.62,347485.24,101280788.0,20145,78369,95283.05,1939196.56,63622.7677,14805.0045,-58.7722
2024-06-22,green,Green Boro Taxi,weekend,false,,229,6206.32,635.76,181725.0,144,154,715.2,3512.22,176.711,46.7187,5.5703
2024-06-22,yellow,Yellow Medallion Taxi,weekend,false,,12333,351147.47,30217.18,8837618.0,7935,8592,36360.02,178770.32,9962.2942,2348.5983,22.1075
2024-06-23,fhvhv,High Volume For Hire Vehicle,weekend,false,,57232,1759250.19,256610.08,74730673.0,14825,57232,70043.04,1428533.18,63585.7121,-6327.5544,-26.1576
2024-06-23,green,Green Boro Taxi,weekend,false,,163,5167.89,534.2,160824.0,100,112,619.65,2925.55,177.8366,-12.3199,-2.5167
2024-06-23,yellow,Yellow Medallion Taxi,weekend,false,,8935,254029.2,21799.62,6362195.0,5789,6267,26131.74,128931.23,9964.3348,-1001.5375,-27.7973
2024-06-24,fhvhv,High Volume For Hire Vehicle,weekday,false,,54448,1746698.13,243715.35,78033770.0,14274,54448,70993.92,1420698.04,63535.2588,-9113.6474,26.3886
2024-06-24,green,Green Boro Taxi,weekday,false,,190,5948.31,602.61,191888.0,117,130,599.72,3054.16,179.0008,-23.4288,34.428
2024-06-24,yellow,Yellow Medallion Taxi,weekday,false,,8558,251778.22,20558.14,6604092.0,5529,5975,25999.94,128411.36,9974.6866,-1425.8718,9.1852
2024-06-25,fhvhv,High Volume For Hire Vehicle,weekday,false,,57176,1827399.19,254757.19,81722533.0,14598,57176,72593.26,1487646.63,63460.9882,-6368.8247,83.8366
2024-06-25,green,Green Boro Taxi,weekday,false,,176,5805.77,587.94,187908.0,116,125,642.36,3195.18,179.9425,-22.3159,18.3734
2024-06-25,yellow,Yellow Medallion Taxi,weekday,false,,9062,266236.6,21949.5,7050294.0,5882,6381,27581.47,135802.05,9986.2574,-978.9722,54.7148
2024-06-26,fhvhv,High Volume For Hire Vehicle,weekday,false,,60200,1937805.9,269964.99,86758746.0,15670,60200,78442.17,1576082.86,63342.127,-3228.0927,85.9657
2024-06-26,green,Green Boro Taxi,weekday,false,,147,4635.76,457.96,149884.0,92,97,522.8,2538.02,180.4482,-27.1187,-6.3295
2024-06-26,yellow,Yellow Medallion Taxi,weekday,false,,9363,278514.33,23221.66,7478577.0,6073,6527,29177.65,142735.65,9986.9052,-550.2064,-73.6988
2024-06-27,fhvhv,High Volume For Hire Vehicle,weekday,false,,64900,2082008.56,289693.52,93143722.0,16913,64900,83991.67,1693042.73,63200.4205,723.0693,976.5102
2024-06-27,green,Green Boro Taxi,weekday,false,,189,6106.62,602.82,192186.0,121,129,733.62,3461.79,180.4751,2.9779,5.547
2024-06-27,yellow,Yellow Medallion Taxi,weekday,false,,10167,301796.06,24975.67,8031288.0,6591,7134,31510.77,154366.32,9974.7773,184.4355,7.7872
2024-06-28,fhvhv,High Volume For Hire Vehicle,weekday,false,,73645,2341266.12,325787.44,104344670.0,19313,73645,94771.93,1903383.38,63058.0912,9618.9899,967.9189
2024-06-28,green,Green Boro Taxi,weekday,false,,221,6713.58,678.29,206185.0,132,147,758.96,3706.44,180.2284,35.6328,5.1388
2024-06-28,yellow,Yellow Medallion Taxi,weekday,false,,11541,338778.43,28048.45,9017155.0,7376,8002,34750.91,170874.79,9960.7599,1448.8188,131.4212
2024-06-29,fhvhv,High Volume For Hire Vehicle,weekend,false,,77909,2366484.95,343934.62,100011208.0,20258,77909,94198.32,1918838.12,62914.5883,14771.9221,222.4895
2024-06-29,green,Green Boro Taxi,weekend,false,,218,6450.29,667.3,203052.0,130,138,686.25,3369.68,179.691,47.386,-9.077
2024-06-29,yellow,Yellow Medallion Taxi,weekend,false,,12457,352780.51,30395.69,8819626.0,8065,8711,36604.19,179640.66,9946.4984,2334.9996,175.5021
2024-06-30,fhvhv,High Volume For Hire Vehicle,weekend,false,,57855,1777433.36,259516.45,75262514.0,15136,57855,72161.31,1441766.25,62766.5154,-6372.3339,1460.8185
2024-06-30,green,Green Boro Taxi,weekend,false,,194,5725.26,594.65,171714.0,128,139,660.38,3167.36,179.0043,-15.8716,30.8674
2024-06-30,yellow,Yellow Medallion Taxi,weekend,false,,9251,262131.2,22794.69,6583521.0,5892,6405,26558.56,132891.01,9927.1609,-1015.5608,339.3999
2024-07-01,fhvhv,High Volume For Hire Vehicle,weekday,false,,53234,1694775.22,235804.86,75680005.0,13854,53234,67473.55,1378741.27,62612.2255,-9117.9636,-260.2619
2024-07-01,green,Green Boro Taxi,weekday,false,,158,5167.03,502.02,167263.0,111,114,629.24,3059.83,178.6091,-24.0522,3.4431
2024-07-01,yellow,Yellow Medallion Taxi,weekday,false,,8392,247747.79,20631.74,6665891.0,5467,5872,26048.07,126364.26,9902.5271,-1445.6056,-64.9215
2024-07-02,fhvhv,High Volume For Hire Vehicle,weekday,false,,56116,1799020.52,250872.92,80508444.0,14488,56116,71389.54,1464387.0,62460.4493,-6411.7398,67.2904
2024-07-02,green,Green Boro Taxi,weekday,false,,151,5029.96,503.62,160415.0,98,105,575.86,3040.96,178.1656,-18.9714,-8.1942
2024-07-02,yellow,Yellow Medallion Taxi,weekday,false,,8876,264942.5,22075.08,7124168.0,5631,6090,27037.85,132955.72,9875.9913,-982.7232,-17.2681
2024-07-03,fhvhv,High Volume For Hire Vehicle,weekday,false,,58919,1883354.67,262032.86,84194266.0,15169,58919,74886.29,1531877.53,62331.1655,-3253.4795,-158.6861
2024-07-03,green,Green Boro Taxi,weekday,false,,158,5145.98,526.67,158632.0,96,107,579.35,2912.41,177.4272,-23.4893,4.0621
2024-07-03,yellow,Yellow Medallion Taxi,weekday,false,,9364,281959.52,23204.56,7454884.0,6040,6489,29348.78,142587.93,9845.7105,-547.6217,65.9112
2024-07-04,fhvhv,High Volume For Hire Vehicle,weekday,true,Independence Day,39307,1260793.94,175600.02,56242721.0,10426,39307,52093.0,1024148.91,62238.1647,768.511,-23699.6757
2024-07-04,green,Green Boro Taxi,weekday,true,Independence Day,120,4256.1,434.69,134670.0,80,84,534.91,2633.37,176.8979,4.7213,-61.6193
2024-07-04,yellow,Yellow Medallion Taxi,weekday,true,Independence Day,6087,178780.43,14901.49,4778152.0,3827,4170,18106.41,89601.55,9817.5206,218.6914,-3949.212
2024-07-05,fhvhv,High Volume For Hire Vehicle,weekday,false,,71707,2295534.91,319658.32,102662047.0,18626,71707,92066.71,1867557.06,62209.3374,9662.5487,-164.8862
2024-07-05,green,Green Boro Taxi,weekday,false,,207,6541.83,650.13,215338.0,113,130,647.22,3385.76,176.8123,31.2715,-1.0838
2024-07-05,yellow,Yellow Medallion Taxi,weekday,false,,11202,328609.86,27070.51,8691866.0,7186,7786,33692.07,165913.75,9800.4958,1467.7431,-66.2389
2024-07-06,fhvhv,High Volume For Hire Vehicle,weekend,false,,76087,2332383.28,339969.77,98852674.0,20034,76087,94224.15,1892415.52,62215.2515,14684.9191,-813.1705
2024-07-06,green,Green Boro Taxi,weekend,false,,232,6373.32,648.66,190167.0,146,163,718.48,3674.41,176.9284,44.0899,10.9817
2024-07-06,yellow,Yellow Medallion Taxi,weekend,false,,11981,341776.57,29361.59,8528961.0,7672,8322,35009.34,172933.29,9793.2695,2315.7423,-128.0118
2024-07-07,fhvhv,High Volume For Hire Vehicle,weekend,false,,55717,1709092.59,248902.14,72593014.0,14502,55717,67547.6,1387523.45,62220.5034,-6374.9752,-128.5282
2024-07-07,green,Green Boro Taxi,weekend,false,,152,5341.94,574.53,164750.0,100,107,628.43,2952.99,176.993,-17.5497,-7.4434
2024-07-07,yellow,Yellow Medallion Taxi,weekend,false,,8763,250709.37,21452.09,6223559.0,5639,6073,26020.27,126697.67,9789.6062,-1038.2553,11.6492
2024-07-08,fhvhv,High Volume For Hire Vehicle,weekday,false,,54063,1732558.09,241539.66,77370987.0,14130,54063,69832.0,1408784.0,62220.9728,-9040.4338,882.461
2024-07-08,green,Green Boro Taxi,weekday,false,,141,4569.57,456.1,146927.0,89,96,516.66,2599.09,177.0118,-22.9483,-13.0635
2024-07-08,yellow,Yellow Medallion Taxi,weekday,false,,8298,246958.49,20452.27,6583428.0,5406,5849,25659.34,126132.1,9789.1863,-1447.6708,-43.5155
2024-07-09,fhvhv,High Volume For Hire Vehicle,weekday,false,,56530,1815784.16,253175.84,81279533.0,14770,56530,72553.94,1477648.64,62243.1182,-6499.8427,786.7245
2024-07-09,green,Green Boro Taxi,weekday,false,,185,5785.04,575.49,186334.0,117,123,634.92,3073.47,177.0399,-17.6881,25.6482
2024-07-09,yellow,Yellow Medallion Taxi,weekday,false,,9007,268963.26,22484.41,7212476.0,5829,6272,27816.22,136888.41,9797.2935,-1004.9567,214.6632
2024-07-10,fhvhv,High Volume For Hire Vehicle,weekday,false,,59042,1897842.05,264870.22,85043849.0,15215,59042,74922.66,1545540.36,62283.7448,-3295.7353,53.9905
2024-07-10,green,Green Boro Taxi,weekday,false,,165,5705.42,589.58,180322.0,106,109,692.49,3112.42,177.3216,-18.9043,6.5827
2024-07-10,yellow,Yellow Medallion Taxi,weekday,false,,9248,275188.85,22878.77,7341195.0,6025,6517,28606.55,141208.1,9813.1853,-505.9013,-59.284
2024-07-11,fhvhv,High Volume For Hire Vehicle,weekday,false,,63304,2031563.65,283267.11,90878980.0,16266,63304,80821.44,1652983.0,62324.0838,946.4006,33.5156
2024-07-11,green,Green Boro Taxi,weekday,false,,183,5853.74,579.61,185994.0,124,133,729.98,3567.53,177.7503,4.8936,0.3561
2024-07-11,yellow,Yellow Medallion Taxi,weekday,false,,10132,295305.8,24514.4,7868655.0,6525,7088,30215.5,149676.56,9828.335,234.941,68.724
2024-07-12,fhvhv,High Volume For Hire Vehicle,weekday,false,,72125,2297436.68,319559.34,102678397.0,18629,72125,91925.51,1869433.35,62353.1807,9660.7691,111.0503
2024-07-12,green,Green Boro Taxi,weekday,false,,199,6231.75,606.94,200066.0,130,137,728.15,3513.32,178.24,28.6034,-7.8434
2024-07-12,yellow,Yellow Medallion Taxi,weekday,false,,11295,335148.71,27925.11,8937519.0,7344,7984,35000.32,173061.47,9840.6214,1472.4098,-18.0312
2024-07-13,fhvhv,High Volume For Hire Vehicle,weekend,false,,76873,2357775.95,343235.88,100008235.0,20185,76873,95442.41,1912702.87,62366.2247,14563.8578,-57.0826
2024-07-13,green,Green Boro Taxi,weekend,false,,219,6408.23,649.98,193848.0,134,149,709.18,3552.44,178.7066,39.7174,0.576
2024-07-13,yellow,Yellow Medallion Taxi,weekend,false,,12173,347525.17,29860.9,8749456.0,7871,8509,36114.69,176980.75,9849.3324,2277.258,46.4097
2024-07-14,fhvhv,High Volume For Hire Vehicle,weekend,false,,56111,1717869.22,250137.72,72883475.0,14630,56111,69171.19,1394328.94,62364.5245,-6317.6507,64.1262
2024-07-14,green,Green Boro Taxi,weekend,false,,170,5393.61,565.33,163521.0,118,127,643.81,3234.57,178.8629,-17.6575,8.7946
2024-07-14,yellow,Yellow Medallion Taxi,weekend,false,,8809,248278.59,21218.08,6137228.0,5649,6118,25445.96,125765.98,9854.8743,-1043.679,-2.1953
2024-07-15,fhvhv,High Volume For Hire Vehicle,weekday,false,,53489,1712380.7,238622.49,76566983.0,13961,53489,69643.52,1393307.47,62356.4384,-8900.1944,32.756
2024-07-15,green,Green Boro Taxi,weekday,false,,160,5250.08,546.83,170715.0,91,100,503.16,2590.09,178.9553,-19.0515,0.0962
2024-07-15,yellow,Yellow Medallion Taxi,weekday,false,,8496,252627.58,20761.31,6685613.0,5483,5941,26049.88,128868.52,9855.003,-1423.3018,64.2988
2024-07-16,fhvhv,High Volume For Hire Vehicle,weekday,false,,55629,1779583.32,247969.08,79498451.0,14437,55629,70805.08,1447480.98,62345.0901,-6587.177,-128.913
2024-07-16,green,Green Boro Taxi,weekday,false,,162,5370.86,552.3,169291.0,108,117,612.3,3087.09,179.2261,-16.8537,-0.3724
2024-07-16,yellow,Yellow Medallion Taxi,weekday,false,,8750,260663.32,21617.31,6981876.0,5733,6184,27360.14,134574.64,9849.1766,-1018.2839,-80.8926
2024-07-17,fhvhv,High Volume For Hire Vehicle,weekday,false,,59143,1889553.04,262896.98,84468054.0,15312,59143,75069.61,1537036.53,62335.5281,-3352.8952,160.3671
2024-07-17,green,Green Boro Taxi,weekday,false,,156,4980.77,497.07,160370.0,94,107,545.68,2894.9,179.8199,-15.3725,-8.4475
2024-07-17,yellow,Yellow Medallion Taxi,weekday,false,,9416,276616.72,22919.19,7350620.0,6092,6585,28467.78,141357.39,9837.8835,-489.144,67.2605
2024-07-18,fhvhv,High Volume For Hire Vehicle,weekday,false,,63019,2022089.14,281078.52,90600197.0,16414,63019,81727.44,1644961.7,62332.1548,804.3549,-117.5097
2024-07-18,green,Green Boro Taxi,weekday,false,,182,5653.18,551.85,185297.0,117,123,617.02,3133.98,180.6021,2.9411,-1.5433
2024-07-18,yellow,Yellow Medallion Taxi,weekday,false,,10032,296608.98,24597.1,7882818.0,6489,7029,30581.97,151137.91,9826.6139,203.2605,2.1256
2024-07-19,fhvhv,High Volume For Hire Vehicle,weekday,false,,72091,2311812.46,321919.69,103384291.0,18800,72091,93082.2,1880163.06,62334.6733,9690.6187,65.708
2024-07-19,green,Green Boro Taxi,weekday,false,,232,7567.49,754.74,238081.0,157,169,933.86,4517.25,181.3251,28.1071,22.5678
2024-07-19,yellow,Yellow Medallion Taxi,weekday,false,,11361,333567.97,27559.2,8828519.0,7240,7834,34231.65,168043.68,9818.2254,1471.0496,71.7249
2024-07-20,fhvhv,High Volume For Hire Vehicle,weekend,false,,76665,2348425.72,342808.66,99512142.0,19925,76665,93552.48,1906461.16,62343.2777,14455.6285,-133.9063
2024-07-20,green,Green Boro Taxi,weekend,false,,212,6248.49,646.32,187253.0,133,151,733.1,3839.65,181.9591,32.9443,-2.9034
2024-07-20,yellow,Yellow Medallion Taxi,weekend,false,,12024,343138.43,29576.8,8636003.0,7712,8368,35558.26,174872.09,9813.4224,2276.9734,-66.3958
2024-07-21,fhvhv,High Volume For Hire Vehicle,weekend,false,,56121,1715970.81,250078.52,72845222.0,14470,56121,68116.58,1393914.66,62359.5245,-6085.4596,-153.065
2024-07-21,green,Green Boro Taxi,weekend,false,,162,4458.13,461.04,130138.0,109,114,513.9,2453.45,182.4483,-14.3387,-6.1095
2024-07-21,yellow,Yellow Medallion Taxi,weekend,false,,8635,242238.45,20907.26,6060700.0,5580,6050,25256.38,124123.03,9811.1049,-1008.1391,-167.9659
2024-07-22,fhvhv,High Volume For Hire Vehicle,weekday,false,,53706,1714478.32,238938.24,76529298.0,13971,53706,68572.47,1394572.49,62383.7963,-8758.716,80.9196
2024-07-22,green,Green Boro Taxi,weekday,false,,182,5596.96,544.17,172133.0,122,133,692.87,3424.49,182.7434,-16.6194,15.876
2024-07-22,yellow,Yellow Medallion Taxi,weekday,false,,8380,248710.67,20657.33,6630940.0,5437,5895,25740.47,127772.55,9811.0497,-1377.3509,-53.6988
2024-07-23,fhvhv,High Volume For Hire Vehicle,weekday,false,,55839,1786493.46,249109.65,79798973.0,14280,55839,71491.61,1453340.95,62416.2965,-6621.3675,44.071
2024-07-23,green,Green Boro Taxi,weekday,false,,171,5661.78,566.18,185620.0,110,121,652.08,3324.57,182.7894,-18.2679,6.4784
2024-07-23,yellow,Yellow Medallion Taxi,weekday,false,,8815,257707.85,21212.25,6801333.0,5635,6083,26307.35,129178.36,9811.7552,-1012.1668,15.4115
2024-07-24,fhvhv,High Volume For Hire Vehicle,weekday,false,,58865,1885691.02,262487.33,84368435.0,15522,58865,76143.32,1534069.52,62457.4372,-3468.1424,-124.2948
2024-07-24,green,Green Boro Taxi,weekday,false,,170,5997.55,603.17,192240.0,120,123,776.9,3619.53,182.4266,-12.9883,0.5617
2024-07-24,yellow,Yellow Medallion Taxi,weekday,false,,9323,273578.58,22600.88,7260841.0,6066,6553,28420.18,138637.06,9815.2315,-499.943,7.7115
2024-07-25,fhvhv,High Volume For Hire Vehicle,weekday,false,,63199,2031172.77,283437.45,91059334.0,16392,63199,80450.4,1654448.59,62503.4221,669.3189,26.259
2024-07-25,green,Green Boro Taxi,weekday,false,,186,6356.81,646.73,203247.0,113,125,768.16,3693.26,181.7547,2.1214,2.124
2024-07-25,yellow,Yellow Medallion Taxi,weekday,false,,9947,289904.6,24052.74,7767609.0,6407,6926,29663.39,146050.2,9823.2609,93.7555,29.9836
2024-07-26,fhvhv,High Volume For Hire Vehicle,weekday,false,,72118,2307813.7,321697.42,103049096.0,18768,72118,92958.95,1876845.47,62560.7253,9584.0963,-26.8215
2024-07-26,green,Green Boro Taxi,weekday,false,,203,6276.9,628.54,195579.0,140,157,748.75,3909.37,180.8521,30.7761,-8.6283
2024-07-26,yellow,Yellow Medallion Taxi,weekday,false,,11304,337625.1,27996.16,9003123.0,7281,7883,35193.42,172603.83,9831.0068,1471.7917,1.2015
2024-07-27,fhvhv,High Volume For Hire Vehicle,weekend,false,,77110,2367881.54,345403.94,100456131.0,19936,77110,94218.82,1921991.2,62625.9525,14446.9026,37.1449
2024-07-27,green,Green Boro Taxi,weekend,false,,207,5876.3,604.8,177591.0,136,152,664.05,3368.25,179.4046,28.4974,-0.902
2024-07-27,yellow,Yellow Medallion Taxi,weekend,false,,12196,344020.31,29612.71,8587617.0,7922,8546,35257.85,173882.13,9823.2994,2278.1273,94.5732
2024-07-28,fhvhv,High Volume For Hire Vehicle,weekend,false,,56107,1725063.68,251356.94,73230414.0,14690,56107,70108.31,1399772.53,62699.0948,-5807.6806,-784.4142
2024-07-28,green,Green Boro Taxi,weekend,false,,169,5104.0,542.41,156297.0,105,111,564.81,2849.95,177.7572,-13.1573,4.4001
2024-07-28,yellow,Yellow Medallion Taxi,weekend,false,,8863,251812.98,21740.73,6355713.0,5651,6150,26093.58,128730.97,9799.1954,-952.5979,16.4026
2024-07-29,fhvhv,High Volume For Hire Vehicle,weekday,false,,53974,1736348.22,242137.26,77687754.0,14118,53974,70344.16,1412370.76,62804.6762,-8708.6902,-121.986
2024-07-29,green,Green Boro Taxi,weekday,false,,161,5101.74,518.05,158415.0,102,115,609.32,3185.88,176.3825,-15.6637,0.2812
2024-07-29,yellow,Yellow Medallion Taxi,weekday,false,,8458,247546.31,20589.42,6570266.0,5458,5880,25481.31,125370.2,9769.1807,-1346.2187,35.038
2024-07-30,fhvhv,High Volume For Hire Vehicle,weekday,false,,56075,1795775.71,250314.29,80254609.0,14743,56075,73334.82,1460838.88,63016.5424,-6462.8266,-478.7159
2024-07-30,green,Green Boro Taxi,weekday,false,,150,4666.41,463.21,150376.0,92,100,509.64,2477.87,174.9691,-24.1672,-0.8019
2024-07-30,yellow,Yellow Medallion Taxi,weekday,false,,8974,267312.69,22177.02,7113399.0,5804,6260,27941.33,137214.6,9740.9069,-995.9846,229.0777
2024-07-31,fhvhv,High Volume For Hire Vehicle,weekday,false,,59669,1898431.09,264040.29,84690730.0,15441,59669,76199.75,1543650.51,63272.355,-3482.0418,-121.3132
2024-07-31,green,Green Boro Taxi,weekday,false,,170,5537.51,556.63,175180.0,110,120,652.13,3315.65,172.9011,-8.9164,6.0153
2024-07-31,yellow,Yellow Medallion Taxi,weekday,false,,9488,278914.72,23140.55,7416298.0,6096,6570,28461.44,140494.6,9714.8494,-530.7046,303.8552
2024-08-01,fhvhv,High Volume For Hire Vehicle,weekday,false,,66089,2121128.05,295635.62,94872233.0,17185,66089,85785.78,1725482.63,63499.0374,633.0012,1956.9614
2024-08-01,green,Green Boro Taxi,weekday,false,,165,5132.97,510.11,159566.0,108,115,629.1,3059.32,170.1754,3.6803,-8.8557
2024-08-01,yellow,Yellow Medallion Taxi,weekday,false,,9637,283908.33,23490.35,7568673.0,6270,6742,29385.85,143483.43,9687.8863,57.8195,-108.7057
2024-08-02,fhvhv,High Volume For Hire Vehicle,weekday,false,,74801,2401712.28,334843.59,107603919.0,19417,74801,96519.84,1955420.13,63739.1531,9411.0888,1650.7581
2024-08-02,green,Green Boro Taxi,weekday,false,,217,7155.02,729.48,224213.0,144,156,847.54,4116.64,167.3192,31.7316,17.9491
2024-08-02,yellow,Yellow Medallion Taxi,weekday,false,,11082,325720.54,26732.79,8611501.0,7179,7774,34040.94,166619.59,9657.7146,1426.7477,-2.4623
2024-08-03,fhvhv,High Volume For Hire Vehicle,weekend,false,,80189,2466257.11,359618.75,104681793.0,20972,80189,98415.81,2001472.54,64012.93,14092.9791,2083.0909
2024-08-03,green,Green Boro Taxi,weekend,false,,233,6537.65,672.79,201898.0,137,152,653.36,3323.07,165.0613,25.6455,42.2931
2024-08-03,yellow,Yellow Medallion Taxi,weekend,false,,11765,333420.82,28800.5,8399093.0,7515,8165,34367.94,169380.91,9628.4008,2296.8903,-160.2911
2024-08-04,fhvhv,High Volume For Hire Vehicle,weekend,false,,58881,1812299.49,264085.84,76956854.0,15482,58881,74008.65,1470508.03,64300.155,-5685.2455,266.0905
2024-08-04,green,Green Boro Taxi,weekend,false,,152,4215.24,420.14,126652.0,94,102,485.99,2415.36,163.4037,-12.5602,1.1564
2024-08-04,yellow,Yellow Medallion Taxi,weekend,false,,8755,246296.66,21403.13,6233940.0,5645,6088,25612.78,125054.31,9608.3081,-896.3836,43.0755
2024-08-05,fhvhv,High Volume For Hire Vehicle,weekday,false,,55981,1792680.98,249610.58,80337345.0,14529,55981,71555.82,1459802.67,64580.4359,-8586.0476,-13.3882
2024-08-05,green,Green Boro Taxi,weekday,false,,128,3735.92,363.95,116454.0,82,85,445.27,1994.31,162.0486,-16.8442,-17.2044
2024-08-05,yellow,Yellow Medallion Taxi,weekday,false,,8296,243990.1,20306.38,6499100.0,5364,5794,25060.8,124064.44,9600.7706,-1319.4082,14.6377
2024-08-06,fhvhv,High Volume For Hire Vehicle,weekday,false,,58428,1870083.86,261034.56,83552139.0,15126,58428,74403.53,1521923.9,64598.0992,-6298.4255,128.3263
2024-08-06,green,Green Boro Taxi,weekday,false,,128,3825.42,378.46,120987.0,77,81,421.51,2009.72,160.9262,-26.1313,-6.7949
2024-08-06,yellow,Yellow Medallion Taxi,weekday,false,,8616,253615.65,20898.04,6749670.0,5518,5950,26018.4,127995.61,9596.2087,-985.1379,4.9292
2024-08-07,fhvhv,High Volume For Hire Vehicle,weekday,false,,61842,1983713.36,276274.79,88783959.0,15985,61842,78886.82,1613976.22,63528.4628,-3369.4165,1682.9537
2024-08-07,green,Green Boro Taxi,weekday,false,,146,4553.98,463.39,146796.0,90,94,482.15,2451.63,160.6425,-4.1311,-10.5114
2024-08-07,yellow,Yellow Medallion Taxi,weekday,false,,8999,267031.82,22111.87,7105934.0,5829,6307,27810.23,136432.43,9587.3565,-560.4167,-27.9398
2024-08-08,fhvhv,High Volume For Hire Vehicle,weekday,false,,66109,2118396.67,294802.93,94811098.0,17254,66109,85714.08,1723422.73,62322.4661,604.913,3181.6208
2024-08-08,green,Green Boro Taxi,weekday,false,,175,5006.84,487.68,158938.0,110,117,556.93,2657.07,161.7243,4.3293,8.9464
2024-08-08,yellow,Yellow Medallion Taxi,weekday,false,,9912,294543.15,24475.63,7858476.0,6325,6923,30179.18,150656.54,9572.4258,53.5504,286.0238
2024-08-09,fhvhv,High Volume For Hire Vehicle,weekday,false,,75125,2414604.34,336594.77,107977093.0,19471,75125,98055.9,1963632.69,61505.4066,9248.6376,4370.9558
2024-08-09,green,Green Boro Taxi,weekday,false,,191,6066.39,596.48,192302.0,133,138,729.47,3399.48,164.2025,31.016,-4.2185
2024-08-09,yellow,Yellow Medallion Taxi,weekday,false,,11185,334447.34,27880.78,9002413.0,7211,7779,34662.83,170062.62,9553.0862,1393.4261,238.4877
2024-08-10,fhvhv,High Volume For Hire Vehicle,weekend,false,,80222,2463496.3,359177.07,104592832.0,20788,80222,97809.83,1999976.11,60802.8024,13783.8204,5635.3773
2024-08-10,green,Green Boro Taxi,weekend,false,,191,5782.72,603.33,175718.0,118,129,647.7,3132.8,167.0707,24.3908,-0.4616
2024-08-10,yellow,Yellow Medallion Taxi,weekend,false,,11866,335833.02,29103.83,8470201.0,7678,8287,35015.46,171342.68,9531.1609,2299.1293,35.7099
2024-08-11,fhvhv,High Volume For Hire Vehicle,weekend,false,,59035,1815107.42,264360.91,77098390.0,15387,59035,72993.62,1473018.41,59988.9822,-5553.3221,4599.3399
2024-08-11,green,Green Boro Taxi,weekend,false,,153,4208.87,422.44,117116.0,109,114,538.85,2656.48,169.9121,-12.1669,-4.7452
2024-08-11,yellow,Yellow Medallion Taxi,weekend,false,,8710,248532.5,21246.92,6240832.0,5674,6102,26220.24,126815.33,9509.5572,-888.8841,89.3269
2024-08-12,fhvhv,High Volume For Hire Vehicle,weekday,false,,49207,1582952.87,220523.25,70937629.0,12665,49207,63246.2,1288197.18,58482.1068,-8440.262,-834.8448
2024-08-12,green,Green Boro Taxi,weekday,false,,162,4862.68,483.18,146779.0,110,115,604.54,2895.37,172.203,-19.0755,8.8725
2024-08-12,yellow,Yellow Medallion Taxi,weekday,false,,8160,239637.94,19687.51,6345977.0,5257,5670,24614.23,120709.47,9487.5761,-1314.1887,-13.3874
2024-08-13,fhvhv,High Volume For Hire Vehicle,weekday,false,,51557,1655092.44,230023.23,73954871.0,13655,51557,68230.92,1344401.39,57620.2559,-6130.9383,67.6825
2024-08-13,green,Green Boro Taxi,weekday,false,,188,6243.73,615.01,200096.0,118,132,763.7,3786.68,173.9657,-24.8213,38.8557
2024-08-13,yellow,Yellow Medallion Taxi,weekday,false,,8438,248438.32,20503.85,6588916.0,5444,5868,25878.74,126495.69,9460.3513,-976.8786,-45.4728
2024-08-14,fhvhv,High Volume For Hire Vehicle,weekday,false,,54281,1737973.2,242210.12,77744435.0,14118,54281,69282.03,1414435.2,57541.0469,-3226.5708,-33.476
2024-08-14,green,Green Boro Taxi,weekday,false,,182,5334.55,510.43,165127.0,127,137,692.98,3258.38,175.2821,-2.45,9.1678
2024-08-14,yellow,Yellow Medallion Taxi,weekday,false,,8843,260156.14,21456.06,6887134.0,5714,6165,26790.5,131423.4,9430.6788,-558.7906,-28.8882
2024-08-15,fhvhv,High Volume For Hire Vehicle,weekday,false,,57972,1863239.8,260032.7,83374928.0,15046,57972,74870.22,1516309.39,57480.4625,547.6543,-56.1168
2024-08-15,green,Green Boro Taxi,weekday,false,,179,5063.42,483.2,157563.0,115,125,596.93,3027.92,176.4083,6.5409,-3.9493
2024-08-15,yellow,Yellow Medallion Taxi,weekday,false,,9478,278958.3,23112.72,7439155.0,6057,6558,28729.94,140716.47,9405.5129,79.6145,-7.1275
2024-08-16,fhvhv,High Volume For Hire Vehicle,weekday,false,,66489,2131185.21,296605.01,95231535.0,17300,66489,86967.25,1732414.11,57437.7981,9112.0274,-60.8256
2024-08-16,green,Green Boro Taxi,weekday,false,,214,6656.3,639.32,211759.0,139,147,827.26,3754.74,177.1131,24.6217,12.2652
2024-08-16,yellow,Yellow Medallion Taxi,weekday,false,,10672,317299.25,26269.65,8436790.0,6822,7362,33106.94,161968.45,9387.1668,1377.876,-93.0428
2024-08-17,fhvhv,High Volume For Hire Vehicle,weekend,false,,70851,2176605.92,317506.55,92489039.0,18415,70851,86708.2,1767925.73,57411.679,13504.0049,-64.6839
2024-08-17,green,Green Boro Taxi,weekend,false,,196,6007.76,625.54,181954.0,129,136,713.9,3472.62,177.0577,26.3952,-7.4529
2024-08-17,yellow,Yellow Medallion Taxi,weekend,false,,11727,331059.34,28494.14,8289825.0,7568,8143,34282.25,167448.72,9375.5407,2266.9561,84.5032
2024-08-18,fhvhv,High Volume For Hire Vehicle,weekend,false,,51668,1577414.86,229300.86,66871089.0,13362,51668,63025.72,1279769.14,57396.596,-5670.5241,-58.0719
2024-08-18,green,Green Boro Taxi,weekend,false,,167,4590.87,471.25,131238.0,119,121,564.81,2617.33,176.1778,-13.3629,4.1851
2024-08-18,yellow,Yellow Medallion Taxi,weekend,false,,8381,238251.3,20448.63,5978558.0,5413,5868,24529.01,122127.53,9369.8347,-916.1081,-72.7266
2024-08-19,fhvhv,High Volume For Hire Vehicle,weekday,false,,49074,1574585.22,219297.23,70485656.0,12752,49074,63315.15,1281160.83,57395.366,-8264.0053,-57.3607
2024-08-19,green,Green Boro Taxi,weekday,false,,153,4921.98,485.55,155738.0,104,112,598.68,2894.61,175.0979,-19.0276,-3.0703
2024-08-19,yellow,Yellow Medallion Taxi,weekday,false,,8257,245745.18,20241.32,6521214.0,5278,5702,25039.18,123933.34,9367.4748,-1337.3402,226.8655
2024-08-20,fhvhv,High Volume For Hire Vehicle,weekday,false,,51244,1646815.99,229254.73,73677151.0,13481,51244,66874.8,1338986.19,57411.7611,-6029.3705,-138.3906
2024-08-20,green,Green Boro Taxi,weekday,false,,153,4972.93,496.96,156340.0,98,105,623.79,3051.63,174.2483,-22.1963,0.948
2024-08-20,yellow,Yellow Medallion Taxi,weekday,false,,8368,246629.22,20415.12,6552277.0,5300,5750,25549.18,124160.54,9368.5906,-944.9571,-55.6334
2024-08-21,fhvhv,High Volume For Hire Vehicle,weekday,false,,54438,1737071.5,241888.65,77632659.0,14108,54438,69980.72,1413536.0,57447.449,-3155.8833,146.4343
2024-08-21,green,Green Boro Taxi,weekday,false,,173,5505.11,534.62,173287.0,108,122,705.12,3312.86,173.7944,-1.4842,0.6898
2024-08-21,yellow,Yellow Medallion Taxi,weekday,false,,8842,260122.22,21436.85,6937304.0,5703,6177,26985.16,133477.56,9373.8005,-528.3284,-3.4721
2024-08-22,fhvhv,High Volume For Hire Vehicle,weekday,false,,58062,1851882.77,257879.2,82757632.0,14966,58062,74174.81,1507032.17,57498.9999,674.9135,-111.9133
2024-08-22,green,Green Boro Taxi,weekday,false,,180,5671.86,561.98,174844.0,127,133,726.62,3390.36,173.7139,6.5096,-0.2235
2024-08-22,yellow,Yellow Medallion Taxi,weekday,false,,9506,283082.18,23374.58,7599973.0,6074,6522,28927.73,141603.6,9384.5054,125.8438,-4.3492
2024-08-23,fhvhv,High Volume For Hire Vehicle,weekday,false,,65978,2123138.28,295978.32,95012004.0,17064,65978,85146.84,1726886.35,57561.0457,9444.5821,-1027.6279
2024-08-23,green,Green Boro Taxi,weekday,false,,183,5495.62,537.47,172620.0,117,132,659.33,3304.57,173.955,19.1769,-10.1319
2024-08-23,yellow,Yellow Medallion Taxi,weekday,false,,10794,315844.88,25962.13,8376135.0,6939,7516,32411.72,159317.29,9401.4724,1387.2008,5.3268
2024-08-24,fhvhv,High Volume For Hire Vehicle,weekend,false,,70452,2159365.87,315237.05,91568692.0,18194,70452,86090.04,1753449.64,57630.7308,12918.0831,-96.8139
2024-08-24,green,Green Boro Taxi,weekend,false,,207,6207.83,647.24,186030.0,129,145,741.71,3597.53,174.3559,34.5073,-1.8632
2024-08-24,yellow,Yellow Medallion Taxi,weekend,false,,11555,330085.31,28481.49,8295659.0,7460,8029,34307.06,167639.31,9425.6771,2227.0429,-97.72
2024-08-25,fhvhv,High Volume For Hire Vehicle,weekend,false,,51793,1582076.91,230577.96,66972558.0,13348,51793,62804.35,1283710.45,57707.0618,-5781.7416,-132.3202
2024-08-25,green,Green Boro Taxi,weekend,false,,160,4709.15,487.41,145742.0,99,108,519.48,2724.53,174.8682,-15.8333,0.9651
2024-08-25,yellow,Yellow Medallion Taxi,weekend,false,,8487,241190.94,20870.69,6075084.0,5512,5980,25038.45,122911.91,9453.8328,-965.4092,-1.4236
2024-08-26,fhvhv,High Volume For Hire Vehicle,weekday,false,,49569,1593434.55,221952.91,71259319.0,12882,49569,64777.91,1295500.62,57793.7783,-8322.7549,97.9766
2024-08-26,green,Green Boro Taxi,weekday,false,,155,5075.36,511.91,162631.0,100,113,557.29,2925.42,175.622,-22.827,2.2049
2024-08-26,yellow,Yellow Medallion Taxi,weekday,false,,8088,239738.44,19975.29,6423483.0,5260,5674,25313.55,123435.82,9484.0659,-1367.5185,-28.5474
2024-08-27,fhvhv,High Volume For Hire Vehicle,weekday,false,,51826,1657640.28,231105.69,74123264.0,13449,51826,65962.53,1349234.28,57905.9347,-6078.6737,-1.261
2024-08-27,green,Green Boro Taxi,weekday,false,,160,5061.07,500.09,156107.0,106,117,651.76,3060.03,176.728,-19.3581,2.6301
2024-08-27,yellow,Yellow Medallion Taxi,weekday,false,,8646,254538.0,21137.3,6769273.0,5518,5981,25801.6,127822.33,9516.7833,-909.8119,39.0286
2024-08-28,fhvhv,High Volume For Hire Vehicle,weekday,false,,54776,1749633.33,243638.9,78212470.0,14271,54776,69515.91,1423668.08,58437.3359,-3234.7348,-426.6012
2024-08-28,green,Green Boro Taxi,weekday,false,,172,5402.76,553.37,173794.0,101,111,560.4,2825.01,178.0387,-2.3088,-3.7299
2024-08-28,yellow,Yellow Medallion Taxi,weekday,false,,9055,265120.08,21949.1,7047923.0,5740,6236,26840.73,133120.86,9560.8373,-509.7809,3.9436
2024-08-29,fhvhv,High Volume For Hire Vehicle,weekday,false,,58405,1881010.62,261963.11,84223684.0,15344,58405,76278.24,1529646.67,59581.8728,737.4139,-1914.2868
2024-08-29,green,Green Boro Taxi,weekday,false,,190,6206.56,613.28,204475.0,117,127,686.48,3386.95,179.2072,5.1524,5.6404
2024-08-29,yellow,Yellow Medallion Taxi,weekday,false,,9495,279434.43,23115.75,7436848.0,6152,6631,29071.68,142471.57,9632.3395,143.9969,-281.3364
2024-08-30,fhvhv,High Volume For Hire Vehicle,weekday,false,,66749,2146429.17,299638.91,95997163.0,17392,66749,86891.02,1746325.83,60375.191,9647.8245,-3274.0155
2024-08-30,green,Green Boro Taxi,weekday,false,,185,6302.53,620.66,203811.0,123,132,769.55,3560.9,180.0939,18.9187,-14.0125
2024-08-30,yellow,Yellow Medallion Taxi,weekday,false,,10632,312436.57,25801.23,8224444.0,6789,7393,31963.16,158587.95,9708.301,1429.901,-506.202
2024-08-31,fhvhv,High Volume For Hire Vehicle,weekend,false,,70741,2155866.7,313991.53,91255381.0,18249,70741,85484.09,1749573.16,60981.4588,13574.3033,-3814.7621
2024-08-31,green,Green Boro Taxi,weekend,false,,228,6651.91,689.82,198922.0,148,159,768.89,3758.99,180.6482,42.5351,4.8166
2024-08-31,yellow,Yellow Medallion Taxi,weekend,false,,11827,335745.62,28984.02,8421046.0,7557,8151,34348.2,168268.79,9775.4251,2211.4381,-159.8632
2024-09-01,fhvhv,High Volume For Hire Vehicle,weekend,false,,57527,1764439.33,257275.68,74879540.0,14880,57527,70845.29,1432508.27,61609.9347,-5970.457,1887.5223
2024-09-01,green,Green Boro Taxi,weekend,false,,164,4619.1,480.5,141892.0,100,108,463.84,2343.21,181.1353,-20.473,3.3377
2024-09-01,yellow,Yellow Medallion Taxi,weekend,false,,9129,255543.92,21949.98,6383633.0,5918,6418,26458.15,130264.9,9835.9577,-979.6224,272.6647
2024-09-02,fhvhv,High Volume For Hire Vehicle,weekday,true,Labor Day,33937,1088347.44,151273.15,48659743.0,8896,33937,44571.41,884493.26,62478.014,-8641.1129,-19899.9012
2024-09-02,green,Green Boro Taxi,weekday,true,Labor Day,101,3209.26,320.35,102794.0,67,71,346.87,1680.42,181.687,-24.9991,-55.6879
2024-09-02,yellow,Yellow Medallion Taxi,weekday,true,Labor Day,5413,159143.31,13259.74,4237463.0,3390,3676,16086.89,79060.97,9895.199,-1402.7351,-3079.4639
2024-09-03,fhvhv,High Volume For Hire Vehicle,weekday,false,,57548,1843502.88,256827.83,82585794.0,14893,57548,73141.49,1501100.79,63626.1487,-6244.6231,166.4744
2024-09-03,green,Green Boro Taxi,weekday,false,,162,4902.5,478.2,155614.0,107,116,571.85,2910.59,182.0113,-19.083,-0.9282
2024-09-03,yellow,Yellow Medallion Taxi,weekday,false,,9106,267148.09,21919.4,7087691.0,5918,6352,27905.42,135248.36,9966.3599,-916.5375,56.1776
2024-09-04,fhvhv,High Volume For Hire Vehicle,weekday,false,,60660,1941994.28,270524.22,86868426.0,15746,60660,78074.34,1580260.53,63929.971,-3377.0004,107.0294
2024-09-04,green,Green Boro Taxi,weekday,false,,181,5859.55,581.12,184930.0,119,128,748.3,3547.26,181.9033,-5.7335,4.8301
2024-09-04,yellow,Yellow Medallion Taxi,weekday,false,,9564,281053.64,23260.43,7506675.0,6047,6570,28408.84,140563.79,10033.8852,-510.8622,40.9771
2024-09-05,fhvhv,High Volume For Hire Vehicle,weekday,false,,64769,2078205.14,289492.16,92993409.0,16742,64769,82570.66,1690703.01,63959.5897,776.3592,33.0511
2024-09-05,green,Green Boro Taxi,weekday,false,,181,6115.33,606.61,197649.0,111,121,742.16,3578.36,181.4706,3.8034,-4.274
2024-09-05,yellow,Yellow Medallion Taxi,weekday,false,,10267,303141.73,25107.75,8032377.0,6559,7089,31189.5,153246.58,10078.6952,154.5323,33.7725
2024-09-06,fhvhv,High Volume For Hire Vehicle,weekday,false,,73925,2370053.75,330122.88,106102953.0,19219,73925,95030.48,1928817.8,63984.0038,9974.5931,-33.597
2024-09-06,green,Green Boro Taxi,weekday,false,,207,6672.55,662.8,209391.0,132,145,790.26,3900.31,180.8235,23.7533,2.4232
2024-09-06,yellow,Yellow Medallion Taxi,weekday,false,,11597,343801.88,28553.43,9148757.0,7420,7999,35218.15,174337.69,10102.9606,1463.8508,30.1886
2024-09-07,fhvhv,High Volume For Hire Vehicle,weekend,false,,79224,2431472.62,355100.96,103302621.0,20483,79224,96748.25,1975949.42,64017.8466,13876.3521,1329.8013
2024-09-07,green,Green Boro Taxi,weekend,false,,236,7100.27,727.87,220686.0,156,167,797.76,3887.35,180.389,46.7765,8.8345
2024-09-07,yellow,Yellow Medallion Taxi,weekend,false,,12455,350472.78,30253.24,8803521.0,7993,8613,36106.4,176273.23,10113.1164,2226.1015,115.7821
2024-09-08,fhvhv,High Volume For Hire Vehicle,weekend,false,,58001,1766543.46,256629.97,74845411.0,15026,58001,70865.06,1433144.6,64065.6763,-6092.3648,27.6885
2024-09-08,green,Green Boro Taxi,weekend,false,,145,4410.99,463.48,133327.0,90,100,492.53,2467.36,180.3912,-22.458,-12.9332
2024-09-08,yellow,Yellow Medallion Taxi,weekend,false,,9096,255451.27,21894.52,6366927.0,5820,6285,26039.92,127720.78,10119.8546,-974.9347,-48.9199
2024-09-09,fhvhv,High Volume For Hire Vehicle,weekday,false,,55118,1771545.59,247141.39,79360231.0,14229,55118,70788.67,1442296.47,64119.6858,-8901.2372,-100.4486
2024-09-09,green,Green Boro Taxi,weekday,false,,148,5138.23,503.02,167832.0,101,110,662.42,3160.84,180.532,-26.8755,-5.6565
2024-09-09,yellow,Yellow Medallion Taxi,weekday,false,,8702,255762.94,21253.51,6782308.0,5639,6114,26381.98,130481.8,10124.6646,-1421.7733,-0.8913
2024-09-10,fhvhv,High Volume For Hire Vehicle,weekday,false,,57536,1844753.07,257323.07,82411388.0,14785,57536,73918.97,1500428.53,64174.589,-6341.3415,-297.2475
2024-09-10,green,Green Boro Taxi,weekday,false,,160,4665.83,470.48,145499.0,102,112,473.31,2471.73,180.6601,-18.5588,-2.1012
2024-09-10,yellow,Yellow Medallion Taxi,weekday,false,,8941,265953.84,22126.36,7072221.0,5728,6217,27584.67,134557.29,10127.653,-957.1083,-229.5446
2024-09-11,fhvhv,High Volume For Hire Vehicle,weekday,false,,60798,1940815.56,270098.16,86656522.0,15832,60798,78490.88,1578168.33,64231.4873,-3405.1458,-28.3416
2024-09-11,green,Green Boro Taxi,weekday,false,,173,5173.01,501.69,167190.0,112,126,559.84,3092.01,181.039,-8.9836,0.9446
2024-09-11,yellow,Yellow Medallion Taxi,weekday,false,,9615,282810.33,23467.12,7536751.0,6200,6686,29052.43,142540.64,10128.9962,-528.765,14.7689
2024-09-12,fhvhv,High Volume For Hire Vehicle,weekday,false,,65239,2096310.32,292827.03,93810197.0,16856,65239,83404.31,1706615.65,64286.7759,831.1832,121.0409
2024-09-12,green,Green Boro Taxi,weekday,false,,184,5709.65,569.46,186212.0,110,126,584.56,3254.63,181.7011,1.7288,0.5701
2024-09-12,yellow,Yellow Medallion Taxi,weekday,false,,10281,302197.83,24987.69,8012183.0,6574,7135,31332.95,152620.95,10130.3322,157.6877,-7.0198
2024-09-13,fhvhv,High Volume For Hire Vehicle,weekday,false,,74344,2383093.34,331753.14,106444200.0,19391,74344,96279.26,1936945.26,64334.3756,9732.9925,276.6319
2024-09-13,green,Green Boro Taxi,weekday,false,,221,7022.73,705.19,222010.0,141,151,794.59,3909.43,182.4672,29.8191,8.7137
2024-09-13,yellow,Yellow Medallion Taxi,weekday,false,,11626,345049.1,28771.98,9266715.0,7406,8026,35511.41,174650.99,10132.2593,1474.9256,18.8151
2024-09-14,fhvhv,High Volume For Hire Vehicle,weekend,false,,78924,2406900.98,350734.53,101789841.0,20476,78924,96567.75,1952567.11,64373.7978,14495.11,55.0922
2024-09-14,green,Green Boro Taxi,weekend,false,,227,6559.03,688.93,196924.0,133,145,646.77,3523.13,183.1931,46.4251,-2.6183
2024-09-14,yellow,Yellow Medallion Taxi,weekend,false,,12380,347210.66,29922.49,8657033.0,7963,8609,35660.73,176409.32,10133.7102,2298.028,-51.7383
2024-09-15,fhvhv,High Volume For Hire Vehicle,weekend,false,,57424,1756962.16,255827.56,74563619.0,14798,57424,69442.6,1426413.62,64402.0093,-6161.7455,-816.2638
2024-09-15,green,Green Boro Taxi,weekend,false,,158,4805.82,489.02,147257.0,98,103,493.83,2376.83,183.8602,-20.5051,-5.3551
2024-09-15,yellow,Yellow Medallion Taxi,weekend,false,,9268,260604.21,22585.84,6577531.0,5907,6387,26854.38,130928.97,10131.8438,-965.0868,101.243
2024-09-16,fhvhv,High Volume For Hire Vehicle,weekday,false,,55323,1757312.53,244394.16,78356281.0,14494,55323,71081.5,1428930.78,64411.9361,-9086.0565,-2.8796
2024-09-16,green,Green Boro Taxi,weekday,false,,175,5792.82,590.2,184560.0,114,124,654.07,3176.21,184.559,-29.2259,19.6669
2024-09-16,yellow,Yellow Medallion Taxi,weekday,false,,8704,255629.2,21257.18,6841765.0,5654,6069,26589.62,129761.94,10127.3836,-1415.7854,-7.5981
2024-09-17,fhvhv,High Volume For Hire Vehicle,weekday,false,,58127,1867692.96,260732.03,83540954.0,15255,58127,75229.23,1519859.29,64401.1477,-6424.7889,150.6411
2024-09-17,green,Green Boro Taxi,weekday,false,,167,5703.11,571.46,189621.0,104,111,622.08,3192.32,185.3512,-18.4471,0.0959
2024-09-17,yellow,Yellow Medallion Taxi,weekday,false,,9141,269224.05,22210.81,7126832.0,5921,6383,27978.09,137007.21,10120.4831,-1022.7311,43.2479
2024-09-18,fhvhv,High Volume For Hire Vehicle,weekday,false,,61038,1953135.92,271417.8,87325265.0,15941,61038,78896.32,1587822.37,64373.213,-3336.964,1.751
2024-09-18,green,Green Boro Taxi,weekday,false,,164,5016.22,494.55,157423.0,106,111,604.25,2881.07,186.0838,-9.6864,-12.3974
2024-09-18,yellow,Yellow Medallion Taxi,weekday,false,,9541,281682.16,23396.79,7524395.0,6207,6700,29529.87,144814.2,10111.3843,-563.1978,-7.1865
2024-09-19,fhvhv,High Volume For Hire Vehicle,weekday,false,,65223,2090553.93,290728.61,93499396.0,16964,65223,84012.21,1699717.69,64334.9145,846.1401,41.9453
2024-09-19,green,Green Boro Taxi,weekday,false,,185,6301.27,628.79,205082.0,111,122,668.08,3259.18,186.8466,0.3475,-2.1942
2024-09-19,yellow,Yellow Medallion Taxi,weekday,false,,10237,304716.93,25427.0,8181923.0,6545,7099,31389.77,155010.43,10100.428,149.2265,-12.6545
2024-09-20,fhvhv,High Volume For Hire Vehicle,weekday,false,,73734,2361976.16,328825.6,105631676.0,19335,73734,95484.55,1921206.29,64289.2629,9507.293,-62.5559
2024-09-20,green,Green Boro Taxi,weekday,false,,223,7476.35,743.79,239010.0,144,156,897.08,4349.95,187.6819,30.5076,4.8105
2024-09-20,yellow,Yellow Medallion Taxi,weekday,false,,11542,338161.52,27726.39,8955609.0,7366,8009,34876.5,171681.58,10090.7117,1470.1777,-18.8894
2024-09-21,fhvhv,High Volume For Hire Vehicle,weekend,false,,78892,2405402.99,350242.43,101842385.0,20488,78892,96763.22,1951948.52,64235.754,14618.6064,37.6396
2024-09-21,green,Green Boro Taxi,weekend,false,,233,6765.6,693.29,200389.0,152,168,808.66,3878.97,188.5139,43.4968,0.9893
2024-09-21,yellow,Yellow Medallion Taxi,weekend,false,,12460,355410.41,30649.61,8911974.0,8018,8698,36849.65,180800.25,10084.7796,2334.5512,40.6692
2024-09-22,fhvhv,High Volume For Hire Vehicle,weekend,false,,58026,1780497.19,259397.76,75510118.0,15126,58026,71757.84,1444555.0,64178.3228,-6190.2522,37.9293
2024-09-22,green,Green Boro Taxi,weekend,false,,182,5350.0,559.81,162565.0,116,119,596.86,2846.38,188.9366,-16.5952,9.6587
2024-09-22,yellow,Yellow Medallion Taxi,weekend,false,,9051,256529.02,22117.41,6442818.0,5872,6344,26801.49,130436.12,10084.0392,-929.5069,-103.5323
2024-09-23,fhvhv,High Volume For Hire Vehicle,weekday,false,,55111,1769290.22,246088.98,79270997.0,14291,55111,70445.24,1439439.36,64119.6089,-8953.0847,-55.5242
2024-09-23,green,Green Boro Taxi,weekday,false,,151,5180.96,516.52,169842.0,105,112,609.64,3045.97,188.8706,-27.7135,-10.1571
2024-09-23,yellow,Yellow Medallion Taxi,weekday,false,,8677,254019.28,21026.38,6709972.0,5559,6018,25911.62,127913.35,10089.3294,-1382.9816,-29.3478
2024-09-24,fhvhv,High Volume For Hire Vehicle,weekday,false,,57709,1855140.51,258321.13,83127443.0,14963,57709,74598.91,1509586.25,64059.8063,-6430.7731,79.9668
2024-09-24,green,Green Boro Taxi,weekday,false,,192,6281.45,617.24,201316.0,129,140,797.26,3835.07,188.5008,-18.9493,22.4485
2024-09-24,yellow,Yellow Medallion Taxi,weekday,false,,8978,265942.96,22062.89,7087361.0,5741,6227,27168.32,134782.26,10098.7852,-1049.3991,-71.3862
2024-09-25,fhvhv,High Volume For Hire Vehicle,weekday,false,,60714,1942490.37,270582.65,86795207.0,15772,60714,77532.69,1579958.64,63880.5908,-3235.8681,69.2773
2024-09-25,green,Green Boro Taxi,weekday,false,,180,5115.76,483.42,159769.0,116,128,614.0,3128.67,187.7902,-7.5443,-0.2458
2024-09-25,yellow,Yellow Medallion Taxi,weekday,false,,9531,285334.94,23689.53,7625097.0,6174,6674,29636.25,145529.27,10107.3319,-597.8663,21.5344
2024-09-26,fhvhv,High Volume For Hire Vehicle,weekday,false,,65452,2099693.95,292973.69,93946110.0,17113,65452,83892.54,1709104.66,63454.8039,876.9502,1120.2459
2024-09-26,green,Green Boro Taxi,weekday,false,,201,6668.72,673.83,213484.0,131,143,792.64,4001.77,186.6938,-3.724,18.0301
2024-09-26,yellow,Yellow Medallion Taxi,weekday,false,,10307,306386.15,25458.14,8201818.0,6664,7217,31921.78,156553.24,10112.9792,131.6131,62.4077
2024-09-27,fhvhv,High Volume For Hire Vehicle,weekday,false,,74296,2388478.51,332332.15,106733983.0,19526,74296,98050.91,1940446.46,63141.0832,9275.1646,1879.7522
2024-09-27,green,Green Boro Taxi,weekday,false,,207,6477.87,645.24,204466.0,139,159,768.55,4052.31,185.4478,29.3196,-7.7674
2024-09-27,yellow,Yellow Medallion Taxi,weekday,false,,11925,353647.9,29446.89,9467010.0,7667,8303,36619.24,179974.4,10106.326,1475.9248,342.7492
2024-09-28,fhvhv,High Volume For Hire Vehicle,weekend,false,,79470,2432757.25,354314.8,103121576.0,20657,79470,97099.8,1973941.06,62897.0294,14438.478,2134.4926
2024-09-28,green,Green Boro Taxi,weekend,false,,221,6637.87,682.89,201312.0,154,166,811.3,4092.05,184.0092,41.4923,-4.5015
2024-09-28,yellow,Yellow Medallion Taxi,weekend,false,,12513,357358.67,30758.96,8977468.0,8029,8699,36672.56,181029.84,10083.7581,2331.0574,98.1845
2024-09-29,fhvhv,High Volume For Hire Vehicle,weekend,false,,58275,1780144.53,258837.95,75515612.0,15090,58275,71212.13,1444676.88,62647.1418,-6174.023,1801.8812
2024-09-29,green,Green Boro Taxi,weekend,false,,174,4949.13,504.75,149357.0,105,115,568.79,2730.48,182.4608,-14.2076,5.7467
2024-09-29,yellow,Yellow Medallion Taxi,weekend,false,,9255,262366.91,22698.66,6563780.0,5899,6350,27095.48,132984.92,10054.8356,-932.1562,132.3206
2024-09-30,fhvhv,High Volume For Hire Vehicle,weekday,false,,55491,1785761.84,249027.16,80119400.0,14396,55491,71213.82,1454464.5,62333.8087,-8746.1485,1903.3398
2024-09-30,green,Green Boro Taxi,weekday,false,,157,4933.66,490.5,156761.0,97,107,575.44,2769.48,181.0539,-27.3864,3.3325
2024-09-30,yellow,Yellow Medallion Taxi,weekday,false,,8719,255628.35,21007.15,6750068.0,5627,6090,26382.16,130156.49,10023.4438,-1352.976,48.5322
2024-10-01,fhvhv,High Volume For Hire Vehicle,weekday,false,,55369,1776768.19,247317.8,79445742.0,14429,55369,71873.77,1444559.0,61900.865,-6418.3667,-113.4984
2024-10-01,green,Green Boro Taxi,weekday,false,,150,4840.56,478.61,155750.0,93,101,561.65,2731.48,180.13,-17.8073,-12.3227
2024-10-01,yellow,Yellow Medallion Taxi,weekday,false,,8635,254876.49,20958.91,6733606.0,5551,5954,26241.47,128123.45,9986.3899,-1031.5936,-319.7963
2024-10-02,fhvhv,High Volume For Hire Vehicle,weekday,false,,58588,1878964.77,261694.97,84031926.0,15353,58588,76250.04,1528244.81,61731.3984,-3139.8213,-3.577
2024-10-02,green,Green Boro Taxi,weekday,false,,179,5642.39,558.32,179339.0,119,129,655.49,3432.13,179.7009,-3.5016,2.8007
2024-10-02,yellow,Yellow Medallion Taxi,weekday,false,,9211,271529.41,22676.72,7287209.0,5908,6379,27967.66,137076.09,9941.9981,-609.2847,-121.7134
2024-10-03,fhvhv,High Volume For Hire Vehicle,weekday,false,,62566,2010170.19,279608.4,90009541.0,16330,62566,81922.27,1634738.62,61727.0952,844.6926,-5.7878
2024-10-03,green,Green Boro Taxi,weekday,false,,167,4604.8,446.36,142149.0,102,112,507.53,2428.36,179.6961,-6.607,-6.0891
2024-10-03,yellow,Yellow Medallion Taxi,weekday,false,,9953,294986.76,24609.98,7824886.0,6413,6936,30995.63,150478.46,9896.3236,117.2592,-60.5829
2024-10-04,fhvhv,High Volume For Hire Vehicle,weekday,false,,70804,2275449.41,317316.7,101915973.0,18271,70804,90384.01,1852188.54,61736.926,9168.6415,-101.5675
2024-10-04,green,Green Boro Taxi,weekday,false,,205,6221.29,606.97,194289.0,135,147,746.88,3763.7,179.8693,30.1446,-5.0139
2024-10-04,yellow,Yellow Medallion Taxi,weekday,false,,11333,338409.27,28145.94,9073599.0,7322,7930,35112.24,173735.62,9855.7364,1486.1926,-8.929
2024-10-05,fhvhv,High Volume For Hire Vehicle,weekend,false,,75273,2284963.24,333146.47,96473390.0,19615,75273,91735.06,1854156.11,61752.9532,14353.7475,-833.7007
2024-10-05,green,Green Boro Taxi,weekend,false,,227,7287.31,780.01,226513.0,135,147,751.53,3806.88,180.1259,40.3811,6.4929
2024-10-05,yellow,Yellow Medallion Taxi,weekend,false,,12061,342250.27,29265.47,8581799.0,7769,8390,35657.21,174542.53,9825.9608,2326.346,-91.3067
2024-10-06,fhvhv,High Volume For Hire Vehicle,weekend,false,,55506,1708202.31,249097.07,72599239.0,14383,55506,68228.16,1386987.38,61768.6375,-6138.907,-123.7305
2024-10-06,green,Green Boro Taxi,weekend,false,,161,4898.31,520.02,151363.0,95,101,517.27,2575.4,180.5391,-16.3611,-3.178
2024-10-06,yellow,Yellow Medallion Taxi,weekend,false,,8870,251492.27,21925.18,6392019.0,5657,6135,25525.49,126954.22,9810.1435,-934.5413,-5.6022
2024-10-07,fhvhv,High Volume For Hire Vehicle,weekday,false,,53270,1709972.3,238131.1,76573757.0,13754,53270,68365.01,1391415.15,61783.9582,-8641.8221,127.8639
2024-10-07,green,Green Boro Taxi,weekday,false,,156,5298.14,534.11,168774.0,109,114,659.84,3136.4,180.659,-27.3041,2.6451
2024-10-07,yellow,Yellow Medallion Taxi,weekday,false,,8460,250174.08,20490.43,6593782.0,5495,5951,26171.61,128267.99,9801.6554,-1365.5767,23.9213
2024-10-08,fhvhv,High Volume For Hire Vehicle,weekday,false,,55369,1767367.7,246134.38,78966108.0,14519,55369,71203.48,1437972.33,61807.4528,-6414.3811,-24.0716
2024-10-08,green,Green Boro Taxi,weekday,false,,167,5610.95,554.01,183435.0,106,114,669.71,3131.92,180.3501,-17.468,4.1179
2024-10-08,yellow,Yellow Medallion Taxi,weekday,false,,8776,260787.74,21587.82,6901927.0,5638,6123,27074.61,133734.28,9791.7734,-1003.0891,-12.6843
2024-10-09,fhvhv,High Volume For Hire Vehicle,weekday,false,,58792,1879234.13,261359.58,83911501.0,15396,58792,76457.64,1527455.8,61838.7141,-3075.4157,28.7016
2024-10-09,green,Green Boro Taxi,weekday,false,,189,5952.66,587.52,189050.0,130,140,710.87,3612.47,179.7284,-2.2033,11.4749
2024-10-09,yellow,Yellow Medallion Taxi,weekday,false,,9228,275396.8,22947.99,7359311.0,5890,6371,28564.35,139036.14,9780.2311,-601.2719,49.0408
2024-10-10,fhvhv,High Volume For Hire Vehicle,weekday,false,,63274,2015377.08,280154.62,90028297.0,16436,63274,81377.2,1639211.02,61870.6877,778.3738,624.9386
2024-10-10,green,Green Boro Taxi,weekday,false,,163,5018.82,497.51,158850.0,110,118,577.74,3042.99,178.5832,-7.3802,-8.203
2024-10-10,yellow,Yellow Medallion Taxi,weekday,false,,9890,291677.98,23988.88,7710286.0,6396,6881,30333.06,148465.56,9768.7247,77.0524,44.2229
2024-10-11,fhvhv,High Volume For Hire Vehicle,weekday,false,,70602,2258190.79,314073.16,100977166.0,18479,70602,90854.48,1836587.4,61893.8029,9214.0745,-505.8774
2024-10-11,green,Green Boro Taxi,weekday,false,,217,6313.46,604.62,195768.0,143,150,745.66,3524.86,176.881,30.4709,9.6481
2024-10-11,yellow,Yellow Medallion Taxi,weekday,false,,11277,335891.84,27750.27,8924664.0,7386,7969,35585.96,174190.2,9755.5278,1509.7503,11.7219
2024-10-12,fhvhv,High Volume For Hire Vehicle,weekend,false,,76037,2326425.98,339461.5,98432910.0,19810,76037,93311.92,1887432.89,61908.1522,14178.413,-49.5652
2024-10-12,green,Green Boro Taxi,weekend,false,,207,5877.22,614.12,167947.0,138,146,730.19,3544.67,174.9979,42.4319,-10.4297
2024-10-12,yellow,Yellow Medallion Taxi,weekend,false,,12033,340585.06,29239.68,8526602.0,7694,8332,34940.32,171328.84,9739.1919,2319.8794,-26.0713
2024-10-13,fhvhv,High Volume For Hire Vehicle,weekend,false,,55974,1709980.23,248613.58,72544342.0,14446,55974,68070.51,1387714.3,61921.3573,-6135.1829,187.8256
2024-10-13,green,Green Boro Taxi,weekend,false,,154,4482.7,486.52,130534.0,103,111,491.71,2625.48,173.017,-22.1247,3.1078
2024-10-13,yellow,Yellow Medallion Taxi,weekend,false,,8718,245608.25,21325.84,6208464.0,5568,6005,24975.31,121638.02,9721.1928,-938.6639,-64.5289
2024-10-14,fhvhv,High Volume For Hire Vehicle,weekday,true,Columbus Day,33084,1066576.47,148642.42,47831483.0,8557,33084,42848.75,868063.8,61938.2756,-8586.9739,-20267.3017
2024-10-14,green,Green Boro Taxi,weekday,true,Columbus Day,80,2602.65,251.07,82783.0,52,57,313.21,1545.92,171.388,-26.9855,-64.4025
2024-10-14,yellow,Yellow Medallion Taxi,weekday,true,Columbus Day,5259,156245.17,12946.3,4162116.0,3365,3656,16030.11,79448.11,9704.9064,-1402.6372,-3043.2692
2024-10-15,fhvhv,High Volume For Hire Vehicle,weekday,false,,55587,1786720.49,248716.08,79976716.0,14512,55587,72302.72,1453026.58,61956.726,-6404.3126,34.5865
2024-10-15,green,Green Boro Taxi,weekday,false,,156,4775.81,484.79,152311.0,92,107,497.5,2597.2,170.2222,-14.4701,0.2478
2024-10-15,yellow,Yellow Medallion Taxi,weekday,false,,8809,258562.59,21320.31,6851367.0,5677,6150,26511.5,130024.51,9690.982,-978.2808,96.2989
2024-10-16,fhvhv,High Volume For Hire Vehicle,weekday,false,,58847,1883789.36,262570.97,84320368.0,15131,58847,74832.33,1533715.92,61976.2393,-3056.8467,-72.3926
2024-10-16,green,Green Boro Taxi,weekday,false,,155,4934.31,493.43,157754.0,99,104,559.58,2531.29,169.3715,-3.6197,-10.7518
2024-10-16,yellow,Yellow Medallion Taxi,weekday,false,,9047,266997.37,22191.1,7134892.0,5780,6247,27422.14,133190.65,9679.2935,-568.4918,-63.8017
2024-10-17,fhvhv,High Volume For Hire Vehicle,weekday,false,,62518,2006559.95,279313.25,89735506.0,16310,62518,81205.7,1631484.07,61995.2997,662.5362,-139.8359
2024-10-17,green,Green Boro Taxi,weekday,false,,166,5197.2,512.83,164038.0,103,111,615.11,3025.59,168.8274,-4.1823,1.3549
2024-10-17,yellow,Yellow Medallion Taxi,weekday,false,,10042,296763.02,24633.46,7908801.0,6391,6914,30369.88,148942.61,9671.1146,33.767,337.1184
2024-10-18,fhvhv,High Volume For Hire Vehicle,weekday,false,,71513,2276462.81,316772.23,101671620.0,18480,71513,90478.02,1852208.4,62012.5829,9401.5192,98.8979
2024-10-18,green,Green Boro Taxi,weekday,false,,229,7215.62,717.34,226970.0,149,160,857.85,4126.19,169.0123,29.2895,30.6982
2024-10-18,yellow,Yellow Medallion Taxi,weekday,false,,11171,331238.36,27509.33,8823486.0,7276,7852,34524.14,169210.8,9666.9776,1540.6122,-36.5898
2024-10-19,fhvhv,High Volume For Hire Vehicle,weekend,false,,76298,2336736.27,341268.77,99040933.0,19714,76298,92881.58,1897574.37,62034.7912,14219.3522,43.8566
2024-10-19,green,Green Boro Taxi,weekend,false,,215,6050.63,611.57,182889.0,128,140,696.76,3426.92,170.0092,44.0511,0.9397
2024-10-19,yellow,Yellow Medallion Taxi,weekend,false,,12011,338084.78,28976.95,8449467.0,7707,8324,34570.09,169794.79,9665.4402,2340.5509,5.0089
2024-10-20,fhvhv,High Volume For Hire Vehicle,weekend,false,,55818,1713219.05,249525.52,72752111.0,14436,55818,67722.46,1390620.23,62062.0951,-6138.7065,-105.3887
2024-10-20,green,Green Boro Taxi,weekend,false,,141,4454.32,454.9,132452.0,104,110,602.69,2881.1,171.8129,-25.7092,-5.1038
2024-10-20,yellow,Yellow Medallion Taxi,weekend,false,,8737,247167.48,21222.51,6194929.0,5480,5943,25436.44,123995.62,9668.0187,-939.3351,8.3164
2024-10-21,fhvhv,High Volume For Hire Vehicle,weekday,false,,53395,1710088.79,238413.41,76374303.0,13915,53395,68574.54,1390737.06,62085.5406,-8683.9586,-6.582
2024-10-21,green,Green Boro Taxi,weekday,false,,139,4420.12,425.62,139709.0,98,105,586.39,2744.31,173.9908,-26.9756,-8.0152
2024-10-21,yellow,Yellow Medallion Taxi,weekday,false,,8189,239472.98,19748.81,6366424.0,5261,5705,24673.66,121972.22,9676.6963,-1433.5134,-54.1828
2024-10-22,fhvhv,High Volume For Hire Vehicle,weekday,false,,55708,1795565.41,250615.6,80408594.0,14568,55708,72848.06,1461114.35,62103.3252,-6426.2942,30.9689
2024-10-22,green,Green Boro Taxi,weekday,false,,162,5251.8,526.63,166163.0,109,118,640.81,3101.76,176.3073,-11.5886,-2.7187
2024-10-22,yellow,Yellow Medallion Taxi,weekday,false,,8652,254452.88,21029.84,6743655.0,5570,6052,26180.91,129239.55,9691.2737,-994.9807,-44.293
2024-10-23,fhvhv,High Volume For Hire Vehicle,weekday,false,,59166,1890210.29,263451.34,84498000.0,15359,59166,76065.79,1538470.44,62118.9202,-3101.0207,148.1005
2024-10-23,green,Green Boro Taxi,weekday,false,,177,5797.35,566.6,184936.0,117,125,713.34,3441.74,178.7066,-7.6948,5.9883
2024-10-23,yellow,Yellow Medallion Taxi,weekday,false,,9232,272547.59,22432.89,7200550.0,5924,6414,28354.65,139305.36,9707.9839,-554.2438,78.2599
2024-10-24,fhvhv,High Volume For Hire Vehicle,weekday,false,,62693,2009821.53,279996.21,90018674.0,16315,62693,80489.66,1636146.53,62139.6702,519.7813,33.5485
2024-10-24,green,Green Boro Taxi,weekday,false,,188,5867.35,585.85,184937.0,128,137,688.37,3347.83,181.2827,-1.011,7.7283
2024-10-24,yellow,Yellow Medallion Taxi,weekday,false,,9676,285252.47,23560.72,7549436.0,6291,6796,29630.48,144818.91,9726.0633,12.5341,-62.5974
2024-10-25,fhvhv,High Volume For Hire Vehicle,weekday,false,,71732,2295723.1,319575.52,102662447.0,18819,71732,92172.88,1867513.82,62169.4586,9626.918,-64.3766
2024-10-25,green,Green Boro Taxi,weekday,false,,207,6495.32,660.86,206472.0,126,136,697.85,3454.22,183.65,27.0473,-3.6974
2024-10-25,yellow,Yellow Medallion Taxi,weekday,false,,11308,334489.63,27872.91,8969607.0,7267,7880,34631.84,170899.49,9746.2266,1553.4312,8.3422
2024-10-26,fhvhv,High Volume For Hire Vehicle,weekend,false,,76403,2339799.03,340691.37,99051579.0,20077,76403,94926.15,1897043.74,62211.7791,14321.3838,-130.1629
2024-10-26,green,Green Boro Taxi,weekend,false,,240,6846.79,695.76,206671.0,157,171,784.6,3906.19,185.5246,45.6474,8.828
2024-10-26,yellow,Yellow Medallion Taxi,weekend,false,,12147,347384.9,29840.49,8681529.0,7869,8473,36580.62,177028.84,9769.809,2352.6264,24.5646
2024-10-27,fhvhv,High Volume For Hire Vehicle,weekend,false,,55945,1718582.47,250104.95,72913544.0,14700,55945,70150.1,1393771.04,62263.6577,-6141.155,-177.5027
2024-10-27,green,Green Boro Taxi,weekend,false,,156,4858.05,501.69,150964.0,106,116,568.31,2900.0,186.6509,-27.2846,-3.3663
2024-10-27,yellow,Yellow Medallion Taxi,weekend,false,,8858,249939.63,21552.38,6307206.0,5667,6097,25330.22,124738.65,9798.7651,-927.064,-13.7012
2024-10-28,fhvhv,High Volume For Hire Vehicle,weekday,false,,53468,1716575.81,239257.51,76880126.0,13930,53468,69305.98,1397246.45,62341.9763,-8746.2789,-127.6975
2024-10-28,green,Green Boro Taxi,weekday,false,,169,6132.06,636.57,204622.0,105,116,639.19,3236.06,187.0538,-19.4322,1.3784
2024-10-28,yellow,Yellow Medallion Taxi,weekday,false,,8347,243349.77,20060.93,6442611.0,5391,5827,25090.53,124379.93,9833.3805,-1426.0207,-60.3598
2024-10-29,fhvhv,High Volume For Hire Vehicle,weekday,false,,55958,1801148.77,251092.36,80679754.0,14596,55958,72526.38,1465621.7,62500.0412,-6532.6596,-9.3815
2024-10-29,green,Green Boro Taxi,weekday,false,,183,5360.73,531.58,164770.0,125,130,625.17,2967.34,187.119,-16.7226,12.6036
2024-10-29,yellow,Yellow Medallion Taxi,weekday,false,,8838,263558.1,22060.78,7031652.0,5689,6145,27513.1,134704.37,9873.4571,-1017.5342,-17.9229
2024-10-30,fhvhv,High Volume For Hire Vehicle,weekday,false,,59013,1883050.48,261624.01,84129553.0,15462,59013,76538.93,1530943.8,62722.6892,-3165.0884,-544.6007
2024-10-30,green,Green Boro Taxi,weekday,false,,174,5654.43,577.02,183346.0,108,115,600.22,3068.49,187.1206,-6.8644,-6.2563
2024-10-30,yellow,Yellow Medallion Taxi,weekday,false,,9330,277172.2,22974.57,7409825.0,5954,6438,28184.41,139657.28,9918.1426,-543.8876,-44.255
2024-10-31,fhvhv,High Volume For Hire Vehicle,weekday,false,,63330,2019460.0,280569.02,90204787.0,16419,63330,80545.67,1641854.37,62954.017,530.8556,-154.8726
2024-10-31,green,Green Boro Taxi,weekday,false,,190,5894.29,585.28,187024.0,117,125,671.9,3185.91,186.9186,1.0547,2.0267
2024-10-31,yellow,Yellow Medallion Taxi,weekday,false,,9910,294284.38,24342.08,7827413.0,6402,6926,30623.14,150059.03,9964.769,23.3993,-78.1683
2024-11-01,fhvhv,High Volume For Hire Vehicle,weekday,false,,73966,2370093.57,329871.47,105948035.0,19237,73966,95467.33,1927127.74,63182.922,9732.2817,1050.7963
2024-11-01,green,Green Boro Taxi,weekday,false,,211,6558.55,638.55,206403.0,142,153,835.54,3864.79,186.0365,27.6834,-2.7199
2024-11-01,yellow,Yellow Medallion Taxi,weekday,false,,11643,345068.07,28601.15,9129633.0,7448,8112,35348.42,175319.16,10009.8091,1533.2974,99.8935
2024-11-02,fhvhv,High Volume For Hire Vehicle,weekend,false,,79355,2424541.37,353289.47,102587775.0,20695,79355,98019.4,1966638.74,63410.6787,14428.4167,1515.9046
2024-11-02,green,Green Boro Taxi,weekend,false,,229,6529.52,660.02,192737.0,163,172,803.8,3921.32,184.5261,46.0959,-1.622
2024-11-02,yellow,Yellow Medallion Taxi,weekend,false,,12420,348674.95,30006.73,8740390.0,7952,8579,36076.84,176640.61,10050.2491,2339.1564,30.5945
2024-11-03,fhvhv,High Volume For Hire Vehicle,weekend,false,,57846,1774604.09,258628.74,75257187.0,15194,57846,72188.07,1439973.38,63623.9933,-6157.7357,379.7424
2024-11-03,green,Green Boro Taxi,weekend,false,,167,4906.97,509.32,147001.0,113,130,557.2,2966.62,182.9916,-25.4738,9.4822
2024-11-03,yellow,Yellow Medallion Taxi,weekend,false,,9194,259325.06,22253.17,6438206.0,5980,6485,26983.58,133313.51,10083.185,-934.3703,45.1853
2024-11-04,fhvhv,High Volume For Hire Vehicle,weekday,false,,55120,1760845.7,245073.84,78754705.0,14204,55120,69921.98,1432887.54,63822.0669,-8802.15,100.0831
2024-11-04,green,Green Boro Taxi,weekday,false,,188,5970.18,594.93,190779.0,124,134,693.37,3504.57,181.6288,-30.7855,37.1568
2024-11-04,yellow,Yellow Medallion Taxi,weekday,false,,8797,259902.12,21640.02,6913162.0,5607,6064,26799.23,131404.75,10108.5168,-1398.4353,86.9185
2024-11-05,fhvhv,High Volume For Hire Vehicle,weekday,true,Election Day,35892,1150246.21,160022.22,51504955.0,9285,35892,46033.81,935891.42,64004.5616,-6597.4721,-21515.0895
2024-11-05,green,Green Boro Taxi,weekday,true,Election Day,115,3546.97,343.06,114154.0,73,79,432.45,2088.01,180.3458,-20.3667,-44.9791
2024-11-05,yellow,Yellow Medallion Taxi,weekday,true,Election Day,5759,172743.04,14321.71,4620132.0,3722,4015,17902.95,88247.63,10127.6204,-1036.5124,-3332.108
2024-11-06,fhvhv,High Volume For Hire Vehicle,weekday,false,,61033,1954300.61,272004.4,87491314.0,15684,61033,77529.09,1590422.8,64132.5931,-3256.9833,157.3901
2024-11-06,green,Green Boro Taxi,weekday,false,,175,4882.99,480.55,151595.0,101,107,526.66,2457.23,178.9032,-1.4606,-2.4426
2024-11-06,yellow,Yellow Medallion Taxi,weekday,false,,9583,284562.72,23591.84,7607506.0,6170,6690,29379.55,145706.86,10139.3723,-552.7936,-3.5787
2024-11-07,fhvhv,High Volume For Hire Vehicle,weekday,false,,65883,2096268.74,291348.29,93630214.0,17131,65883,83213.43,1705121.38,64175.6565,571.9734,1135.3701
2024-11-07,green,Green Boro Taxi,weekday,false,,174,5128.31,494.09,155979.0,113,118,615.44,2830.79,177.5086,0.9925,-4.5011
2024-11-07,yellow,Yellow Medallion Taxi,weekday,false,,10328,304553.35,25309.61,8132929.0,6700,7239,31862.07,154615.73,10146.2248,107.0687,74.7065
2024-11-08,fhvhv,High Volume For Hire Vehicle,weekday,false,,74240,2367722.3,329840.53,105753108.0,19358,74240,94500.73,1926578.54,64183.122,9782.4292,274.4489
2024-11-08,green,Green Boro Taxi,weekday,false,,214,7086.36,690.52,232454.0,137,148,831.98,4144.57,176.6402,34.7752,2.5846
2024-11-08,yellow,Yellow Medallion Taxi,weekday,false,,11602,339318.03,28131.5,9052847.0,7477,8073,35190.15,171169.98,10153.1676,1503.6111,-54.7787
2024-11-09,fhvhv,High Volume For Hire Vehicle,weekend,false,,78832,2417683.15,352802.22,102465186.0,20574,78832,97081.42,1962193.81,64191.675,14542.9716,97.3535
2024-11-09,green,Green Boro Taxi,weekend,false,,248,7642.14,802.68,231496.0,156,164,903.47,4314.22,176.8802,42.0943,29.0255
2024-11-09,yellow,Yellow Medallion Taxi,weekend,false,,12396,351834.32,30430.0,8871044.0,8017,8705,36442.87,180606.78,10158.7181,2315.1004,-77.8185
2024-11-10,fhvhv,High Volume For Hire Vehicle,weekend,false,,57911,1767640.05,257378.66,74878522.0,15082,57911,70850.7,1434463.93,64194.2628,-6135.2372,-148.0257
2024-11-10,green,Green Boro Taxi,weekend,false,,149,4100.31,423.37,122088.0,92,99,448.06,2225.46,178.2914,-21.697,-7.5943
2024-11-10,yellow,Yellow Medallion Taxi,weekend,false,,9204,259450.61,22391.75,6506364.0,5857,6359,26198.13,129888.48,10163.101,-969.7291,10.6281
2024-11-11,fhvhv,High Volume For Hire Vehicle,weekday,true,Veterans Day,34132,1090363.05,152128.16,48681725.0,8845,34132,43892.39,887230.31,64186.3852,-8962.2156,-21092.1697
2024-11-11,green,Green Boro Taxi,weekday,true,Veterans Day,79,2682.47,255.82,91065.0,54,60,313.76,1642.79,179.8489,-31.5107,-69.3381
2024-11-11,yellow,Yellow Medallion Taxi,weekday,true,Veterans Day,5372,160727.54,13265.75,4259911.0,3475,3735,16827.03,81832.3,10169.0432,-1370.1095,-3426.9336
2024-11-12,fhvhv,High Volume For Hire Vehicle,weekday,false,,57385,1841837.9,256153.99,82412616.0,15049,57385,74989.79,1497499.81,64188.4628,-6606.1969,-197.2658
2024-11-12,green,Green Boro Taxi,weekday,false,,146,5101.05,496.72,168291.0,103,110,640.84,3246.66,181.1039,-25.2873,-9.8165
2024-11-12,yellow,Yellow Medallion Taxi,weekday,false,,9155,271495.93,22374.43,7157349.0,5853,6374,27846.88,137282.85,10175.0234,-1033.5909,13.5675
2024-11-13,fhvhv,High Volume For Hire Vehicle,weekday,false,,60664,1944125.02,270540.97,86974802.0,15678,60664,78239.88,1581266.16,64210.4314,-3264.2116,-282.2197
2024-11-13,green,Green Boro Taxi,weekday,false,,191,5396.34,534.87,168464.0,118,128,564.97,2821.46,182.2544,2.2479,6.4977
2024-11-13,yellow,Yellow Medallion Taxi,weekday,false,,9684,286050.81,23706.66,7616974.0,6243,6766,29524.55,145950.63,10178.9359,-571.4401,76.5042
2024-11-14,fhvhv,High Volume For Hire Vehicle,weekday,false,,65009,2091328.19,291160.99,93575615.0,16969,65009,85544.44,1700249.26,64250.1123,615.7872,143.1005
2024-11-14,green,Green Boro Taxi,weekday,false,,191,6220.0,616.63,196885.0,135,144,789.51,3749.21,183.604,-1.8739,9.2699
2024-11-14,yellow,Yellow Medallion Taxi,weekday,false,,10376,308460.88,25485.53,8196388.0,6671,7185,32008.39,156680.68,10179.4728,199.6471,-3.1199
2024-11-15,fhvhv,High Volume For Hire Vehicle,weekday,false,,73921,2368597.56,329570.24,105918659.0,19074,73921,95699.98,1926080.01,64312.2961,9812.1474,-203.4435
2024-11-15,green,Green Boro Taxi,weekday,false,,227,7224.56,725.73,228427.0,145,159,846.91,4197.54,185.1276,40.6482,1.2242
2024-11-15,yellow,Yellow Medallion Taxi,weekday,false,,11620,343676.24,28362.23,9095819.0,7414,8048,35054.43,172940.92,10172.7963,1472.0926,-24.8888
2024-11-16,fhvhv,High Volume For Hire Vehicle,weekend,false,,79015,2416021.03,352341.6,102439829.0,20313,79015,95982.39,1961919.98,64395.554,14691.3206,-71.8746
2024-11-16,green,Green Boro Taxi,weekend,false,,227,6999.14,729.49,209535.0,151,158,848.08,3967.98,186.348,38.4286,2.2233
2024-11-16,yellow,Yellow Medallion Taxi,weekend,false,,12582,354099.99,30374.79,8846680.0,8076,8703,36494.04,179932.77,10159.1392,2279.276,143.5849
2024-11-17,fhvhv,High Volume For Hire Vehicle,weekend,false,,58427,1791593.9,262077.49,76061173.0,14951,58427,70127.8,1456503.71,64484.3242,-6183.3512,126.027
2024-11-17,green,Green Boro Taxi,weekend,false,,169,4936.0,478.1,151344.0,121,130,607.47,3062.7,187.0105,-16.247,-1.7635
2024-11-17,yellow,Yellow Medallion Taxi,weekend,false,,9155,259013.89,22300.52,6513891.0,5901,6367,26570.61,131690.77,10143.9254,-1032.3233,43.3979
2024-11-18,fhvhv,High Volume For Hire Vehicle,weekday,false,,55614,1778059.57,247739.57,79502377.0,14399,55614,70400.59,1447006.08,64569.1216,-9153.5777,198.4561
2024-11-18,green,Green Boro Taxi,weekday,false,,141,4275.67,426.96,134641.0,78,84,488.9,2270.92,187.0734,-40.7282,-5.3452
2024-11-18,yellow,Yellow Medallion Taxi,weekday,false,,8731,258543.91,21501.8,6927664.0,5627,6070,26553.4,130411.38,10129.2681,-1349.5055,-48.7627
2024-11-19,fhvhv,High Volume For Hire Vehicle,weekday,false,,58188,1869314.18,260654.59,83642668.0,14963,58188,74690.62,1520907.56,64636.3371,-6490.912,42.5749
2024-11-19,green,Green Boro Taxi,weekday,false,,161,5301.48,513.97,172873.0,98,108,648.96,3074.32,186.7204,-25.5202,-0.2002
2024-11-19,yellow,Yellow Medallion Taxi,weekday,false,,9044,268149.12,22027.96,7108280.0,5853,6318,27806.19,136097.7,10114.7826,-1009.3884,-61.3943
2024-11-20,fhvhv,High Volume For Hire Vehicle,weekday,false,,61574,1966566.7,273696.73,87893432.0,15945,61574,79112.15,1599781.08,64673.0971,-3192.2957,93.1986
2024-11-20,green,Green Boro Taxi,weekday,false,,199,6780.42,691.37,224705.0,107,127,693.63,3588.54,186.5484,-0.1028,12.5544
2024-11-20,yellow,Yellow Medallion Taxi,weekday,false,,9474,280116.58,23140.24,7449545.0,6154,6618,29569.53,143040.29,10102.6242,-581.0897,-47.5345
2024-11-21,fhvhv,High Volume For Hire Vehicle,weekday,false,,65345,2098141.75,292418.27,93835286.0,16982,65345,84935.39,1706548.49,64682.7514,708.9999,-46.7512
2024-11-21,green,Green Boro Taxi,weekday,false,,163,5102.55,501.68,169710.0,102,116,518.64,2764.88,186.7064,-1.8689,-21.8375
2024-11-21,yellow,Yellow Medallion Taxi,weekday,false,,10369,303417.15,25229.26,8090058.0,6685,7249,31340.28,154152.64,10093.8225,262.4821,12.6953
2024-11-22,fhvhv,High Volume For Hire Vehicle,weekday,false,,74601,2394865.86,333070.22,107124212.0,19536,74601,97937.42,1946777.05,64667.9406,9724.1648,208.8946
2024-11-22,green,Green Boro Taxi,weekday,false,,234,7329.44,735.71,231351.0,154,164,862.43,4282.48,186.9735,39.2561,7.7705
2024-11-22,yellow,Yellow Medallion Taxi,weekday,false,,11588,338289.38,27949.4,8943931.0,7510,8085,35161.52,171282.41,10090.3766,1460.9159,36.7075
2024-11-23,fhvhv,High Volume For Hire Vehicle,weekend,false,,79744,2445425.81,355672.55,103844896.0,20707,79744,97461.46,1984314.63,64635.5482,14551.2292,557.2226
2024-11-23,green,Green Boro Taxi,weekend,false,,212,6374.05,668.47,202557.0,132,143,634.02,3317.01,187.0766,33.6682,-8.7448
2024-11-23,yellow,Yellow Medallion Taxi,weekend,false,,12312,349801.44,30053.86,8770779.0,7867,8522,35843.42,176150.02,10093.6674,2282.7206,-64.388
2024-11-24,fhvhv,High Volume For Hire Vehicle,weekend,false,,58455,1804047.42,263066.07,76662968.0,15348,58455,72912.2,1463946.65,64590.8326,-6196.6442,60.8116
2024-11-24,green,Green Boro Taxi,weekend,false,,172,4887.11,492.65,148353.0,109,119,551.12,2627.33,186.5787,-10.8485,-3.7303
2024-11-24,yellow,Yellow Medallion Taxi,weekend,false,,8967,253971.55,21912.68,6357371.0,5825,6295,26543.01,130481.5,10100.5844,-1083.2474,-50.3371
2024-11-25,fhvhv,High Volume For Hire Vehicle,weekday,false,,54939,1756791.05,244104.01,78635447.0,14355,54939,70146.89,1429118.44,64521.4091,-9357.5616,-224.8475
2024-11-25,green,Green Boro Taxi,weekday,false,,172,5351.97,524.57,175964.0,106,116,540.95,2660.32,185.941,-24.7704,10.8294
2024-11-25,yellow,Yellow Medallion Taxi,weekday,false,,8831,260834.11,21519.04,6962430.0,5738,6202,27283.38,133517.46,10096.0015,-1352.0864,87.0849
2024-11-26,fhvhv,High Volume For Hire Vehicle,weekday,false,,58336,1875376.33,261656.19,83989462.0,14995,58336,73679.57,1526628.88,64337.4024,-6254.4241,253.0217
2024-11-26,green,Green Boro Taxi,weekday,false,,194,5617.37,551.79,179064.0,119,132,597.92,3062.82,185.9155,-22.9241,31.0086
2024-11-26,yellow,Yellow Medallion Taxi,weekday,false,,9140,271102.15,22502.68,7169690.0,5891,6357,27763.5,137025.04,10047.0274,-967.4095,60.3821
2024-11-27,fhvhv,High Volume For Hire Vehicle,weekday,false,,61157,1962630.44,273003.9,87866705.0,15935,61157,79131.37,1596291.48,64008.8599,-3159.4148,307.5549
2024-11-27,green,Green Boro Taxi,weekday,false,,175,5628.51,569.96,180820.0,110,118,613.79,3008.75,186.4537,-10.8596,-0.5942
2024-11-27,yellow,Yellow Medallion Taxi,weekday,false,,9864,292134.16,24113.49,7765987.0,6293,6795,29949.25,146369.11,9997.1952,-600.9702,467.7749
2024-11-28,fhvhv,High Volume For Hire Vehicle,weekday,true,Thanksgiving Day,40993,1316101.28,183613.4,58843552.0,10583,40993,52119.69,1070698.8,63712.729,807.5824,-23527.3114
2024-11-28,green,Green Boro Taxi,weekday,true,Thanksgiving Day,115,3617.02,366.83,114548.0,76,82,414.12,2079.77,187.0039,-5.6809,-66.3229
2024-11-28,yellow,Yellow Medallion Taxi,weekday,true,Thanksgiving Day,6495,193676.99,16031.98,5150754.0,4139,4536,19681.95,99311.03,9965.8023,252.1767,-3722.979
2024-11-29,fhvhv,High Volume For Hire Vehicle,weekday,false,,74926,2394158.8,333230.65,106950462.0,19445,74926,96160.33,1947018.29,63451.9364,9640.1058,1833.9579
2024-11-29,green,Green Boro Taxi,weekday,false,,212,6192.61,615.67,194479.0,134,147,681.41,3531.33,187.3319,40.0837,-15.4155
2024-11-29,yellow,Yellow Medallion Taxi,weekday,false,,11843,351853.55,29170.06,9409662.0,7598,8196,36209.0,177196.93,9939.6561,1471.5002,431.8438
2024-11-30,fhvhv,High Volume For Hire Vehicle,weekend,false,,79418,2425802.29,353052.03,102834792.0,20522,79418,96778.28,1968695.21,63207.5623,14456.5625,1753.8752
2024-11-30,green,Green Boro Taxi,weekend,false,,218,6987.85,719.99,221899.0,130,143,782.2,3849.46,187.2433,31.2471,-0.4904
2024-11-30,yellow,Yellow Medallion Taxi,weekend,false,,12492,354644.76,30801.55,8903358.0,8085,8721,36745.62,180989.74,9905.3271,2276.4745,310.1984
2024-12-01,fhvhv,High Volume For Hire Vehicle,weekend,false,,56129,1721226.84,250776.99,72917793.0,14725,56129,69276.4,1395948.23,62940.4138,-6213.8777,-597.5361
2024-12-01,green,Green Boro Taxi,weekend,false,,189,5392.51,537.25,162940.0,120,130,669.02,3125.2,187.089,-6.8716,8.7827
2024-12-01,yellow,Yellow Medallion Taxi,weekend,false,,8676,247403.08,21302.7,6214141.0,5534,6036,25263.68,125618.21,9854.4484,-1082.5738,-95.8746
2024-12-02,fhvhv,High Volume For Hire Vehicle,weekday,false,,53092,1699507.04,236954.77,75910730.0,13801,53092,68738.54,1382374.64,62603.2478,-9366.1906,-145.0572
2024-12-02,green,Green Boro Taxi,weekday,false,,173,4657.67,447.46,141192.0,122,133,553.85,2973.05,187.1863,-18.0067,3.8204
2024-12-02,yellow,Yellow Medallion Taxi,weekday,false,,8426,247797.59,20513.39,6605161.0,5398,5847,25408.07,124931.25,9806.389,-1370.4472,-9.9417
2024-12-03,fhvhv,High Volume For Hire Vehicle,weekday,false,,56141,1804087.66,251182.62,80825369.0,14538,56141,72461.77,1467944.82,62326.3911,-6087.5393,-97.8518
2024-12-03,green,Green Boro Taxi,weekday,false,,171,5357.75,528.97,169562.0,108,120,621.99,2956.39,187.1538,-19.3107,3.1569
2024-12-03,yellow,Yellow Medallion Taxi,weekday,false,,8872,263914.39,21901.0,7028381.0,5794,6230,27426.45,134335.72,9803.9824,-942.9863,11.0039
2024-12-04,fhvhv,High Volume For Hire Vehicle,weekday,false,,58988,1899155.01,265493.97,85089042.0,15363,58988,76382.48,1546896.67,62243.8234,-3209.8811,-45.9422
2024-12-04,green,Green Boro Taxi,weekday,false,,156,4780.95,471.17,150932.0,108,114,546.22,2847.8,186.6991,-23.9505,-6.7486
2024-12-04,yellow,Yellow Medallion Taxi,weekday,false,,9234,271481.94,22423.08,7228864.0,5917,6409,27933.78,137586.12,9812.1072,-612.2617,34.1545
2024-12-05,fhvhv,High Volume For Hire Vehicle,weekday,false,,63064,2027035.02,282066.04,90877671.0,16267,63064,81212.44,1649557.54,62225.7356,917.6853,-79.4209
2024-12-05,green,Green Boro Taxi,weekday,false,,182,5647.95,576.07,180111.0,110,125,589.65,2957.59,185.5624,-7.5816,4.0192
2024-12-05,yellow,Yellow Medallion Taxi,weekday,false,,9661,282796.35,23531.55,7548470.0,6232,6683,28781.18,141423.0,9819.6606,260.1567,-418.8174
2024-12-06,fhvhv,High Volume For Hire Vehicle,weekday,false,,71678,2308623.58,322389.35,103372798.0,18631,71678,92512.53,1879062.98,62231.8492,9563.7887,-117.638
2024-12-06,green,Green Boro Taxi,weekday,false,,186,5364.42,532.55,165576.0,120,137,589.03,3160.32,184.0817,41.202,-39.2837
2024-12-06,yellow,Yellow Medallion Taxi,weekday,false,,11258,332433.99,27488.25,8830507.0,7229,7785,34240.98,168220.3,9823.6659,1477.0968,-42.7627
2024-12-07,fhvhv,High Volume For Hire Vehicle,weekend,false,,76405,2347016.74,342297.78,99435328.0,19979,76405,94772.71,1903592.22,62250.9023,14320.3103,-166.2125
2024-12-07,green,Green Boro Taxi,weekend,false,,213,6351.37,659.35,181116.0,146,155,860.75,3899.98,182.4212,33.8,-3.2212
2024-12-07,yellow,Yellow Medallion Taxi,weekend,false,,12151,343479.03,29511.01,8658061.0,7838,8443,35106.68,172936.67,9824.6862,2260.1914,66.1224
2024-12-08,fhvhv,High Volume For Hire Vehicle,weekend,false,,56090,1716703.87,249829.83,72821001.0,14704,56090,69273.23,1393073.81,62273.3884,-6234.7299,51.3414
2024-12-08,green,Green Boro Taxi,weekend,false,,181,5182.35,523.17,155848.0,125,135,629.58,3113.27,181.0186,-6.7329,6.7143
2024-12-08,yellow,Yellow Medallion Taxi,weekend,false,,8768,251021.38,21729.41,6332829.0,5662,6112,26260.84,128454.92,9825.1309,-1028.7465,-28.3844
2024-12-09,fhvhv,High Volume For Hire Vehicle,weekday,false,,53925,1718291.1,238832.49,76650812.0,14028,53925,69372.24,1396471.42,62299.2778,-9253.0796,878.8017
2024-12-09,green,Green Boro Taxi,weekday,false,,133,4205.99,432.96,133147.0,74,83,447.88,2198.08,179.7999,-14.3833,-32.4166
2024-12-09,yellow,Yellow Medallion Taxi,weekday,false,,8692,255828.23,21191.86,6829485.0,5519,5958,25993.84,127784.23,9824.6762,-1415.3468,282.6706
2024-12-10,fhvhv,High Volume For Hire Vehicle,weekday,false,,56366,1800007.28,250581.53,80371707.0,14670,56366,72442.42,1463745.13,62328.5891,-6050.7493,88.1602
2024-12-10,green,Green Boro Taxi,weekday,false,,154,4815.56,470.03,160015.0,96,106,511.1,2599.56,178.4321,-14.3966,-10.0355
2024-12-10,yellow,Yellow Medallion Taxi,weekday,false,,8928,260265.54,21602.56,6957423.0,5665,6146,26232.42,130652.12,9825.2621,-969.8081,72.546
2024-12-11,fhvhv,High Volume For Hire Vehicle,weekday,false,,58985,1904304.75,265211.0,85344472.0,15423,58985,77952.06,1548639.23,62363.0172,-3388.3533,10.3361
2024-12-11,green,Green Boro Taxi,weekday,false,,145,4383.5,447.88,139278.0,80,92,439.04,2320.86,176.7875,-41.8863,10.0988
2024-12-11,yellow,Yellow Medallion Taxi,weekday,false,,9131,267902.67,22112.42,7090687.0,5912,6374,27444.89,135319.35,9827.1027,-589.6019,-106.5008
2024-12-12,fhvhv,High Volume For Hire Vehicle,weekday,false,,63579,2041799.88,284414.62,91401241.0,16628,63579,82216.75,1661149.2,62399.3886,1055.6448,123.9667
2024-12-12,green,Green Boro Taxi,weekday,false,,163,5172.68,501.94,163836.0,115,125,647.51,3195.33,175.251,-0.4383,-11.8126
2024-12-12,yellow,Yellow Medallion Taxi,weekday,false,,10071,294777.91,24287.82,7813403.0,6439,6928,30264.98,147674.55,9827.613,259.2912,-15.9042
2024-12-13,fhvhv,High Volume For Hire Vehicle,weekday,false,,71870,2306841.08,321605.72,103384190.0,18402,71870,90953.33,1878541.95,62428.7403,9494.8879,-53.6282
2024-12-13,green,Green Boro Taxi,weekday,false,,225,7160.22,710.14,233540.0,144,159,787.1,4326.04,174.0376,40.9432,10.0192
2024-12-13,yellow,Yellow Medallion Taxi,weekday,false,,11354,332737.04,27685.67,8877842.0,7294,7900,34180.66,166880.62,9826.7051,1478.4741,48.8208
2024-12-14,fhvhv,High Volume For Hire Vehicle,weekend,false,,76711,2342935.5,341403.7,99190556.0,20024,76711,94045.61,1901080.81,62444.6441,14340.2496,-73.8937
2024-12-14,green,Green Boro Taxi,weekend,false,,213,6372.45,669.7,185394.0,144,152,813.18,3720.99,173.8247,39.6597,-0.4844
2024-12-14,yellow,Yellow Medallion Taxi,weekend,false,,12035,343301.15,29664.73,8682857.0,7686,8338,35500.1,174318.54,9825.8725,2268.8814,-59.7539
2024-12-15,fhvhv,High Volume For Hire Vehicle,weekend,false,,56132,1713283.89,249278.05,72517465.0,14720,56132,68839.73,1389477.41,62452.8896,-6219.9614,-100.9282
2024-12-15,green,Green Boro Taxi,weekend,false,,156,4652.25,488.8,143900.0,93,102,488.14,2520.18,174.319,-8.0346,-10.2844
2024-12-15,yellow,Yellow Medallion Taxi,weekend,false,,8963,251950.86,21640.33,6301100.0,5792,6268,26359.32,128530.63,9822.9038,-951.7771,91.8733
2024-12-16,fhvhv,High Volume For Hire Vehicle,weekday,false,,53484,1704158.54,237556.93,76112416.0,13729,53484,66664.78,1387147.52,62465.2884,-9096.1292,114.8408
2024-12-16,green,Green Boro Taxi,weekday,false,,154,4814.5,457.24,154358.0,98,105,589.63,2739.05,174.3325,-12.397,-7.9355
2024-12-16,yellow,Yellow Medallion Taxi,weekday,false,,8352,246383.41,20630.6,6626783.0,5387,5797,25544.52,124944.72,9817.2943,-1485.8852,20.5909
2024-12-17,fhvhv,High Volume For Hire Vehicle,weekday,false,,56523,1814286.64,252660.51,81191908.0,14680,56523,72674.16,1475840.39,62484.3141,-6129.9218,168.6077
2024-12-17,green,Green Boro Taxi,weekday,false,,186,6024.58,600.29,196393.0,115,124,667.58,3269.27,173.9032,-9.5844,21.6812
2024-12-17,yellow,Yellow Medallion Taxi,weekday,false,,8763,255164.85,20993.05,6742905.0,5637,6080,26043.32,127953.67,9809.5645,-1026.5485,-20.016
2024-12-18,fhvhv,High Volume For Hire Vehicle,weekday,false,,58879,1893128.07,263579.77,84716369.0,15459,58879,76566.24,1539363.14,62499.3271,-3592.0211,-28.3059
2024-12-18,green,Green Boro Taxi,weekday,false,,189,5689.91,557.64,177090.0,131,139,709.86,3481.17,173.6651,-59.2996,74.6345
2024-12-18,yellow,Yellow Medallion Taxi,weekday,false,,9273,274365.55,22741.61,7327296.0,5933,6419,28250.31,138091.82,9798.6832,-563.3403,37.6571
2024-12-19,fhvhv,High Volume For Hire Vehicle,weekday,false,,63255,2030056.63,282385.84,90899676.0,16618,63255,82067.03,1651253.36,62503.2256,1210.5923,-458.8179
2024-12-19,green,Green Boro Taxi,weekday,false,,193,5548.42,530.02,171182.0,131,137,697.95,3258.34,173.5576,5.3272,14.1151
2024-12-19,yellow,Yellow Medallion Taxi,weekday,false,,10063,297821.72,24565.15,7887022.0,6476,6983,30799.43,151072.04,9786.853,256.7567,19.3903
2024-12-20,fhvhv,High Volume For Hire Vehicle,weekday,false,,71960,2307158.51,321755.08,103220029.0,18611,71960,91507.22,1877766.13,62495.7788,9446.005,18.2163
2024-12-20,green,Green Boro Taxi,weekday,false,,215,6488.82,632.6,205416.0,147,156,771.67,3766.61,173.7783,40.8085,0.4132
2024-12-20,yellow,Yellow Medallion Taxi,weekday,false,,11237,331053.9,27355.72,8754272.0,7189,7850,34110.42,169016.0,9777.1919,1483.211,-23.4029
2024-12-21,fhvhv,High Volume For Hire Vehicle,weekend,false,,77194,2355649.33,342529.55,99875608.0,19964,77194,94466.5,1911626.85,62485.705,14360.5949,347.7001
2024-12-21,green,Green Boro Taxi,weekend,false,,216,5853.61,595.95,172268.0,134,143,674.86,3211.99,173.7922,46.1301,-3.9223
2024-12-21,yellow,Yellow Medallion Taxi,weekend,false,,11969,337141.65,29023.5,8447917.0,7719,8319,35237.06,171689.57,9775.9881,2290.0705,-97.0586
2024-12-22,fhvhv,High Volume For Hire Vehicle,weekend,false,,56422,1726693.71,251332.53,73212425.0,14714,56422,68956.73,1401010.59,62481.5519,-6228.2286,168.6767
2024-12-22,green,Green Boro Taxi,weekend,false,,158,4676.2,493.79,142311.0,97,107,496.38,2439.17,172.6733,-9.1711,-5.5022
2024-12-22,yellow,Yellow Medallion Taxi,weekend,false,,8896,252612.57,21879.74,6349369.0,5727,6161,26222.31,128354.69,9784.5778,-874.3456,-14.2322
2024-12-23,fhvhv,High Volume For Hire Vehicle,weekday,false,,53381,1709141.43,238482.29,76636139.0,13730,53381,66475.4,1393165.4,62481.4436,-8928.3988,-172.0447
2024-12-23,green,Green Boro Taxi,weekday,false,,169,5308.54,533.77,173661.0,102,113,531.1,2840.84,171.0536,-11.1906,9.137
2024-12-23,yellow,Yellow Medallion Taxi,weekday,false,,8650,251376.3,20799.53,6678964.0,5501,5971,25580.59,126148.16,9799.1346,-1554.6351,405.5005
2024-12-24,fhvhv,High Volume For Hire Vehicle,weekday,false,,56013,1797164.48,250672.98,80443962.0,14448,56013,72049.47,1462948.26,62481.0992,-6200.9372,-267.162
2024-12-24,green,Green Boro Taxi,weekday,false,,163,5721.68,582.85,182314.0,112,125,731.31,3582.37,170.0397,-4.173,-2.8667
2024-12-24,yellow,Yellow Medallion Taxi,weekday,false,,8682,255291.58,21107.29,6775384.0,5556,6001,25833.8,127999.72,9816.3242,-1084.6587,-49.6655
2024-12-25,fhvhv,High Volume For Hire Vehicle,weekday,true,Christmas Day,36623,1165760.95,161893.36,52015306.0,9553,36623,47293.33,947439.41,62482.7594,-3805.3484,-22054.4109
2024-12-25,green,Green Boro Taxi,weekday,true,Christmas Day,90,2979.82,314.8,95661.0,59,64,284.63,1556.03,169.8015,-76.7677,-3.0338
2024-12-25,yellow,Yellow Medallion Taxi,weekday,true,Christmas Day,5879,176168.71,14592.16,4707654.0,3777,4084,18457.69,90350.61,9843.5347,-531.3129,-3433.2218
2024-12-26,fhvhv,High Volume For Hire Vehicle,weekday,false,,63950,2052837.45,285655.92,91921093.0,16806,63950,83074.49,1669919.73,62489.1609,1359.9181,100.9211
2024-12-26,green,Green Boro Taxi,weekday,false,,177,5785.67,565.55,180539.0,126,135,774.68,3585.67,169.4961,11.3242,-3.8203
2024-12-26,yellow,Yellow Medallion Taxi,weekday,false,,10106,299996.51,24978.11,8050534.0,6552,7067,31072.16,153066.89,9871.0771,252.462,-17.5391
2024-12-27,fhvhv,High Volume For Hire Vehicle,weekday,false,,71919,2313504.58,322024.94,103589835.0,18826,71919,93447.69,1881423.76,62497.4477,9407.7447,13.8076
2024-12-27,green,Green Boro Taxi,weekday,false,,205,6451.36,641.75,200154.0,149,156,804.37,3878.64,169.175,39.8589,-4.034
2024-12-27,yellow,Yellow Medallion Taxi,weekday,false,,11378,337856.63,28002.52,8991497.0,7381,7949,35117.78,171391.02,9899.3021,1485.7429,-7.045
2024-12-28,fhvhv,High Volume For Hire Vehicle,weekend,false,,76775,2348651.35,342114.69,99655282.0,19886,76775,94306.17,1906926.16,62507.0789,14389.1551,-121.234
2024-12-28,green,Green Boro Taxi,weekend,false,,225,7331.16,758.72,224480.0,145,155,921.6,4460.76,168.8846,52.856,3.2594
2024-12-28,yellow,Yellow Medallion Taxi,weekend,false,,12305,352520.02,30364.66,8781658.0,7909,8550,36332.36,179876.14,9928.2799,2313.1482,63.5718
2024-12-29,fhvhv,High Volume For Hire Vehicle,weekend,false,,56200,1720951.21,250771.46,72921948.0,14692,56200,69897.05,1396297.16,62517.7849,-6237.7498,-80.0351
2024-12-29,green,Green Boro Taxi,weekend,false,,165,5021.92,527.38,154454.0,106,121,549.38,2938.06,168.6481,-10.1638,6.5157
2024-12-29,yellow,Yellow Medallion Taxi,weekend,false,,9129,262458.4,22586.47,6598964.0,5837,6314,27016.32,133290.94,9957.9003,-800.5382,-28.3621
2024-12-30,fhvhv,High Volume For Hire Vehicle,weekday,false,,53835,1733045.12,241464.35,77459806.0,14034,53835,69739.53,1408390.46,62529.7242,-8766.7553,72.031
2024-12-30,green,Green Boro Taxi,weekday,false,,156,5034.63,508.03,159651.0,104,112,594.0,2924.51,168.4647,-9.5084,-2.9562
2024-12-30,yellow,Yellow Medallion Taxi,weekday,false,,8346,246859.63,20434.64,6603549.0,5351,5803,25765.83,125713.36,9987.9411,-1625.3492,-16.5919
2024-12-31,fhvhv,High Volume For Hire Vehicle,weekday,false,,56335,1803644.1,250871.95,80614381.0,14698,56335,72838.69,1466345.63,62543.2008,-6285.1797,76.9789
2024-12-31,green,Green Boro Taxi,weekday,false,,170,4859.01,460.74,151889.0,106,111,594.57,2802.0,168.3169,1.3507,0.3324
2024-12-31,yellow,Yellow Medallion Taxi,weekday,false,,8893,262441.61,21637.04,6937625.0,5697,6178,27093.28,133269.66,10018.2886,-1145.7282,20.4397
